{"event": "BULK_START", "file": "reviews.csv", "total": 1000, "user_id": 12, "ts": "2026-02-19 19:36:36"}
{"event": "SUCCESS", "row": 1, "user_id": 12, "media_id": 82, "rating": 1, "comment": "Total waste of time", "ts": "2026-02-19 19:36:36"}
{"event": "SUCCESS", "row": 7, "user_id": 12, "media_id": 30, "rating": 5, "comment": "Groundbreaking stuff", "ts": "2026-02-19 19:36:36"}
{"event": "SUCCESS", "row": 20, "user_id": 12, "media_id": 38, "rating": 5, "comment": "Solid 4 out of 5", "ts": "2026-02-19 19:36:36"}
{"event": "SUCCESS", "row": 19, "user_id": 12, "media_id": 49, "rating": 1, "comment": "Weak script", "ts": "2026-02-19 19:36:36"}
{"event": "SUCCESS", "row": 17, "user_id": 12, "media_id": 34, "rating": 1, "comment": "Fresh and original", "ts": "2026-02-19 19:36:36"}
{"event": "SUCCESS", "row": 16, "user_id": 12, "media_id": 46, "rating": 3, "comment": "Groundbreaking stuff", "ts": "2026-02-19 19:36:36"}
{"event": "SUCCESS", "row": 2, "user_id": 12, "media_id": 95, "rating": 3, "comment": "Kept me hooked throughout", "ts": "2026-02-19 19:36:36"}
{"event": "SKIP", "row": 24, "media_id": 30, "reason": "already reviewed", "ts": "2026-02-19 19:36:36"}
{"event": "SUCCESS", "row": 28, "user_id": 12, "media_id": 35, "rating": 1, "comment": "Groundbreaking stuff", "ts": "2026-02-19 19:36:36"}
{"event": "SUCCESS", "row": 22, "user_id": 12, "media_id": 9, "rating": 1, "comment": "Hidden gem", "ts": "2026-02-19 19:36:36"}
{"event": "SKIP", "row": 23, "media_id": 30, "reason": "already reviewed", "ts": "2026-02-19 19:36:36"}
{"event": "SUCCESS", "row": 25, "user_id": 12, "media_id": 36, "rating": 4, "comment": "Would watch again", "ts": "2026-02-19 19:36:36"}
{"event": "SUCCESS", "row": 26, "user_id": 12, "media_id": 47, "rating": 2, "comment": "Solid 4 out of 5", "ts": "2026-02-19 19:36:36"}
{"event": "SKIP", "row": 29, "media_id": 82, "reason": "already reviewed", "ts": "2026-02-19 19:36:36"}
{"event": "SKIP", "row": 27, "media_id": 46, "reason": "already reviewed", "ts": "2026-02-19 19:36:36"}
{"event": "SUCCESS", "row": 35, "user_id": 12, "media_id": 5, "rating": 3, "comment": "Nothing special", "ts": "2026-02-19 19:36:36"}
{"event": "SUCCESS", "row": 33, "user_id": 12, "media_id": 88, "rating": 3, "comment": "Lost interest halfway", "ts": "2026-02-19 19:36:36"}
{"event": "SKIP", "row": 11, "media_id": 36, "reason": "already reviewed", "ts": "2026-02-19 19:36:36"}
{"event": "SUCCESS", "row": 9, "user_id": 12, "media_id": 92, "rating": 5, "comment": "Loved every minute", "ts": "2026-02-19 19:36:36"}
{"event": "SKIP", "row": 32, "media_id": 82, "reason": "already reviewed", "ts": "2026-02-19 19:36:36"}
{"event": "SKIP", "row": 40, "media_id": 34, "reason": "already reviewed", "ts": "2026-02-19 19:36:36"}
{"event": "SUCCESS", "row": 21, "user_id": 12, "media_id": 74, "rating": 2, "comment": "Dry and lifeless", "ts": "2026-02-19 19:36:36"}
{"event": "SUCCESS", "row": 37, "user_id": 12, "media_id": 73, "rating": 3, "comment": "Masterpiece of modern cinema", "ts": "2026-02-19 19:36:36"}
{"event": "SUCCESS", "row": 34, "user_id": 12, "media_id": 100, "rating": 1, "comment": "Not worth the hype", "ts": "2026-02-19 19:36:36"}
{"event": "SUCCESS", "row": 41, "user_id": 12, "media_id": 96, "rating": 5, "comment": "Great background score", "ts": "2026-02-19 19:36:36"}
{"event": "SUCCESS", "row": 6, "user_id": 12, "media_id": 4, "rating": 1, "comment": "Masterpiece of modern cinema", "ts": "2026-02-19 19:36:36"}
{"event": "SKIP", "row": 36, "media_id": 35, "reason": "already reviewed", "ts": "2026-02-19 19:36:36"}
{"event": "SUCCESS", "row": 43, "user_id": 12, "media_id": 75, "rating": 4, "comment": "Solid 4 out of 5", "ts": "2026-02-19 19:36:36"}
{"event": "SUCCESS", "row": 44, "user_id": 12, "media_id": 29, "rating": 2, "comment": "Light hearted fun", "ts": "2026-02-19 19:36:36"}
{"event": "SKIP", "row": 45, "media_id": 64, "reason": "already reviewed", "ts": "2026-02-19 19:36:36"}
{"event": "SUCCESS", "row": 50, "user_id": 12, "media_id": 60, "rating": 5, "comment": "Predictable plot but fun", "ts": "2026-02-19 19:36:36"}
{"event": "SUCCESS", "row": 47, "user_id": 12, "media_id": 81, "rating": 2, "comment": "Overhyped trash", "ts": "2026-02-19 19:36:36"}
{"event": "SKIP", "row": 31, "media_id": 60, "reason": "already reviewed", "ts": "2026-02-19 19:36:36"}
{"event": "SUCCESS", "row": 39, "user_id": 12, "media_id": 83, "rating": 4, "comment": "Highly recommended", "ts": "2026-02-19 19:36:36"}
{"event": "SKIP", "row": 42, "media_id": 34, "reason": "already reviewed", "ts": "2026-02-19 19:36:36"}
{"event": "SUCCESS", "row": 48, "user_id": 12, "media_id": 55, "rating": 5, "comment": "Boring and slow paced", "ts": "2026-02-19 19:36:36"}
{"event": "SUCCESS", "row": 4, "user_id": 12, "media_id": 14, "rating": 5, "comment": "Must watch for everyone", "ts": "2026-02-19 19:36:36"}
{"event": "SUCCESS", "row": 3, "user_id": 12, "media_id": 29, "rating": 2, "comment": "Feels recycled", "ts": "2026-02-19 19:36:36"}
{"event": "SUCCESS", "row": 38, "user_id": 12, "media_id": 84, "rating": 4, "comment": "Nothing special", "ts": "2026-02-19 19:36:36"}
{"event": "SUCCESS", "row": 46, "user_id": 12, "media_id": 7, "rating": 1, "comment": "Highly recommended", "ts": "2026-02-19 19:36:36"}
{"event": "SUCCESS", "row": 5, "user_id": 12, "media_id": 76, "rating": 4, "comment": "Mind blowing experience", "ts": "2026-02-19 19:36:36"}
{"event": "SUCCESS", "row": 49, "user_id": 12, "media_id": 50, "rating": 4, "comment": "Groundbreaking stuff", "ts": "2026-02-19 19:36:36"}
{"event": "SUCCESS", "row": 8, "user_id": 12, "media_id": 4, "rating": 5, "comment": "Average at best", "ts": "2026-02-19 19:36:36"}
{"event": "SUCCESS", "row": 30, "user_id": 12, "media_id": 94, "rating": 2, "comment": "Overrated in my opinion", "ts": "2026-02-19 19:36:36"}
{"event": "SUCCESS", "row": 15, "user_id": 12, "media_id": 12, "rating": 4, "comment": "Decent but could be better", "ts": "2026-02-19 19:36:36"}
{"event": "SUCCESS", "row": 10, "user_id": 12, "media_id": 29, "rating": 4, "comment": "Cheesy but enjoyable", "ts": "2026-02-19 19:36:36"}
{"event": "SUCCESS", "row": 14, "user_id": 12, "media_id": 98, "rating": 3, "comment": "Decent but could be better", "ts": "2026-02-19 19:36:36"}
{"event": "SUCCESS", "row": 18, "user_id": 12, "media_id": 59, "rating": 5, "comment": "One of the best I have seen", "ts": "2026-02-19 19:36:36"}
{"event": "SUCCESS", "row": 13, "user_id": 12, "media_id": 36, "rating": 2, "comment": "Masterpiece of modern cinema", "ts": "2026-02-19 19:36:36"}
{"event": "SUCCESS", "row": 12, "user_id": 12, "media_id": 21, "rating": 4, "comment": "Best thing I watched this year", "ts": "2026-02-19 19:36:36"}
{"event": "SKIP", "row": 56, "media_id": 59, "reason": "already reviewed", "ts": "2026-02-19 19:36:36"}
{"event": "SKIP", "row": 55, "media_id": 38, "reason": "already reviewed", "ts": "2026-02-19 19:36:36"}
{"event": "SKIP", "row": 59, "media_id": 14, "reason": "already reviewed", "ts": "2026-02-19 19:36:36"}
{"event": "SUCCESS", "row": 60, "user_id": 12, "media_id": 65, "rating": 5, "comment": "Average at best", "ts": "2026-02-19 19:36:36"}
{"event": "SUCCESS", "row": 70, "user_id": 12, "media_id": 17, "rating": 2, "comment": "Hidden gem", "ts": "2026-02-19 19:36:36"}
{"event": "SKIP", "row": 54, "media_id": 83, "reason": "already reviewed", "ts": "2026-02-19 19:36:36"}
{"event": "SKIP", "row": 76, "media_id": 84, "reason": "already reviewed", "ts": "2026-02-19 19:36:36"}
{"event": "SUCCESS", "row": 74, "user_id": 12, "media_id": 97, "rating": 2, "comment": "Dry and lifeless", "ts": "2026-02-19 19:36:36"}
{"event": "SKIP", "row": 68, "media_id": 94, "reason": "already reviewed", "ts": "2026-02-19 19:36:36"}
{"event": "SKIP", "row": 62, "media_id": 21, "reason": "already reviewed", "ts": "2026-02-19 19:36:36"}
{"event": "SKIP", "row": 67, "media_id": 73, "reason": "already reviewed", "ts": "2026-02-19 19:36:36"}
{"event": "SKIP", "row": 72, "media_id": 34, "reason": "already reviewed", "ts": "2026-02-19 19:36:36"}
{"event": "SKIP", "row": 58, "media_id": 98, "reason": "already reviewed", "ts": "2026-02-19 19:36:36"}
{"event": "SUCCESS", "row": 64, "user_id": 12, "media_id": 42, "rating": 4, "comment": "Total waste of time", "ts": "2026-02-19 19:36:36"}
{"event": "SUCCESS", "row": 66, "user_id": 12, "media_id": 31, "rating": 1, "comment": "Kept me hooked throughout", "ts": "2026-02-19 19:36:36"}
{"event": "SKIP", "row": 81, "media_id": 29, "reason": "already reviewed", "ts": "2026-02-19 19:36:36"}
{"event": "SUCCESS", "row": 82, "user_id": 12, "media_id": 91, "rating": 1, "comment": "Not worth the hype", "ts": "2026-02-19 19:36:36"}
{"event": "SUCCESS", "row": 79, "user_id": 12, "media_id": 44, "rating": 1, "comment": "Cheesy but enjoyable", "ts": "2026-02-19 19:36:36"}
{"event": "SUCCESS", "row": 84, "user_id": 12, "media_id": 10, "rating": 5, "comment": "Kept me hooked throughout", "ts": "2026-02-19 19:36:36"}
{"event": "SKIP", "row": 85, "media_id": 36, "reason": "already reviewed", "ts": "2026-02-19 19:36:36"}
{"event": "SKIP", "row": 69, "media_id": 98, "reason": "already reviewed", "ts": "2026-02-19 19:36:36"}
{"event": "SKIP", "row": 73, "media_id": 55, "reason": "already reviewed", "ts": "2026-02-19 19:36:36"}
{"event": "SUCCESS", "row": 86, "user_id": 12, "media_id": 70, "rating": 2, "comment": "Fresh and original", "ts": "2026-02-19 19:36:36"}
{"event": "SUCCESS", "row": 90, "user_id": 12, "media_id": 85, "rating": 4, "comment": "Terrible ending ruined it", "ts": "2026-02-19 19:36:36"}
{"event": "SKIP", "row": 87, "media_id": 74, "reason": "already reviewed", "ts": "2026-02-19 19:36:36"}
{"event": "SUCCESS", "row": 89, "user_id": 12, "media_id": 25, "rating": 1, "comment": "Decent but could be better", "ts": "2026-02-19 19:36:36"}
{"event": "SKIP", "row": 92, "media_id": 94, "reason": "already reviewed", "ts": "2026-02-19 19:36:36"}
{"event": "SKIP", "row": 96, "media_id": 69, "reason": "already reviewed", "ts": "2026-02-19 19:36:36"}
{"event": "SKIP", "row": 83, "media_id": 9, "reason": "already reviewed", "ts": "2026-02-19 19:36:36"}
{"event": "SUCCESS", "row": 53, "user_id": 12, "media_id": 69, "rating": 3, "comment": "Lost interest halfway", "ts": "2026-02-19 19:36:37"}
{"event": "SUCCESS", "row": 94, "user_id": 12, "media_id": 52, "rating": 3, "comment": "Decent but could be better", "ts": "2026-02-19 19:36:37"}
{"event": "SUCCESS", "row": 51, "user_id": 12, "media_id": 71, "rating": 1, "comment": "Overhyped trash", "ts": "2026-02-19 19:36:37"}
{"event": "SKIP", "row": 97, "media_id": 55, "reason": "already reviewed", "ts": "2026-02-19 19:36:37"}
{"event": "SKIP", "row": 98, "media_id": 60, "reason": "already reviewed", "ts": "2026-02-19 19:36:37"}
{"event": "SKIP", "row": 91, "media_id": 55, "reason": "already reviewed", "ts": "2026-02-19 19:36:37"}
{"event": "SKIP", "row": 100, "media_id": 7, "reason": "already reviewed", "ts": "2026-02-19 19:36:37"}
{"event": "SKIP", "row": 93, "media_id": 84, "reason": "already reviewed", "ts": "2026-02-19 19:36:37"}
{"event": "SUCCESS", "row": 77, "user_id": 12, "media_id": 67, "rating": 4, "comment": "One of the best I have seen", "ts": "2026-02-19 19:36:37"}
{"event": "SUCCESS", "row": 80, "user_id": 12, "media_id": 71, "rating": 2, "comment": "Cheesy but enjoyable", "ts": "2026-02-19 19:36:37"}
{"event": "SUCCESS", "row": 78, "user_id": 12, "media_id": 32, "rating": 2, "comment": "Boring and slow paced", "ts": "2026-02-19 19:36:37"}
{"event": "SUCCESS", "row": 57, "user_id": 12, "media_id": 93, "rating": 3, "comment": "Light hearted fun", "ts": "2026-02-19 19:36:37"}
{"event": "SUCCESS", "row": 99, "user_id": 12, "media_id": 57, "rating": 5, "comment": "Decent but could be better", "ts": "2026-02-19 19:36:37"}
{"event": "SUCCESS", "row": 71, "user_id": 12, "media_id": 61, "rating": 5, "comment": "Overrated in my opinion", "ts": "2026-02-19 19:36:37"}
{"event": "SUCCESS", "row": 65, "user_id": 12, "media_id": 15, "rating": 3, "comment": "Exceeded my expectations", "ts": "2026-02-19 19:36:37"}
{"event": "SUCCESS", "row": 61, "user_id": 12, "media_id": 20, "rating": 3, "comment": "Gripping from start to finish", "ts": "2026-02-19 19:36:37"}
{"event": "SUCCESS", "row": 75, "user_id": 12, "media_id": 40, "rating": 4, "comment": "Hidden gem", "ts": "2026-02-19 19:36:37"}
{"event": "SUCCESS", "row": 95, "user_id": 12, "media_id": 32, "rating": 2, "comment": "Average at best", "ts": "2026-02-19 19:36:37"}
{"event": "SUCCESS", "row": 63, "user_id": 12, "media_id": 68, "rating": 1, "comment": "Groundbreaking stuff", "ts": "2026-02-19 19:36:37"}
{"event": "SUCCESS", "row": 52, "user_id": 12, "media_id": 93, "rating": 1, "comment": "Overhyped trash", "ts": "2026-02-19 19:36:37"}
{"event": "SUCCESS", "row": 88, "user_id": 12, "media_id": 32, "rating": 4, "comment": "Loved every minute", "ts": "2026-02-19 19:36:37"}
{"event": "SKIP", "row": 101, "media_id": 12, "reason": "already reviewed", "ts": "2026-02-19 19:36:37"}
{"event": "SKIP", "row": 111, "media_id": 70, "reason": "already reviewed", "ts": "2026-02-19 19:36:37"}
{"event": "SKIP", "row": 105, "media_id": 50, "reason": "already reviewed", "ts": "2026-02-19 19:36:37"}
{"event": "SKIP", "row": 109, "media_id": 25, "reason": "already reviewed", "ts": "2026-02-19 19:36:37"}
{"event": "SKIP", "row": 108, "media_id": 92, "reason": "already reviewed", "ts": "2026-02-19 19:36:37"}
{"event": "SKIP", "row": 121, "media_id": 85, "reason": "already reviewed", "ts": "2026-02-19 19:36:37"}
{"event": "SUCCESS", "row": 103, "user_id": 12, "media_id": 28, "rating": 4, "comment": "Great storyline and acting", "ts": "2026-02-19 19:36:37"}
{"event": "SKIP", "row": 124, "media_id": 34, "reason": "already reviewed", "ts": "2026-02-19 19:36:37"}
{"event": "SKIP", "row": 114, "media_id": 68, "reason": "already reviewed", "ts": "2026-02-19 19:36:37"}
{"event": "SKIP", "row": 126, "media_id": 41, "reason": "already reviewed", "ts": "2026-02-19 19:36:37"}
{"event": "SKIP", "row": 130, "media_id": 17, "reason": "already reviewed", "ts": "2026-02-19 19:36:37"}
{"event": "SUCCESS", "row": 123, "user_id": 12, "media_id": 27, "rating": 3, "comment": "Kept me hooked throughout", "ts": "2026-02-19 19:36:37"}
{"event": "SKIP", "row": 129, "media_id": 28, "reason": "already reviewed", "ts": "2026-02-19 19:36:37"}
{"event": "SKIP", "row": 122, "media_id": 67, "reason": "already reviewed", "ts": "2026-02-19 19:36:37"}
{"event": "SKIP", "row": 119, "media_id": 75, "reason": "already reviewed", "ts": "2026-02-19 19:36:37"}
{"event": "SKIP", "row": 131, "media_id": 32, "reason": "already reviewed", "ts": "2026-02-19 19:36:37"}
{"event": "SKIP", "row": 112, "media_id": 41, "reason": "already reviewed", "ts": "2026-02-19 19:36:37"}
{"event": "SKIP", "row": 113, "media_id": 75, "reason": "already reviewed", "ts": "2026-02-19 19:36:37"}
{"event": "SUCCESS", "row": 120, "user_id": 12, "media_id": 80, "rating": 1, "comment": "Loved every minute", "ts": "2026-02-19 19:36:37"}
{"event": "SKIP", "row": 133, "media_id": 91, "reason": "already reviewed", "ts": "2026-02-19 19:36:37"}
{"event": "SKIP", "row": 140, "media_id": 27, "reason": "already reviewed", "ts": "2026-02-19 19:36:37"}
{"event": "SKIP", "row": 138, "media_id": 96, "reason": "already reviewed", "ts": "2026-02-19 19:36:37"}
{"event": "SKIP", "row": 134, "media_id": 84, "reason": "already reviewed", "ts": "2026-02-19 19:36:37"}
{"event": "SUCCESS", "row": 135, "user_id": 12, "media_id": 86, "rating": 5, "comment": "Exceeded my expectations", "ts": "2026-02-19 19:36:37"}
{"event": "SKIP", "row": 141, "media_id": 88, "reason": "already reviewed", "ts": "2026-02-19 19:36:37"}
{"event": "SUCCESS", "row": 145, "user_id": 12, "media_id": 99, "rating": 2, "comment": "Would watch again", "ts": "2026-02-19 19:36:37"}
{"event": "SKIP", "row": 132, "media_id": 21, "reason": "already reviewed", "ts": "2026-02-19 19:36:37"}
{"event": "SKIP", "row": 125, "media_id": 86, "reason": "already reviewed", "ts": "2026-02-19 19:36:37"}
{"event": "SKIP", "row": 107, "media_id": 94, "reason": "already reviewed", "ts": "2026-02-19 19:36:37"}
{"event": "SKIP", "row": 136, "media_id": 85, "reason": "already reviewed", "ts": "2026-02-19 19:36:37"}
{"event": "SUCCESS", "row": 102, "user_id": 12, "media_id": 53, "rating": 4, "comment": "Funny and entertaining", "ts": "2026-02-19 19:36:37"}
{"event": "SKIP", "row": 143, "media_id": 12, "reason": "already reviewed", "ts": "2026-02-19 19:36:37"}
{"event": "SKIP", "row": 149, "media_id": 15, "reason": "already reviewed", "ts": "2026-02-19 19:36:37"}
{"event": "SKIP", "row": 150, "media_id": 20, "reason": "already reviewed", "ts": "2026-02-19 19:36:37"}
{"event": "SKIP", "row": 147, "media_id": 57, "reason": "already reviewed", "ts": "2026-02-19 19:36:37"}
{"event": "SKIP", "row": 137, "media_id": 34, "reason": "already reviewed", "ts": "2026-02-19 19:36:37"}
{"event": "SUCCESS", "row": 142, "user_id": 12, "media_id": 63, "rating": 3, "comment": "Great storyline and acting", "ts": "2026-02-19 19:36:37"}
{"event": "SKIP", "row": 127, "media_id": 59, "reason": "already reviewed", "ts": "2026-02-19 19:36:37"}
{"event": "SKIP", "row": 116, "media_id": 9, "reason": "already reviewed", "ts": "2026-02-19 19:36:37"}
{"event": "SKIP", "row": 146, "media_id": 34, "reason": "already reviewed", "ts": "2026-02-19 19:36:37"}
{"event": "SUCCESS", "row": 104, "user_id": 12, "media_id": 22, "rating": 4, "comment": "Absolutely loved it", "ts": "2026-02-19 19:36:37"}
{"event": "SKIP", "row": 139, "media_id": 35, "reason": "already reviewed", "ts": "2026-02-19 19:36:37"}
{"event": "SKIP", "row": 148, "media_id": 55, "reason": "already reviewed", "ts": "2026-02-19 19:36:37"}
{"event": "SUCCESS", "row": 106, "user_id": 12, "media_id": 37, "rating": 4, "comment": "Emotional rollercoaster", "ts": "2026-02-19 19:36:37"}
{"event": "SUCCESS", "row": 144, "user_id": 12, "media_id": 6, "rating": 1, "comment": "Best thing I watched this year", "ts": "2026-02-19 19:36:37"}
{"event": "SUCCESS", "row": 117, "user_id": 12, "media_id": 87, "rating": 2, "comment": "Nothing special", "ts": "2026-02-19 19:36:37"}
{"event": "SUCCESS", "row": 128, "user_id": 12, "media_id": 13, "rating": 1, "comment": "Great background score", "ts": "2026-02-19 19:36:37"}
{"event": "SUCCESS", "row": 110, "user_id": 12, "media_id": 8, "rating": 5, "comment": "Feels recycled", "ts": "2026-02-19 19:36:37"}
{"event": "SUCCESS", "row": 115, "user_id": 12, "media_id": 66, "rating": 1, "comment": "Brilliant direction", "ts": "2026-02-19 19:36:37"}
{"event": "SUCCESS", "row": 118, "user_id": 12, "media_id": 16, "rating": 5, "comment": "Kept me hooked throughout", "ts": "2026-02-19 19:36:37"}
{"event": "SKIP", "row": 155, "media_id": 88, "reason": "already reviewed", "ts": "2026-02-19 19:36:37"}
{"event": "SKIP", "row": 160, "media_id": 4, "reason": "already reviewed", "ts": "2026-02-19 19:36:37"}
{"event": "SKIP", "row": 169, "media_id": 99, "reason": "already reviewed", "ts": "2026-02-19 19:36:37"}
{"event": "SUCCESS", "row": 151, "user_id": 12, "media_id": 48, "rating": 5, "comment": "Weak script", "ts": "2026-02-19 19:36:37"}
{"event": "SKIP", "row": 153, "media_id": 6, "reason": "already reviewed", "ts": "2026-02-19 19:36:37"}
{"event": "SKIP", "row": 159, "media_id": 21, "reason": "already reviewed", "ts": "2026-02-19 19:36:37"}
{"event": "SKIP", "row": 162, "media_id": 95, "reason": "already reviewed", "ts": "2026-02-19 19:36:37"}
{"event": "SKIP", "row": 164, "media_id": 5, "reason": "already reviewed", "ts": "2026-02-19 19:36:37"}
{"event": "SUCCESS", "row": 157, "user_id": 12, "media_id": 72, "rating": 4, "comment": "Not my cup of tea", "ts": "2026-02-19 19:36:37"}
{"event": "SKIP", "row": 177, "media_id": 66, "reason": "already reviewed", "ts": "2026-02-19 19:36:37"}
{"event": "SKIP", "row": 174, "media_id": 5, "reason": "already reviewed", "ts": "2026-02-19 19:36:37"}
{"event": "SKIP", "row": 178, "media_id": 74, "reason": "already reviewed", "ts": "2026-02-19 19:36:37"}
{"event": "SKIP", "row": 182, "media_id": 56, "reason": "already reviewed", "ts": "2026-02-19 19:36:37"}
{"event": "SUCCESS", "row": 183, "user_id": 12, "media_id": 43, "rating": 5, "comment": "Fell asleep watching", "ts": "2026-02-19 19:36:37"}
{"event": "SKIP", "row": 181, "media_id": 93, "reason": "already reviewed", "ts": "2026-02-19 19:36:37"}
{"event": "SKIP", "row": 158, "media_id": 96, "reason": "already reviewed", "ts": "2026-02-19 19:36:37"}
{"event": "SKIP", "row": 163, "media_id": 21, "reason": "already reviewed", "ts": "2026-02-19 19:36:37"}
{"event": "SKIP", "row": 179, "media_id": 6, "reason": "already reviewed", "ts": "2026-02-19 19:36:37"}
{"event": "SKIP", "row": 180, "media_id": 67, "reason": "already reviewed", "ts": "2026-02-19 19:36:37"}
{"event": "SKIP", "row": 189, "media_id": 86, "reason": "already reviewed", "ts": "2026-02-19 19:36:37"}
{"event": "SUCCESS", "row": 185, "user_id": 12, "media_id": 39, "rating": 5, "comment": "Exceeded my expectations", "ts": "2026-02-19 19:36:37"}
{"event": "SKIP", "row": 171, "media_id": 87, "reason": "already reviewed", "ts": "2026-02-19 19:36:37"}
{"event": "SKIP", "row": 170, "media_id": 83, "reason": "already reviewed", "ts": "2026-02-19 19:36:37"}
{"event": "SKIP", "row": 156, "media_id": 14, "reason": "already reviewed", "ts": "2026-02-19 19:36:37"}
{"event": "SKIP", "row": 167, "media_id": 4, "reason": "already reviewed", "ts": "2026-02-19 19:36:37"}
{"event": "SKIP", "row": 176, "media_id": 41, "reason": "already reviewed", "ts": "2026-02-19 19:36:37"}
{"event": "SKIP", "row": 188, "media_id": 17, "reason": "already reviewed", "ts": "2026-02-19 19:36:37"}
{"event": "SUCCESS", "row": 152, "user_id": 12, "media_id": 19, "rating": 4, "comment": "Very disappointing", "ts": "2026-02-19 19:36:37"}
{"event": "SKIP", "row": 187, "media_id": 52, "reason": "already reviewed", "ts": "2026-02-19 19:36:37"}
{"event": "SKIP", "row": 197, "media_id": 61, "reason": "already reviewed", "ts": "2026-02-19 19:36:37"}
{"event": "SKIP", "row": 200, "media_id": 12, "reason": "already reviewed", "ts": "2026-02-19 19:36:37"}
{"event": "SKIP", "row": 191, "media_id": 73, "reason": "already reviewed", "ts": "2026-02-19 19:36:37"}
{"event": "SKIP", "row": 196, "media_id": 57, "reason": "already reviewed", "ts": "2026-02-19 19:36:37"}
{"event": "SUCCESS", "row": 198, "user_id": 12, "media_id": 11, "rating": 3, "comment": "Light hearted fun", "ts": "2026-02-19 19:36:37"}
{"event": "SKIP", "row": 199, "media_id": 85, "reason": "already reviewed", "ts": "2026-02-19 19:36:37"}
{"event": "SKIP", "row": 184, "media_id": 85, "reason": "already reviewed", "ts": "2026-02-19 19:36:37"}
{"event": "SKIP", "row": 193, "media_id": 37, "reason": "already reviewed", "ts": "2026-02-19 19:36:37"}
{"event": "SKIP", "row": 172, "media_id": 4, "reason": "already reviewed", "ts": "2026-02-19 19:36:37"}
{"event": "SKIP", "row": 154, "media_id": 6, "reason": "already reviewed", "ts": "2026-02-19 19:36:37"}
{"event": "SKIP", "row": 195, "media_id": 42, "reason": "already reviewed", "ts": "2026-02-19 19:36:37"}
{"event": "SUCCESS", "row": 168, "user_id": 12, "media_id": 43, "rating": 3, "comment": "Boring and slow paced", "ts": "2026-02-19 19:36:37"}
{"event": "SKIP", "row": 166, "media_id": 40, "reason": "already reviewed", "ts": "2026-02-19 19:36:37"}
{"event": "SKIP", "row": 186, "media_id": 86, "reason": "already reviewed", "ts": "2026-02-19 19:36:37"}
{"event": "SKIP", "row": 192, "media_id": 71, "reason": "already reviewed", "ts": "2026-02-19 19:36:37"}
{"event": "SKIP", "row": 194, "media_id": 75, "reason": "already reviewed", "ts": "2026-02-19 19:36:37"}
{"event": "SUCCESS", "row": 173, "user_id": 12, "media_id": 23, "rating": 5, "comment": "Predictable plot but fun", "ts": "2026-02-19 19:36:37"}
{"event": "SKIP", "row": 190, "media_id": 96, "reason": "already reviewed", "ts": "2026-02-19 19:36:37"}
{"event": "SUCCESS", "row": 175, "user_id": 12, "media_id": 56, "rating": 3, "comment": "Fresh and original", "ts": "2026-02-19 19:36:37"}
{"event": "SUCCESS", "row": 165, "user_id": 12, "media_id": 26, "rating": 4, "comment": "Terrible ending ruined it", "ts": "2026-02-19 19:36:37"}
{"event": "SUCCESS", "row": 161, "user_id": 12, "media_id": 43, "rating": 4, "comment": "Hidden gem", "ts": "2026-02-19 19:36:37"}
{"event": "SKIP", "row": 201, "media_id": 40, "reason": "already reviewed", "ts": "2026-02-19 19:36:37"}
{"event": "SKIP", "row": 203, "media_id": 32, "reason": "already reviewed", "ts": "2026-02-19 19:36:37"}
{"event": "SKIP", "row": 220, "media_id": 97, "reason": "already reviewed", "ts": "2026-02-19 19:36:37"}
{"event": "SKIP", "row": 209, "media_id": 99, "reason": "already reviewed", "ts": "2026-02-19 19:36:37"}
{"event": "SKIP", "row": 216, "media_id": 57, "reason": "already reviewed", "ts": "2026-02-19 19:36:37"}
{"event": "SKIP", "row": 213, "media_id": 16, "reason": "already reviewed", "ts": "2026-02-19 19:36:37"}
{"event": "SKIP", "row": 206, "media_id": 92, "reason": "already reviewed", "ts": "2026-02-19 19:36:37"}
{"event": "SKIP", "row": 207, "media_id": 52, "reason": "already reviewed", "ts": "2026-02-19 19:36:37"}
{"event": "SKIP", "row": 208, "media_id": 84, "reason": "already reviewed", "ts": "2026-02-19 19:36:37"}
{"event": "SKIP", "row": 221, "media_id": 36, "reason": "already reviewed", "ts": "2026-02-19 19:36:37"}
{"event": "SKIP", "row": 202, "media_id": 19, "reason": "already reviewed", "ts": "2026-02-19 19:36:37"}
{"event": "SUCCESS", "row": 205, "user_id": 12, "media_id": 54, "rating": 5, "comment": "Average at best", "ts": "2026-02-19 19:36:37"}
{"event": "SKIP", "row": 229, "media_id": 54, "reason": "already reviewed", "ts": "2026-02-19 19:36:37"}
{"event": "SKIP", "row": 223, "media_id": 57, "reason": "already reviewed", "ts": "2026-02-19 19:36:37"}
{"event": "SKIP", "row": 219, "media_id": 61, "reason": "already reviewed", "ts": "2026-02-19 19:36:37"}
{"event": "SKIP", "row": 212, "media_id": 7, "reason": "already reviewed", "ts": "2026-02-19 19:36:37"}
{"event": "SKIP", "row": 226, "media_id": 11, "reason": "already reviewed", "ts": "2026-02-19 19:36:37"}
{"event": "SKIP", "row": 210, "media_id": 55, "reason": "already reviewed", "ts": "2026-02-19 19:36:37"}
{"event": "SKIP", "row": 204, "media_id": 99, "reason": "already reviewed", "ts": "2026-02-19 19:36:37"}
{"event": "SUCCESS", "row": 215, "user_id": 12, "media_id": 77, "rating": 3, "comment": "Gripping from start to finish", "ts": "2026-02-19 19:36:37"}
{"event": "SKIP", "row": 237, "media_id": 29, "reason": "already reviewed", "ts": "2026-02-19 19:36:37"}
{"event": "SKIP", "row": 241, "media_id": 22, "reason": "already reviewed", "ts": "2026-02-19 19:36:37"}
{"event": "SKIP", "row": 239, "media_id": 4, "reason": "already reviewed", "ts": "2026-02-19 19:36:37"}
{"event": "SKIP", "row": 230, "media_id": 70, "reason": "already reviewed", "ts": "2026-02-19 19:36:37"}
{"event": "SKIP", "row": 214, "media_id": 60, "reason": "already reviewed", "ts": "2026-02-19 19:36:37"}
{"event": "SKIP", "row": 240, "media_id": 86, "reason": "already reviewed", "ts": "2026-02-19 19:36:37"}
{"event": "SKIP", "row": 238, "media_id": 35, "reason": "already reviewed", "ts": "2026-02-19 19:36:37"}
{"event": "SKIP", "row": 242, "media_id": 80, "reason": "already reviewed", "ts": "2026-02-19 19:36:37"}
{"event": "SUCCESS", "row": 243, "user_id": 12, "media_id": 51, "rating": 5, "comment": "Incredible performance by the lead", "ts": "2026-02-19 19:36:37"}
{"event": "SKIP", "row": 246, "media_id": 60, "reason": "already reviewed", "ts": "2026-02-19 19:36:37"}
{"event": "SKIP", "row": 247, "media_id": 34, "reason": "already reviewed", "ts": "2026-02-19 19:36:37"}
{"event": "SKIP", "row": 248, "media_id": 28, "reason": "already reviewed", "ts": "2026-02-19 19:36:37"}
{"event": "SKIP", "row": 244, "media_id": 85, "reason": "already reviewed", "ts": "2026-02-19 19:36:37"}
{"event": "SKIP", "row": 245, "media_id": 83, "reason": "already reviewed", "ts": "2026-02-19 19:36:37"}
{"event": "SKIP", "row": 249, "media_id": 44, "reason": "already reviewed", "ts": "2026-02-19 19:36:37"}
{"event": "SKIP", "row": 250, "media_id": 97, "reason": "already reviewed", "ts": "2026-02-19 19:36:37"}
{"event": "SKIP", "row": 228, "media_id": 20, "reason": "already reviewed", "ts": "2026-02-19 19:36:37"}
{"event": "SKIP", "row": 217, "media_id": 65, "reason": "already reviewed", "ts": "2026-02-19 19:36:37"}
{"event": "SUCCESS", "row": 233, "user_id": 12, "media_id": 3, "rating": 5, "comment": "Surprisingly good", "ts": "2026-02-19 19:36:37"}
{"event": "SKIP", "row": 225, "media_id": 43, "reason": "already reviewed", "ts": "2026-02-19 19:36:37"}
{"event": "SKIP", "row": 224, "media_id": 37, "reason": "already reviewed", "ts": "2026-02-19 19:36:37"}
{"event": "SKIP", "row": 232, "media_id": 50, "reason": "already reviewed", "ts": "2026-02-19 19:36:37"}
{"event": "SUCCESS", "row": 218, "user_id": 12, "media_id": 58, "rating": 2, "comment": "Feels recycled", "ts": "2026-02-19 19:36:37"}
{"event": "SKIP", "row": 227, "media_id": 30, "reason": "already reviewed", "ts": "2026-02-19 19:36:37"}
{"event": "SKIP", "row": 222, "media_id": 81, "reason": "already reviewed", "ts": "2026-02-19 19:36:37"}
{"event": "SKIP", "row": 231, "media_id": 8, "reason": "already reviewed", "ts": "2026-02-19 19:36:37"}
{"event": "SKIP", "row": 236, "media_id": 69, "reason": "already reviewed", "ts": "2026-02-19 19:36:37"}
{"event": "SUCCESS", "row": 234, "user_id": 12, "media_id": 62, "rating": 1, "comment": "Terrible ending ruined it", "ts": "2026-02-19 19:36:38"}
{"event": "SKIP", "row": 235, "media_id": 39, "reason": "already reviewed", "ts": "2026-02-19 19:36:38"}
{"event": "SUCCESS", "row": 211, "user_id": 12, "media_id": 90, "rating": 5, "comment": "Mediocre at best", "ts": "2026-02-19 19:36:38"}
{"event": "SKIP", "row": 252, "media_id": 96, "reason": "already reviewed", "ts": "2026-02-19 19:36:38"}
{"event": "SKIP", "row": 262, "media_id": 92, "reason": "already reviewed", "ts": "2026-02-19 19:36:38"}
{"event": "SKIP", "row": 251, "media_id": 11, "reason": "already reviewed", "ts": "2026-02-19 19:36:38"}
{"event": "SKIP", "row": 265, "media_id": 74, "reason": "already reviewed", "ts": "2026-02-19 19:36:38"}
{"event": "SKIP", "row": 256, "media_id": 3, "reason": "already reviewed", "ts": "2026-02-19 19:36:38"}
{"event": "SKIP", "row": 254, "media_id": 9, "reason": "already reviewed", "ts": "2026-02-19 19:36:38"}
{"event": "SKIP", "row": 270, "media_id": 6, "reason": "already reviewed", "ts": "2026-02-19 19:36:38"}
{"event": "SKIP", "row": 269, "media_id": 77, "reason": "already reviewed", "ts": "2026-02-19 19:36:38"}
{"event": "SKIP", "row": 255, "media_id": 4, "reason": "already reviewed", "ts": "2026-02-19 19:36:38"}
{"event": "SKIP", "row": 257, "media_id": 31, "reason": "already reviewed", "ts": "2026-02-19 19:36:38"}
{"event": "SKIP", "row": 259, "media_id": 28, "reason": "already reviewed", "ts": "2026-02-19 19:36:38"}
{"event": "SKIP", "row": 271, "media_id": 55, "reason": "already reviewed", "ts": "2026-02-19 19:36:38"}
{"event": "SKIP", "row": 258, "media_id": 86, "reason": "already reviewed", "ts": "2026-02-19 19:36:38"}
{"event": "SKIP", "row": 263, "media_id": 21, "reason": "already reviewed", "ts": "2026-02-19 19:36:38"}
{"event": "SKIP", "row": 264, "media_id": 75, "reason": "already reviewed", "ts": "2026-02-19 19:36:38"}
{"event": "SKIP", "row": 273, "media_id": 54, "reason": "already reviewed", "ts": "2026-02-19 19:36:38"}
{"event": "SKIP", "row": 272, "media_id": 65, "reason": "already reviewed", "ts": "2026-02-19 19:36:38"}
{"event": "SKIP", "row": 279, "media_id": 56, "reason": "already reviewed", "ts": "2026-02-19 19:36:38"}
{"event": "SKIP", "row": 283, "media_id": 79, "reason": "already reviewed", "ts": "2026-02-19 19:36:38"}
{"event": "SKIP", "row": 280, "media_id": 42, "reason": "already reviewed", "ts": "2026-02-19 19:36:38"}
{"event": "SKIP", "row": 277, "media_id": 35, "reason": "already reviewed", "ts": "2026-02-19 19:36:38"}
{"event": "SKIP", "row": 275, "media_id": 59, "reason": "already reviewed", "ts": "2026-02-19 19:36:38"}
{"event": "SKIP", "row": 266, "media_id": 92, "reason": "already reviewed", "ts": "2026-02-19 19:36:38"}
{"event": "SKIP", "row": 286, "media_id": 46, "reason": "already reviewed", "ts": "2026-02-19 19:36:38"}
{"event": "SKIP", "row": 276, "media_id": 23, "reason": "already reviewed", "ts": "2026-02-19 19:36:38"}
{"event": "SUCCESS", "row": 261, "user_id": 12, "media_id": 78, "rating": 5, "comment": "Feels recycled", "ts": "2026-02-19 19:36:38"}
{"event": "SKIP", "row": 293, "media_id": 3, "reason": "already reviewed", "ts": "2026-02-19 19:36:38"}
{"event": "SKIP", "row": 294, "media_id": 29, "reason": "already reviewed", "ts": "2026-02-19 19:36:38"}
{"event": "SKIP", "row": 295, "media_id": 32, "reason": "already reviewed", "ts": "2026-02-19 19:36:38"}
{"event": "SKIP", "row": 281, "media_id": 36, "reason": "already reviewed", "ts": "2026-02-19 19:36:38"}
{"event": "SKIP", "row": 267, "media_id": 76, "reason": "already reviewed", "ts": "2026-02-19 19:36:38"}
{"event": "SKIP", "row": 274, "media_id": 56, "reason": "already reviewed", "ts": "2026-02-19 19:36:38"}
{"event": "SKIP", "row": 297, "media_id": 71, "reason": "already reviewed", "ts": "2026-02-19 19:36:38"}
{"event": "SKIP", "row": 282, "media_id": 97, "reason": "already reviewed", "ts": "2026-02-19 19:36:38"}
{"event": "SUCCESS", "row": 285, "user_id": 12, "media_id": 24, "rating": 4, "comment": "Masterpiece of modern cinema", "ts": "2026-02-19 19:36:38"}
{"event": "SKIP", "row": 300, "media_id": 40, "reason": "already reviewed", "ts": "2026-02-19 19:36:38"}
{"event": "SKIP", "row": 278, "media_id": 100, "reason": "already reviewed", "ts": "2026-02-19 19:36:38"}
{"event": "SKIP", "row": 287, "media_id": 36, "reason": "already reviewed", "ts": "2026-02-19 19:36:38"}
{"event": "SKIP", "row": 290, "media_id": 31, "reason": "already reviewed", "ts": "2026-02-19 19:36:38"}
{"event": "SKIP", "row": 291, "media_id": 72, "reason": "already reviewed", "ts": "2026-02-19 19:36:38"}
{"event": "SKIP", "row": 268, "media_id": 90, "reason": "already reviewed", "ts": "2026-02-19 19:36:38"}
{"event": "SKIP", "row": 284, "media_id": 4, "reason": "already reviewed", "ts": "2026-02-19 19:36:38"}
{"event": "SKIP", "row": 289, "media_id": 67, "reason": "already reviewed", "ts": "2026-02-19 19:36:38"}
{"event": "SUCCESS", "row": 253, "user_id": 12, "media_id": 45, "rating": 2, "comment": "Once is enough", "ts": "2026-02-19 19:36:38"}
{"event": "SKIP", "row": 292, "media_id": 61, "reason": "already reviewed", "ts": "2026-02-19 19:36:38"}
{"event": "SKIP", "row": 299, "media_id": 46, "reason": "already reviewed", "ts": "2026-02-19 19:36:38"}
{"event": "SKIP", "row": 296, "media_id": 75, "reason": "already reviewed", "ts": "2026-02-19 19:36:38"}
{"event": "SKIP", "row": 288, "media_id": 36, "reason": "already reviewed", "ts": "2026-02-19 19:36:38"}
{"event": "SKIP", "row": 298, "media_id": 55, "reason": "already reviewed", "ts": "2026-02-19 19:36:38"}
{"event": "SUCCESS", "row": 260, "user_id": 12, "media_id": 33, "rating": 3, "comment": "Overrated in my opinion", "ts": "2026-02-19 19:36:38"}
{"event": "SKIP", "row": 301, "media_id": 16, "reason": "already reviewed", "ts": "2026-02-19 19:36:38"}
{"event": "SKIP", "row": 304, "media_id": 28, "reason": "already reviewed", "ts": "2026-02-19 19:36:38"}
{"event": "SKIP", "row": 317, "media_id": 33, "reason": "already reviewed", "ts": "2026-02-19 19:36:38"}
{"event": "SKIP", "row": 319, "media_id": 10, "reason": "already reviewed", "ts": "2026-02-19 19:36:38"}
{"event": "SKIP", "row": 307, "media_id": 13, "reason": "already reviewed", "ts": "2026-02-19 19:36:38"}
{"event": "SKIP", "row": 321, "media_id": 20, "reason": "already reviewed", "ts": "2026-02-19 19:36:38"}
{"event": "SKIP", "row": 312, "media_id": 38, "reason": "already reviewed", "ts": "2026-02-19 19:36:38"}
{"event": "SKIP", "row": 320, "media_id": 88, "reason": "already reviewed", "ts": "2026-02-19 19:36:38"}
{"event": "SKIP", "row": 309, "media_id": 39, "reason": "already reviewed", "ts": "2026-02-19 19:36:38"}
{"event": "SKIP", "row": 310, "media_id": 69, "reason": "already reviewed", "ts": "2026-02-19 19:36:38"}
{"event": "SKIP", "row": 302, "media_id": 16, "reason": "already reviewed", "ts": "2026-02-19 19:36:38"}
{"event": "SKIP", "row": 305, "media_id": 93, "reason": "already reviewed", "ts": "2026-02-19 19:36:38"}
{"event": "SUCCESS", "row": 314, "user_id": 12, "media_id": 2, "rating": 5, "comment": "Poor character development", "ts": "2026-02-19 19:36:38"}
{"event": "SKIP", "row": 331, "media_id": 85, "reason": "already reviewed", "ts": "2026-02-19 19:36:38"}
{"event": "SKIP", "row": 308, "media_id": 30, "reason": "already reviewed", "ts": "2026-02-19 19:36:38"}
{"event": "SKIP", "row": 335, "media_id": 77, "reason": "already reviewed", "ts": "2026-02-19 19:36:38"}
{"event": "SKIP", "row": 328, "media_id": 73, "reason": "already reviewed", "ts": "2026-02-19 19:36:38"}
{"event": "SKIP", "row": 337, "media_id": 91, "reason": "already reviewed", "ts": "2026-02-19 19:36:38"}
{"event": "SKIP", "row": 333, "media_id": 10, "reason": "already reviewed", "ts": "2026-02-19 19:36:38"}
{"event": "SKIP", "row": 334, "media_id": 53, "reason": "already reviewed", "ts": "2026-02-19 19:36:38"}
{"event": "SKIP", "row": 332, "media_id": 31, "reason": "already reviewed", "ts": "2026-02-19 19:36:38"}
{"event": "SKIP", "row": 336, "media_id": 5, "reason": "already reviewed", "ts": "2026-02-19 19:36:38"}
{"event": "SKIP", "row": 323, "media_id": 72, "reason": "already reviewed", "ts": "2026-02-19 19:36:38"}
{"event": "SKIP", "row": 318, "media_id": 9, "reason": "already reviewed", "ts": "2026-02-19 19:36:38"}
{"event": "SKIP", "row": 325, "media_id": 100, "reason": "already reviewed", "ts": "2026-02-19 19:36:38"}
{"event": "SUCCESS", "row": 303, "user_id": 12, "media_id": 89, "rating": 2, "comment": "Average at best", "ts": "2026-02-19 19:36:38"}
{"event": "SKIP", "row": 344, "media_id": 22, "reason": "already reviewed", "ts": "2026-02-19 19:36:38"}
{"event": "SKIP", "row": 339, "media_id": 30, "reason": "already reviewed", "ts": "2026-02-19 19:36:38"}
{"event": "SKIP", "row": 340, "media_id": 76, "reason": "already reviewed", "ts": "2026-02-19 19:36:38"}
{"event": "SKIP", "row": 341, "media_id": 15, "reason": "already reviewed", "ts": "2026-02-19 19:36:38"}
{"event": "SKIP", "row": 342, "media_id": 83, "reason": "already reviewed", "ts": "2026-02-19 19:36:38"}
{"event": "SKIP", "row": 346, "media_id": 57, "reason": "already reviewed", "ts": "2026-02-19 19:36:38"}
{"event": "SKIP", "row": 347, "media_id": 89, "reason": "already reviewed", "ts": "2026-02-19 19:36:38"}
{"event": "SKIP", "row": 348, "media_id": 52, "reason": "already reviewed", "ts": "2026-02-19 19:36:38"}
{"event": "SKIP", "row": 330, "media_id": 27, "reason": "already reviewed", "ts": "2026-02-19 19:36:38"}
{"event": "SKIP", "row": 329, "media_id": 79, "reason": "already reviewed", "ts": "2026-02-19 19:36:38"}
{"event": "SKIP", "row": 338, "media_id": 59, "reason": "already reviewed", "ts": "2026-02-19 19:36:38"}
{"event": "SKIP", "row": 316, "media_id": 44, "reason": "already reviewed", "ts": "2026-02-19 19:36:38"}
{"event": "SKIP", "row": 322, "media_id": 11, "reason": "already reviewed", "ts": "2026-02-19 19:36:38"}
{"event": "SKIP", "row": 313, "media_id": 97, "reason": "already reviewed", "ts": "2026-02-19 19:36:38"}
{"event": "SKIP", "row": 326, "media_id": 58, "reason": "already reviewed", "ts": "2026-02-19 19:36:38"}
{"event": "SKIP", "row": 350, "media_id": 11, "reason": "already reviewed", "ts": "2026-02-19 19:36:38"}
{"event": "SKIP", "row": 311, "media_id": 6, "reason": "already reviewed", "ts": "2026-02-19 19:36:38"}
{"event": "SKIP", "row": 349, "media_id": 70, "reason": "already reviewed", "ts": "2026-02-19 19:36:38"}
{"event": "SKIP", "row": 324, "media_id": 77, "reason": "already reviewed", "ts": "2026-02-19 19:36:38"}
{"event": "SKIP", "row": 306, "media_id": 68, "reason": "already reviewed", "ts": "2026-02-19 19:36:38"}
{"event": "SKIP", "row": 343, "media_id": 19, "reason": "already reviewed", "ts": "2026-02-19 19:36:38"}
{"event": "SKIP", "row": 327, "media_id": 76, "reason": "already reviewed", "ts": "2026-02-19 19:36:38"}
{"event": "SKIP", "row": 345, "media_id": 96, "reason": "already reviewed", "ts": "2026-02-19 19:36:38"}
{"event": "SKIP", "row": 315, "media_id": 61, "reason": "already reviewed", "ts": "2026-02-19 19:36:38"}
{"event": "SKIP", "row": 351, "media_id": 56, "reason": "already reviewed", "ts": "2026-02-19 19:36:38"}
{"event": "SKIP", "row": 353, "media_id": 30, "reason": "already reviewed", "ts": "2026-02-19 19:36:38"}
{"event": "SKIP", "row": 354, "media_id": 3, "reason": "already reviewed", "ts": "2026-02-19 19:36:38"}
{"event": "SKIP", "row": 360, "media_id": 43, "reason": "already reviewed", "ts": "2026-02-19 19:36:38"}
{"event": "SKIP", "row": 364, "media_id": 71, "reason": "already reviewed", "ts": "2026-02-19 19:36:38"}
{"event": "SKIP", "row": 356, "media_id": 67, "reason": "already reviewed", "ts": "2026-02-19 19:36:38"}
{"event": "SKIP", "row": 352, "media_id": 33, "reason": "already reviewed", "ts": "2026-02-19 19:36:38"}
{"event": "SKIP", "row": 355, "media_id": 6, "reason": "already reviewed", "ts": "2026-02-19 19:36:38"}
{"event": "SKIP", "row": 369, "media_id": 53, "reason": "already reviewed", "ts": "2026-02-19 19:36:38"}
{"event": "SKIP", "row": 372, "media_id": 57, "reason": "already reviewed", "ts": "2026-02-19 19:36:38"}
{"event": "SKIP", "row": 371, "media_id": 97, "reason": "already reviewed", "ts": "2026-02-19 19:36:38"}
{"event": "SKIP", "row": 368, "media_id": 85, "reason": "already reviewed", "ts": "2026-02-19 19:36:38"}
{"event": "SKIP", "row": 358, "media_id": 82, "reason": "already reviewed", "ts": "2026-02-19 19:36:38"}
{"event": "SKIP", "row": 374, "media_id": 37, "reason": "already reviewed", "ts": "2026-02-19 19:36:38"}
{"event": "SKIP", "row": 363, "media_id": 85, "reason": "already reviewed", "ts": "2026-02-19 19:36:38"}
{"event": "SKIP", "row": 375, "media_id": 63, "reason": "already reviewed", "ts": "2026-02-19 19:36:38"}
{"event": "SKIP", "row": 357, "media_id": 24, "reason": "already reviewed", "ts": "2026-02-19 19:36:38"}
{"event": "SKIP", "row": 370, "media_id": 67, "reason": "already reviewed", "ts": "2026-02-19 19:36:38"}
{"event": "SKIP", "row": 377, "media_id": 91, "reason": "already reviewed", "ts": "2026-02-19 19:36:38"}
{"event": "SKIP", "row": 366, "media_id": 42, "reason": "already reviewed", "ts": "2026-02-19 19:36:38"}
{"event": "SKIP", "row": 362, "media_id": 53, "reason": "already reviewed", "ts": "2026-02-19 19:36:38"}
{"event": "SKIP", "row": 382, "media_id": 92, "reason": "already reviewed", "ts": "2026-02-19 19:36:38"}
{"event": "SKIP", "row": 378, "media_id": 71, "reason": "already reviewed", "ts": "2026-02-19 19:36:38"}
{"event": "SKIP", "row": 380, "media_id": 15, "reason": "already reviewed", "ts": "2026-02-19 19:36:38"}
{"event": "SKIP", "row": 379, "media_id": 53, "reason": "already reviewed", "ts": "2026-02-19 19:36:38"}
{"event": "SKIP", "row": 361, "media_id": 14, "reason": "already reviewed", "ts": "2026-02-19 19:36:38"}
{"event": "SKIP", "row": 384, "media_id": 62, "reason": "already reviewed", "ts": "2026-02-19 19:36:38"}
{"event": "SKIP", "row": 373, "media_id": 35, "reason": "already reviewed", "ts": "2026-02-19 19:36:38"}
{"event": "SKIP", "row": 367, "media_id": 52, "reason": "already reviewed", "ts": "2026-02-19 19:36:38"}
{"event": "SKIP", "row": 365, "media_id": 12, "reason": "already reviewed", "ts": "2026-02-19 19:36:38"}
{"event": "SKIP", "row": 381, "media_id": 83, "reason": "already reviewed", "ts": "2026-02-19 19:36:38"}
{"event": "SKIP", "row": 386, "media_id": 50, "reason": "already reviewed", "ts": "2026-02-19 19:36:38"}
{"event": "SKIP", "row": 383, "media_id": 91, "reason": "already reviewed", "ts": "2026-02-19 19:36:38"}
{"event": "SKIP", "row": 359, "media_id": 61, "reason": "already reviewed", "ts": "2026-02-19 19:36:38"}
{"event": "SKIP", "row": 385, "media_id": 59, "reason": "already reviewed", "ts": "2026-02-19 19:36:38"}
{"event": "SKIP", "row": 391, "media_id": 75, "reason": "already reviewed", "ts": "2026-02-19 19:36:38"}
{"event": "SKIP", "row": 376, "media_id": 81, "reason": "already reviewed", "ts": "2026-02-19 19:36:38"}
{"event": "SKIP", "row": 390, "media_id": 37, "reason": "already reviewed", "ts": "2026-02-19 19:36:38"}
{"event": "SKIP", "row": 387, "media_id": 66, "reason": "already reviewed", "ts": "2026-02-19 19:36:38"}
{"event": "SKIP", "row": 394, "media_id": 98, "reason": "already reviewed", "ts": "2026-02-19 19:36:38"}
{"event": "SKIP", "row": 392, "media_id": 58, "reason": "already reviewed", "ts": "2026-02-19 19:36:38"}
{"event": "SKIP", "row": 389, "media_id": 65, "reason": "already reviewed", "ts": "2026-02-19 19:36:38"}
{"event": "SKIP", "row": 397, "media_id": 50, "reason": "already reviewed", "ts": "2026-02-19 19:36:38"}
{"event": "SKIP", "row": 398, "media_id": 53, "reason": "already reviewed", "ts": "2026-02-19 19:36:38"}
{"event": "SKIP", "row": 393, "media_id": 45, "reason": "already reviewed", "ts": "2026-02-19 19:36:38"}
{"event": "SKIP", "row": 396, "media_id": 90, "reason": "already reviewed", "ts": "2026-02-19 19:36:38"}
{"event": "SKIP", "row": 395, "media_id": 59, "reason": "already reviewed", "ts": "2026-02-19 19:36:38"}
{"event": "SKIP", "row": 400, "media_id": 49, "reason": "already reviewed", "ts": "2026-02-19 19:36:38"}
{"event": "SKIP", "row": 388, "media_id": 36, "reason": "already reviewed", "ts": "2026-02-19 19:36:38"}
{"event": "SKIP", "row": 399, "media_id": 96, "reason": "already reviewed", "ts": "2026-02-19 19:36:38"}
{"event": "SKIP", "row": 409, "media_id": 89, "reason": "already reviewed", "ts": "2026-02-19 19:36:38"}
{"event": "SKIP", "row": 401, "media_id": 84, "reason": "already reviewed", "ts": "2026-02-19 19:36:38"}
{"event": "SKIP", "row": 412, "media_id": 81, "reason": "already reviewed", "ts": "2026-02-19 19:36:38"}
{"event": "SKIP", "row": 416, "media_id": 13, "reason": "already reviewed", "ts": "2026-02-19 19:36:38"}
{"event": "SKIP", "row": 402, "media_id": 5, "reason": "already reviewed", "ts": "2026-02-19 19:36:38"}
{"event": "SKIP", "row": 418, "media_id": 6, "reason": "already reviewed", "ts": "2026-02-19 19:36:38"}
{"event": "SKIP", "row": 405, "media_id": 59, "reason": "already reviewed", "ts": "2026-02-19 19:36:38"}
{"event": "SKIP", "row": 404, "media_id": 57, "reason": "already reviewed", "ts": "2026-02-19 19:36:38"}
{"event": "SKIP", "row": 419, "media_id": 38, "reason": "already reviewed", "ts": "2026-02-19 19:36:38"}
{"event": "SKIP", "row": 414, "media_id": 31, "reason": "already reviewed", "ts": "2026-02-19 19:36:38"}
{"event": "SKIP", "row": 417, "media_id": 22, "reason": "already reviewed", "ts": "2026-02-19 19:36:38"}
{"event": "SKIP", "row": 425, "media_id": 31, "reason": "already reviewed", "ts": "2026-02-19 19:36:38"}
{"event": "SKIP", "row": 423, "media_id": 23, "reason": "already reviewed", "ts": "2026-02-19 19:36:38"}
{"event": "SKIP", "row": 413, "media_id": 5, "reason": "already reviewed", "ts": "2026-02-19 19:36:38"}
{"event": "SKIP", "row": 420, "media_id": 56, "reason": "already reviewed", "ts": "2026-02-19 19:36:38"}
{"event": "SKIP", "row": 421, "media_id": 68, "reason": "already reviewed", "ts": "2026-02-19 19:36:38"}
{"event": "SKIP", "row": 424, "media_id": 49, "reason": "already reviewed", "ts": "2026-02-19 19:36:38"}
{"event": "SKIP", "row": 407, "media_id": 20, "reason": "already reviewed", "ts": "2026-02-19 19:36:38"}
{"event": "SKIP", "row": 410, "media_id": 11, "reason": "already reviewed", "ts": "2026-02-19 19:36:38"}
{"event": "SKIP", "row": 415, "media_id": 96, "reason": "already reviewed", "ts": "2026-02-19 19:36:38"}
{"event": "SKIP", "row": 429, "media_id": 37, "reason": "already reviewed", "ts": "2026-02-19 19:36:38"}
{"event": "SKIP", "row": 426, "media_id": 19, "reason": "already reviewed", "ts": "2026-02-19 19:36:38"}
{"event": "SKIP", "row": 428, "media_id": 33, "reason": "already reviewed", "ts": "2026-02-19 19:36:38"}
{"event": "SKIP", "row": 422, "media_id": 88, "reason": "already reviewed", "ts": "2026-02-19 19:36:38"}
{"event": "SKIP", "row": 432, "media_id": 55, "reason": "already reviewed", "ts": "2026-02-19 19:36:38"}
{"event": "SKIP", "row": 430, "media_id": 10, "reason": "already reviewed", "ts": "2026-02-19 19:36:38"}
{"event": "SKIP", "row": 403, "media_id": 76, "reason": "already reviewed", "ts": "2026-02-19 19:36:38"}
{"event": "SKIP", "row": 436, "media_id": 74, "reason": "already reviewed", "ts": "2026-02-19 19:36:38"}
{"event": "SKIP", "row": 434, "media_id": 62, "reason": "already reviewed", "ts": "2026-02-19 19:36:38"}
{"event": "SKIP", "row": 435, "media_id": 49, "reason": "already reviewed", "ts": "2026-02-19 19:36:38"}
{"event": "SKIP", "row": 433, "media_id": 39, "reason": "already reviewed", "ts": "2026-02-19 19:36:38"}
{"event": "SKIP", "row": 408, "media_id": 34, "reason": "already reviewed", "ts": "2026-02-19 19:36:38"}
{"event": "SKIP", "row": 427, "media_id": 82, "reason": "already reviewed", "ts": "2026-02-19 19:36:38"}
{"event": "SKIP", "row": 411, "media_id": 69, "reason": "already reviewed", "ts": "2026-02-19 19:36:38"}
{"event": "SKIP", "row": 438, "media_id": 51, "reason": "already reviewed", "ts": "2026-02-19 19:36:38"}
{"event": "SKIP", "row": 406, "media_id": 19, "reason": "already reviewed", "ts": "2026-02-19 19:36:38"}
{"event": "SKIP", "row": 439, "media_id": 73, "reason": "already reviewed", "ts": "2026-02-19 19:36:38"}
{"event": "SKIP", "row": 445, "media_id": 13, "reason": "already reviewed", "ts": "2026-02-19 19:36:38"}
{"event": "SKIP", "row": 437, "media_id": 38, "reason": "already reviewed", "ts": "2026-02-19 19:36:38"}
{"event": "SKIP", "row": 442, "media_id": 46, "reason": "already reviewed", "ts": "2026-02-19 19:36:38"}
{"event": "SKIP", "row": 448, "media_id": 38, "reason": "already reviewed", "ts": "2026-02-19 19:36:38"}
{"event": "SKIP", "row": 431, "media_id": 76, "reason": "already reviewed", "ts": "2026-02-19 19:36:38"}
{"event": "SKIP", "row": 443, "media_id": 25, "reason": "already reviewed", "ts": "2026-02-19 19:36:38"}
{"event": "SKIP", "row": 450, "media_id": 17, "reason": "already reviewed", "ts": "2026-02-19 19:36:38"}
{"event": "SKIP", "row": 440, "media_id": 96, "reason": "already reviewed", "ts": "2026-02-19 19:36:38"}
{"event": "SKIP", "row": 444, "media_id": 87, "reason": "already reviewed", "ts": "2026-02-19 19:36:38"}
{"event": "SKIP", "row": 449, "media_id": 54, "reason": "already reviewed", "ts": "2026-02-19 19:36:38"}
{"event": "SKIP", "row": 441, "media_id": 100, "reason": "already reviewed", "ts": "2026-02-19 19:36:38"}
{"event": "SKIP", "row": 446, "media_id": 57, "reason": "already reviewed", "ts": "2026-02-19 19:36:38"}
{"event": "SKIP", "row": 447, "media_id": 47, "reason": "already reviewed", "ts": "2026-02-19 19:36:38"}
{"event": "SKIP", "row": 456, "media_id": 93, "reason": "already reviewed", "ts": "2026-02-19 19:36:38"}
{"event": "SKIP", "row": 451, "media_id": 68, "reason": "already reviewed", "ts": "2026-02-19 19:36:38"}
{"event": "SKIP", "row": 460, "media_id": 87, "reason": "already reviewed", "ts": "2026-02-19 19:36:38"}
{"event": "SKIP", "row": 459, "media_id": 16, "reason": "already reviewed", "ts": "2026-02-19 19:36:38"}
{"event": "SKIP", "row": 470, "media_id": 31, "reason": "already reviewed", "ts": "2026-02-19 19:36:38"}
{"event": "SKIP", "row": 469, "media_id": 64, "reason": "already reviewed", "ts": "2026-02-19 19:36:38"}
{"event": "SKIP", "row": 455, "media_id": 97, "reason": "already reviewed", "ts": "2026-02-19 19:36:38"}
{"event": "SKIP", "row": 452, "media_id": 22, "reason": "already reviewed", "ts": "2026-02-19 19:36:38"}
{"event": "SKIP", "row": 464, "media_id": 42, "reason": "already reviewed", "ts": "2026-02-19 19:36:38"}
{"event": "SKIP", "row": 454, "media_id": 60, "reason": "already reviewed", "ts": "2026-02-19 19:36:38"}
{"event": "SKIP", "row": 465, "media_id": 83, "reason": "already reviewed", "ts": "2026-02-19 19:36:38"}
{"event": "SKIP", "row": 462, "media_id": 87, "reason": "already reviewed", "ts": "2026-02-19 19:36:38"}
{"event": "SKIP", "row": 472, "media_id": 86, "reason": "already reviewed", "ts": "2026-02-19 19:36:38"}
{"event": "SKIP", "row": 467, "media_id": 53, "reason": "already reviewed", "ts": "2026-02-19 19:36:38"}
{"event": "SKIP", "row": 471, "media_id": 50, "reason": "already reviewed", "ts": "2026-02-19 19:36:38"}
{"event": "SKIP", "row": 480, "media_id": 46, "reason": "already reviewed", "ts": "2026-02-19 19:36:38"}
{"event": "SKIP", "row": 463, "media_id": 4, "reason": "already reviewed", "ts": "2026-02-19 19:36:38"}
{"event": "SKIP", "row": 458, "media_id": 2, "reason": "already reviewed", "ts": "2026-02-19 19:36:38"}
{"event": "SKIP", "row": 466, "media_id": 60, "reason": "already reviewed", "ts": "2026-02-19 19:36:38"}
{"event": "SKIP", "row": 475, "media_id": 79, "reason": "already reviewed", "ts": "2026-02-19 19:36:38"}
{"event": "SKIP", "row": 474, "media_id": 84, "reason": "already reviewed", "ts": "2026-02-19 19:36:38"}
{"event": "SKIP", "row": 468, "media_id": 6, "reason": "already reviewed", "ts": "2026-02-19 19:36:38"}
{"event": "SKIP", "row": 457, "media_id": 47, "reason": "already reviewed", "ts": "2026-02-19 19:36:38"}
{"event": "SKIP", "row": 479, "media_id": 48, "reason": "already reviewed", "ts": "2026-02-19 19:36:38"}
{"event": "SKIP", "row": 473, "media_id": 76, "reason": "already reviewed", "ts": "2026-02-19 19:36:38"}
{"event": "SKIP", "row": 483, "media_id": 28, "reason": "already reviewed", "ts": "2026-02-19 19:36:38"}
{"event": "SKIP", "row": 481, "media_id": 36, "reason": "already reviewed", "ts": "2026-02-19 19:36:38"}
{"event": "SKIP", "row": 482, "media_id": 59, "reason": "already reviewed", "ts": "2026-02-19 19:36:38"}
{"event": "SKIP", "row": 484, "media_id": 7, "reason": "already reviewed", "ts": "2026-02-19 19:36:38"}
{"event": "SKIP", "row": 476, "media_id": 5, "reason": "already reviewed", "ts": "2026-02-19 19:36:38"}
{"event": "SKIP", "row": 489, "media_id": 1, "reason": "already reviewed", "ts": "2026-02-19 19:36:38"}
{"event": "SKIP", "row": 493, "media_id": 46, "reason": "already reviewed", "ts": "2026-02-19 19:36:38"}
{"event": "SKIP", "row": 490, "media_id": 17, "reason": "already reviewed", "ts": "2026-02-19 19:36:38"}
{"event": "SKIP", "row": 487, "media_id": 76, "reason": "already reviewed", "ts": "2026-02-19 19:36:38"}
{"event": "SKIP", "row": 478, "media_id": 47, "reason": "already reviewed", "ts": "2026-02-19 19:36:38"}
{"event": "SKIP", "row": 486, "media_id": 9, "reason": "already reviewed", "ts": "2026-02-19 19:36:38"}
{"event": "SKIP", "row": 488, "media_id": 43, "reason": "already reviewed", "ts": "2026-02-19 19:36:38"}
{"event": "SKIP", "row": 497, "media_id": 15, "reason": "already reviewed", "ts": "2026-02-19 19:36:38"}
{"event": "SKIP", "row": 453, "media_id": 38, "reason": "already reviewed", "ts": "2026-02-19 19:36:38"}
{"event": "SKIP", "row": 496, "media_id": 95, "reason": "already reviewed", "ts": "2026-02-19 19:36:38"}
{"event": "SKIP", "row": 491, "media_id": 23, "reason": "already reviewed", "ts": "2026-02-19 19:36:38"}
{"event": "SKIP", "row": 498, "media_id": 58, "reason": "already reviewed", "ts": "2026-02-19 19:36:38"}
{"event": "SKIP", "row": 477, "media_id": 57, "reason": "already reviewed", "ts": "2026-02-19 19:36:38"}
{"event": "SKIP", "row": 495, "media_id": 34, "reason": "already reviewed", "ts": "2026-02-19 19:36:38"}
{"event": "SKIP", "row": 494, "media_id": 42, "reason": "already reviewed", "ts": "2026-02-19 19:36:38"}
{"event": "SKIP", "row": 499, "media_id": 76, "reason": "already reviewed", "ts": "2026-02-19 19:36:38"}
{"event": "SKIP", "row": 500, "media_id": 65, "reason": "already reviewed", "ts": "2026-02-19 19:36:38"}
{"event": "SKIP", "row": 492, "media_id": 4, "reason": "already reviewed", "ts": "2026-02-19 19:36:38"}
{"event": "SKIP", "row": 485, "media_id": 17, "reason": "already reviewed", "ts": "2026-02-19 19:36:38"}
{"event": "SKIP", "row": 461, "media_id": 49, "reason": "already reviewed", "ts": "2026-02-19 19:36:38"}
{"event": "SKIP", "row": 501, "media_id": 6, "reason": "already reviewed", "ts": "2026-02-19 19:36:38"}
{"event": "SKIP", "row": 502, "media_id": 59, "reason": "already reviewed", "ts": "2026-02-19 19:36:38"}
{"event": "SKIP", "row": 512, "media_id": 65, "reason": "already reviewed", "ts": "2026-02-19 19:36:38"}
{"event": "SKIP", "row": 519, "media_id": 55, "reason": "already reviewed", "ts": "2026-02-19 19:36:38"}
{"event": "SKIP", "row": 505, "media_id": 92, "reason": "already reviewed", "ts": "2026-02-19 19:36:38"}
{"event": "SKIP", "row": 508, "media_id": 36, "reason": "already reviewed", "ts": "2026-02-19 19:36:38"}
{"event": "SKIP", "row": 516, "media_id": 30, "reason": "already reviewed", "ts": "2026-02-19 19:36:38"}
{"event": "SKIP", "row": 504, "media_id": 88, "reason": "already reviewed", "ts": "2026-02-19 19:36:38"}
{"event": "SKIP", "row": 520, "media_id": 33, "reason": "already reviewed", "ts": "2026-02-19 19:36:38"}
{"event": "SKIP", "row": 513, "media_id": 13, "reason": "already reviewed", "ts": "2026-02-19 19:36:38"}
{"event": "SKIP", "row": 523, "media_id": 56, "reason": "already reviewed", "ts": "2026-02-19 19:36:38"}
{"event": "SKIP", "row": 525, "media_id": 72, "reason": "already reviewed", "ts": "2026-02-19 19:36:38"}
{"event": "SKIP", "row": 517, "media_id": 59, "reason": "already reviewed", "ts": "2026-02-19 19:36:38"}
{"event": "SKIP", "row": 521, "media_id": 88, "reason": "already reviewed", "ts": "2026-02-19 19:36:38"}
{"event": "SKIP", "row": 510, "media_id": 42, "reason": "already reviewed", "ts": "2026-02-19 19:36:38"}
{"event": "SKIP", "row": 511, "media_id": 68, "reason": "already reviewed", "ts": "2026-02-19 19:36:38"}
{"event": "SKIP", "row": 509, "media_id": 75, "reason": "already reviewed", "ts": "2026-02-19 19:36:38"}
{"event": "SKIP", "row": 518, "media_id": 94, "reason": "already reviewed", "ts": "2026-02-19 19:36:38"}
{"event": "SKIP", "row": 503, "media_id": 62, "reason": "already reviewed", "ts": "2026-02-19 19:36:38"}
{"event": "SKIP", "row": 522, "media_id": 12, "reason": "already reviewed", "ts": "2026-02-19 19:36:38"}
{"event": "SKIP", "row": 514, "media_id": 84, "reason": "already reviewed", "ts": "2026-02-19 19:36:38"}
{"event": "SKIP", "row": 506, "media_id": 11, "reason": "already reviewed", "ts": "2026-02-19 19:36:38"}
{"event": "SKIP", "row": 515, "media_id": 28, "reason": "already reviewed", "ts": "2026-02-19 19:36:38"}
{"event": "SKIP", "row": 529, "media_id": 7, "reason": "already reviewed", "ts": "2026-02-19 19:36:38"}
{"event": "SKIP", "row": 534, "media_id": 48, "reason": "already reviewed", "ts": "2026-02-19 19:36:38"}
{"event": "SKIP", "row": 526, "media_id": 72, "reason": "already reviewed", "ts": "2026-02-19 19:36:38"}
{"event": "SKIP", "row": 535, "media_id": 36, "reason": "already reviewed", "ts": "2026-02-19 19:36:38"}
{"event": "SKIP", "row": 533, "media_id": 14, "reason": "already reviewed", "ts": "2026-02-19 19:36:38"}
{"event": "SKIP", "row": 530, "media_id": 40, "reason": "already reviewed", "ts": "2026-02-19 19:36:38"}
{"event": "SKIP", "row": 524, "media_id": 95, "reason": "already reviewed", "ts": "2026-02-19 19:36:38"}
{"event": "SKIP", "row": 507, "media_id": 19, "reason": "already reviewed", "ts": "2026-02-19 19:36:38"}
{"event": "SKIP", "row": 536, "media_id": 55, "reason": "already reviewed", "ts": "2026-02-19 19:36:38"}
{"event": "SKIP", "row": 541, "media_id": 98, "reason": "already reviewed", "ts": "2026-02-19 19:36:38"}
{"event": "SKIP", "row": 527, "media_id": 86, "reason": "already reviewed", "ts": "2026-02-19 19:36:38"}
{"event": "SKIP", "row": 531, "media_id": 74, "reason": "already reviewed", "ts": "2026-02-19 19:36:38"}
{"event": "SKIP", "row": 546, "media_id": 96, "reason": "already reviewed", "ts": "2026-02-19 19:36:38"}
{"event": "SKIP", "row": 528, "media_id": 46, "reason": "already reviewed", "ts": "2026-02-19 19:36:38"}
{"event": "SKIP", "row": 542, "media_id": 45, "reason": "already reviewed", "ts": "2026-02-19 19:36:38"}
{"event": "SKIP", "row": 540, "media_id": 24, "reason": "already reviewed", "ts": "2026-02-19 19:36:38"}
{"event": "SKIP", "row": 532, "media_id": 20, "reason": "already reviewed", "ts": "2026-02-19 19:36:38"}
{"event": "SKIP", "row": 544, "media_id": 52, "reason": "already reviewed", "ts": "2026-02-19 19:36:38"}
{"event": "SKIP", "row": 550, "media_id": 73, "reason": "already reviewed", "ts": "2026-02-19 19:36:38"}
{"event": "SKIP", "row": 543, "media_id": 19, "reason": "already reviewed", "ts": "2026-02-19 19:36:38"}
{"event": "SKIP", "row": 537, "media_id": 80, "reason": "already reviewed", "ts": "2026-02-19 19:36:38"}
{"event": "SKIP", "row": 549, "media_id": 40, "reason": "already reviewed", "ts": "2026-02-19 19:36:38"}
{"event": "SKIP", "row": 547, "media_id": 49, "reason": "already reviewed", "ts": "2026-02-19 19:36:38"}
{"event": "SKIP", "row": 538, "media_id": 83, "reason": "already reviewed", "ts": "2026-02-19 19:36:38"}
{"event": "SKIP", "row": 545, "media_id": 95, "reason": "already reviewed", "ts": "2026-02-19 19:36:38"}
{"event": "SKIP", "row": 539, "media_id": 78, "reason": "already reviewed", "ts": "2026-02-19 19:36:38"}
{"event": "SKIP", "row": 548, "media_id": 44, "reason": "already reviewed", "ts": "2026-02-19 19:36:38"}
{"event": "SKIP", "row": 551, "media_id": 7, "reason": "already reviewed", "ts": "2026-02-19 19:36:38"}
{"event": "SKIP", "row": 569, "media_id": 72, "reason": "already reviewed", "ts": "2026-02-19 19:36:38"}
{"event": "SKIP", "row": 552, "media_id": 97, "reason": "already reviewed", "ts": "2026-02-19 19:36:38"}
{"event": "SKIP", "row": 558, "media_id": 56, "reason": "already reviewed", "ts": "2026-02-19 19:36:38"}
{"event": "SKIP", "row": 555, "media_id": 78, "reason": "already reviewed", "ts": "2026-02-19 19:36:38"}
{"event": "SKIP", "row": 557, "media_id": 66, "reason": "already reviewed", "ts": "2026-02-19 19:36:38"}
{"event": "SKIP", "row": 566, "media_id": 64, "reason": "already reviewed", "ts": "2026-02-19 19:36:38"}
{"event": "SKIP", "row": 567, "media_id": 17, "reason": "already reviewed", "ts": "2026-02-19 19:36:38"}
{"event": "SKIP", "row": 562, "media_id": 8, "reason": "already reviewed", "ts": "2026-02-19 19:36:38"}
{"event": "SKIP", "row": 568, "media_id": 91, "reason": "already reviewed", "ts": "2026-02-19 19:36:38"}
{"event": "SKIP", "row": 553, "media_id": 87, "reason": "already reviewed", "ts": "2026-02-19 19:36:38"}
{"event": "SKIP", "row": 571, "media_id": 3, "reason": "already reviewed", "ts": "2026-02-19 19:36:38"}
{"event": "SKIP", "row": 572, "media_id": 41, "reason": "already reviewed", "ts": "2026-02-19 19:36:38"}
{"event": "SKIP", "row": 563, "media_id": 39, "reason": "already reviewed", "ts": "2026-02-19 19:36:38"}
{"event": "SUCCESS", "row": 564, "user_id": 12, "media_id": 18, "rating": 3, "comment": "Poor character development", "ts": "2026-02-19 19:36:38"}
{"event": "SKIP", "row": 556, "media_id": 35, "reason": "already reviewed", "ts": "2026-02-19 19:36:38"}
{"event": "SKIP", "row": 583, "media_id": 66, "reason": "already reviewed", "ts": "2026-02-19 19:36:38"}
{"event": "SKIP", "row": 584, "media_id": 66, "reason": "already reviewed", "ts": "2026-02-19 19:36:38"}
{"event": "SKIP", "row": 578, "media_id": 56, "reason": "already reviewed", "ts": "2026-02-19 19:36:38"}
{"event": "SKIP", "row": 589, "media_id": 20, "reason": "already reviewed", "ts": "2026-02-19 19:36:38"}
{"event": "SKIP", "row": 574, "media_id": 82, "reason": "already reviewed", "ts": "2026-02-19 19:36:38"}
{"event": "SKIP", "row": 575, "media_id": 15, "reason": "already reviewed", "ts": "2026-02-19 19:36:38"}
{"event": "SKIP", "row": 582, "media_id": 43, "reason": "already reviewed", "ts": "2026-02-19 19:36:38"}
{"event": "SKIP", "row": 579, "media_id": 56, "reason": "already reviewed", "ts": "2026-02-19 19:36:38"}
{"event": "SKIP", "row": 577, "media_id": 59, "reason": "already reviewed", "ts": "2026-02-19 19:36:38"}
{"event": "SKIP", "row": 592, "media_id": 75, "reason": "already reviewed", "ts": "2026-02-19 19:36:38"}
{"event": "SKIP", "row": 590, "media_id": 99, "reason": "already reviewed", "ts": "2026-02-19 19:36:38"}
{"event": "SKIP", "row": 554, "media_id": 57, "reason": "already reviewed", "ts": "2026-02-19 19:36:38"}
{"event": "SKIP", "row": 561, "media_id": 29, "reason": "already reviewed", "ts": "2026-02-19 19:36:38"}
{"event": "SKIP", "row": 586, "media_id": 83, "reason": "already reviewed", "ts": "2026-02-19 19:36:38"}
{"event": "SKIP", "row": 593, "media_id": 73, "reason": "already reviewed", "ts": "2026-02-19 19:36:38"}
{"event": "SKIP", "row": 570, "media_id": 51, "reason": "already reviewed", "ts": "2026-02-19 19:36:38"}
{"event": "SKIP", "row": 588, "media_id": 26, "reason": "already reviewed", "ts": "2026-02-19 19:36:38"}
{"event": "SKIP", "row": 591, "media_id": 97, "reason": "already reviewed", "ts": "2026-02-19 19:36:38"}
{"event": "SKIP", "row": 585, "media_id": 45, "reason": "already reviewed", "ts": "2026-02-19 19:36:38"}
{"event": "SKIP", "row": 600, "media_id": 8, "reason": "already reviewed", "ts": "2026-02-19 19:36:38"}
{"event": "SKIP", "row": 598, "media_id": 65, "reason": "already reviewed", "ts": "2026-02-19 19:36:38"}
{"event": "SKIP", "row": 597, "media_id": 76, "reason": "already reviewed", "ts": "2026-02-19 19:36:38"}
{"event": "SKIP", "row": 594, "media_id": 81, "reason": "already reviewed", "ts": "2026-02-19 19:36:38"}
{"event": "SKIP", "row": 581, "media_id": 40, "reason": "already reviewed", "ts": "2026-02-19 19:36:38"}
{"event": "SKIP", "row": 596, "media_id": 57, "reason": "already reviewed", "ts": "2026-02-19 19:36:38"}
{"event": "SKIP", "row": 599, "media_id": 60, "reason": "already reviewed", "ts": "2026-02-19 19:36:38"}
{"event": "SKIP", "row": 587, "media_id": 14, "reason": "already reviewed", "ts": "2026-02-19 19:36:38"}
{"event": "SKIP", "row": 595, "media_id": 57, "reason": "already reviewed", "ts": "2026-02-19 19:36:38"}
{"event": "SKIP", "row": 580, "media_id": 68, "reason": "already reviewed", "ts": "2026-02-19 19:36:38"}
{"event": "SKIP", "row": 576, "media_id": 42, "reason": "already reviewed", "ts": "2026-02-19 19:36:38"}
{"event": "SKIP", "row": 559, "media_id": 87, "reason": "already reviewed", "ts": "2026-02-19 19:36:38"}
{"event": "SKIP", "row": 565, "media_id": 42, "reason": "already reviewed", "ts": "2026-02-19 19:36:38"}
{"event": "SKIP", "row": 560, "media_id": 68, "reason": "already reviewed", "ts": "2026-02-19 19:36:38"}
{"event": "SKIP", "row": 573, "media_id": 74, "reason": "already reviewed", "ts": "2026-02-19 19:36:38"}
{"event": "SKIP", "row": 603, "media_id": 60, "reason": "already reviewed", "ts": "2026-02-19 19:36:38"}
{"event": "SKIP", "row": 606, "media_id": 78, "reason": "already reviewed", "ts": "2026-02-19 19:36:38"}
{"event": "SKIP", "row": 601, "media_id": 10, "reason": "already reviewed", "ts": "2026-02-19 19:36:38"}
{"event": "SKIP", "row": 614, "media_id": 37, "reason": "already reviewed", "ts": "2026-02-19 19:36:38"}
{"event": "SKIP", "row": 605, "media_id": 74, "reason": "already reviewed", "ts": "2026-02-19 19:36:38"}
{"event": "SKIP", "row": 616, "media_id": 77, "reason": "already reviewed", "ts": "2026-02-19 19:36:38"}
{"event": "SKIP", "row": 607, "media_id": 20, "reason": "already reviewed", "ts": "2026-02-19 19:36:38"}
{"event": "SKIP", "row": 619, "media_id": 87, "reason": "already reviewed", "ts": "2026-02-19 19:36:38"}
{"event": "SKIP", "row": 608, "media_id": 14, "reason": "already reviewed", "ts": "2026-02-19 19:36:38"}
{"event": "SKIP", "row": 609, "media_id": 11, "reason": "already reviewed", "ts": "2026-02-19 19:36:38"}
{"event": "SKIP", "row": 615, "media_id": 100, "reason": "already reviewed", "ts": "2026-02-19 19:36:38"}
{"event": "SKIP", "row": 624, "media_id": 77, "reason": "already reviewed", "ts": "2026-02-19 19:36:38"}
{"event": "SKIP", "row": 611, "media_id": 91, "reason": "already reviewed", "ts": "2026-02-19 19:36:38"}
{"event": "SKIP", "row": 617, "media_id": 83, "reason": "already reviewed", "ts": "2026-02-19 19:36:38"}
{"event": "SKIP", "row": 620, "media_id": 33, "reason": "already reviewed", "ts": "2026-02-19 19:36:38"}
{"event": "SKIP", "row": 602, "media_id": 77, "reason": "already reviewed", "ts": "2026-02-19 19:36:38"}
{"event": "SKIP", "row": 613, "media_id": 21, "reason": "already reviewed", "ts": "2026-02-19 19:36:38"}
{"event": "SKIP", "row": 623, "media_id": 40, "reason": "already reviewed", "ts": "2026-02-19 19:36:38"}
{"event": "SKIP", "row": 625, "media_id": 72, "reason": "already reviewed", "ts": "2026-02-19 19:36:38"}
{"event": "SKIP", "row": 628, "media_id": 83, "reason": "already reviewed", "ts": "2026-02-19 19:36:38"}
{"event": "SKIP", "row": 604, "media_id": 95, "reason": "already reviewed", "ts": "2026-02-19 19:36:38"}
{"event": "SKIP", "row": 622, "media_id": 85, "reason": "already reviewed", "ts": "2026-02-19 19:36:38"}
{"event": "SKIP", "row": 626, "media_id": 43, "reason": "already reviewed", "ts": "2026-02-19 19:36:38"}
{"event": "SKIP", "row": 629, "media_id": 47, "reason": "already reviewed", "ts": "2026-02-19 19:36:38"}
{"event": "SKIP", "row": 612, "media_id": 68, "reason": "already reviewed", "ts": "2026-02-19 19:36:38"}
{"event": "SKIP", "row": 632, "media_id": 29, "reason": "already reviewed", "ts": "2026-02-19 19:36:38"}
{"event": "SKIP", "row": 618, "media_id": 43, "reason": "already reviewed", "ts": "2026-02-19 19:36:38"}
{"event": "SKIP", "row": 627, "media_id": 90, "reason": "already reviewed", "ts": "2026-02-19 19:36:38"}
{"event": "SKIP", "row": 630, "media_id": 40, "reason": "already reviewed", "ts": "2026-02-19 19:36:38"}
{"event": "SKIP", "row": 634, "media_id": 65, "reason": "already reviewed", "ts": "2026-02-19 19:36:38"}
{"event": "SKIP", "row": 636, "media_id": 44, "reason": "already reviewed", "ts": "2026-02-19 19:36:38"}
{"event": "SKIP", "row": 610, "media_id": 23, "reason": "already reviewed", "ts": "2026-02-19 19:36:38"}
{"event": "SKIP", "row": 631, "media_id": 44, "reason": "already reviewed", "ts": "2026-02-19 19:36:38"}
{"event": "SKIP", "row": 639, "media_id": 99, "reason": "already reviewed", "ts": "2026-02-19 19:36:38"}
{"event": "SKIP", "row": 644, "media_id": 96, "reason": "already reviewed", "ts": "2026-02-19 19:36:38"}
{"event": "SKIP", "row": 643, "media_id": 79, "reason": "already reviewed", "ts": "2026-02-19 19:36:38"}
{"event": "SKIP", "row": 638, "media_id": 21, "reason": "already reviewed", "ts": "2026-02-19 19:36:38"}
{"event": "SKIP", "row": 635, "media_id": 68, "reason": "already reviewed", "ts": "2026-02-19 19:36:38"}
{"event": "SKIP", "row": 633, "media_id": 10, "reason": "already reviewed", "ts": "2026-02-19 19:36:38"}
{"event": "SKIP", "row": 641, "media_id": 53, "reason": "already reviewed", "ts": "2026-02-19 19:36:38"}
{"event": "SKIP", "row": 621, "media_id": 43, "reason": "already reviewed", "ts": "2026-02-19 19:36:38"}
{"event": "SKIP", "row": 646, "media_id": 61, "reason": "already reviewed", "ts": "2026-02-19 19:36:38"}
{"event": "SKIP", "row": 637, "media_id": 77, "reason": "already reviewed", "ts": "2026-02-19 19:36:38"}
{"event": "SKIP", "row": 647, "media_id": 87, "reason": "already reviewed", "ts": "2026-02-19 19:36:38"}
{"event": "SKIP", "row": 642, "media_id": 93, "reason": "already reviewed", "ts": "2026-02-19 19:36:38"}
{"event": "SKIP", "row": 645, "media_id": 69, "reason": "already reviewed", "ts": "2026-02-19 19:36:38"}
{"event": "SKIP", "row": 650, "media_id": 54, "reason": "already reviewed", "ts": "2026-02-19 19:36:38"}
{"event": "SKIP", "row": 640, "media_id": 93, "reason": "already reviewed", "ts": "2026-02-19 19:36:38"}
{"event": "SKIP", "row": 649, "media_id": 49, "reason": "already reviewed", "ts": "2026-02-19 19:36:38"}
{"event": "SKIP", "row": 648, "media_id": 60, "reason": "already reviewed", "ts": "2026-02-19 19:36:38"}
{"event": "SKIP", "row": 651, "media_id": 78, "reason": "already reviewed", "ts": "2026-02-19 19:36:38"}
{"event": "SKIP", "row": 652, "media_id": 7, "reason": "already reviewed", "ts": "2026-02-19 19:36:38"}
{"event": "SKIP", "row": 669, "media_id": 20, "reason": "already reviewed", "ts": "2026-02-19 19:36:38"}
{"event": "SKIP", "row": 659, "media_id": 54, "reason": "already reviewed", "ts": "2026-02-19 19:36:38"}
{"event": "SKIP", "row": 664, "media_id": 18, "reason": "already reviewed", "ts": "2026-02-19 19:36:38"}
{"event": "SKIP", "row": 666, "media_id": 91, "reason": "already reviewed", "ts": "2026-02-19 19:36:38"}
{"event": "SKIP", "row": 655, "media_id": 11, "reason": "already reviewed", "ts": "2026-02-19 19:36:38"}
{"event": "SKIP", "row": 661, "media_id": 50, "reason": "already reviewed", "ts": "2026-02-19 19:36:38"}
{"event": "SKIP", "row": 670, "media_id": 78, "reason": "already reviewed", "ts": "2026-02-19 19:36:38"}
{"event": "SKIP", "row": 656, "media_id": 58, "reason": "already reviewed", "ts": "2026-02-19 19:36:38"}
{"event": "SKIP", "row": 657, "media_id": 56, "reason": "already reviewed", "ts": "2026-02-19 19:36:38"}
{"event": "SKIP", "row": 654, "media_id": 67, "reason": "already reviewed", "ts": "2026-02-19 19:36:38"}
{"event": "SKIP", "row": 667, "media_id": 79, "reason": "already reviewed", "ts": "2026-02-19 19:36:38"}
{"event": "SKIP", "row": 663, "media_id": 13, "reason": "already reviewed", "ts": "2026-02-19 19:36:38"}
{"event": "SKIP", "row": 662, "media_id": 29, "reason": "already reviewed", "ts": "2026-02-19 19:36:38"}
{"event": "SKIP", "row": 653, "media_id": 71, "reason": "already reviewed", "ts": "2026-02-19 19:36:38"}
{"event": "SKIP", "row": 671, "media_id": 15, "reason": "already reviewed", "ts": "2026-02-19 19:36:38"}
{"event": "SKIP", "row": 665, "media_id": 61, "reason": "already reviewed", "ts": "2026-02-19 19:36:38"}
{"event": "SKIP", "row": 680, "media_id": 46, "reason": "already reviewed", "ts": "2026-02-19 19:36:38"}
{"event": "SKIP", "row": 676, "media_id": 69, "reason": "already reviewed", "ts": "2026-02-19 19:36:38"}
{"event": "SKIP", "row": 679, "media_id": 55, "reason": "already reviewed", "ts": "2026-02-19 19:36:38"}
{"event": "SKIP", "row": 681, "media_id": 54, "reason": "already reviewed", "ts": "2026-02-19 19:36:38"}
{"event": "SKIP", "row": 674, "media_id": 80, "reason": "already reviewed", "ts": "2026-02-19 19:36:38"}
{"event": "SKIP", "row": 660, "media_id": 65, "reason": "already reviewed", "ts": "2026-02-19 19:36:38"}
{"event": "SKIP", "row": 672, "media_id": 39, "reason": "already reviewed", "ts": "2026-02-19 19:36:38"}
{"event": "SKIP", "row": 673, "media_id": 31, "reason": "already reviewed", "ts": "2026-02-19 19:36:38"}
{"event": "SKIP", "row": 677, "media_id": 66, "reason": "already reviewed", "ts": "2026-02-19 19:36:38"}
{"event": "SKIP", "row": 683, "media_id": 47, "reason": "already reviewed", "ts": "2026-02-19 19:36:38"}
{"event": "SKIP", "row": 675, "media_id": 15, "reason": "already reviewed", "ts": "2026-02-19 19:36:38"}
{"event": "SKIP", "row": 682, "media_id": 86, "reason": "already reviewed", "ts": "2026-02-19 19:36:38"}
{"event": "SKIP", "row": 686, "media_id": 61, "reason": "already reviewed", "ts": "2026-02-19 19:36:38"}
{"event": "SKIP", "row": 685, "media_id": 71, "reason": "already reviewed", "ts": "2026-02-19 19:36:38"}
{"event": "SKIP", "row": 695, "media_id": 62, "reason": "already reviewed", "ts": "2026-02-19 19:36:38"}
{"event": "SKIP", "row": 696, "media_id": 9, "reason": "already reviewed", "ts": "2026-02-19 19:36:38"}
{"event": "SKIP", "row": 690, "media_id": 94, "reason": "already reviewed", "ts": "2026-02-19 19:36:38"}
{"event": "SKIP", "row": 691, "media_id": 75, "reason": "already reviewed", "ts": "2026-02-19 19:36:38"}
{"event": "SKIP", "row": 692, "media_id": 6, "reason": "already reviewed", "ts": "2026-02-19 19:36:38"}
{"event": "SKIP", "row": 688, "media_id": 96, "reason": "already reviewed", "ts": "2026-02-19 19:36:38"}
{"event": "SKIP", "row": 668, "media_id": 3, "reason": "already reviewed", "ts": "2026-02-19 19:36:38"}
{"event": "SKIP", "row": 693, "media_id": 44, "reason": "already reviewed", "ts": "2026-02-19 19:36:38"}
{"event": "SKIP", "row": 684, "media_id": 70, "reason": "already reviewed", "ts": "2026-02-19 19:36:38"}
{"event": "SKIP", "row": 694, "media_id": 88, "reason": "already reviewed", "ts": "2026-02-19 19:36:38"}
{"event": "SKIP", "row": 699, "media_id": 40, "reason": "already reviewed", "ts": "2026-02-19 19:36:38"}
{"event": "SKIP", "row": 698, "media_id": 26, "reason": "already reviewed", "ts": "2026-02-19 19:36:38"}
{"event": "SKIP", "row": 678, "media_id": 92, "reason": "already reviewed", "ts": "2026-02-19 19:36:38"}
{"event": "SKIP", "row": 697, "media_id": 38, "reason": "already reviewed", "ts": "2026-02-19 19:36:38"}
{"event": "SKIP", "row": 687, "media_id": 50, "reason": "already reviewed", "ts": "2026-02-19 19:36:38"}
{"event": "SKIP", "row": 689, "media_id": 9, "reason": "already reviewed", "ts": "2026-02-19 19:36:38"}
{"event": "SKIP", "row": 700, "media_id": 70, "reason": "already reviewed", "ts": "2026-02-19 19:36:38"}
{"event": "SKIP", "row": 658, "media_id": 58, "reason": "already reviewed", "ts": "2026-02-19 19:36:38"}
{"event": "SKIP", "row": 706, "media_id": 44, "reason": "already reviewed", "ts": "2026-02-19 19:36:38"}
{"event": "SKIP", "row": 714, "media_id": 58, "reason": "already reviewed", "ts": "2026-02-19 19:36:38"}
{"event": "SKIP", "row": 711, "media_id": 70, "reason": "already reviewed", "ts": "2026-02-19 19:36:38"}
{"event": "SKIP", "row": 708, "media_id": 67, "reason": "already reviewed", "ts": "2026-02-19 19:36:38"}
{"event": "SKIP", "row": 712, "media_id": 14, "reason": "already reviewed", "ts": "2026-02-19 19:36:38"}
{"event": "SKIP", "row": 710, "media_id": 56, "reason": "already reviewed", "ts": "2026-02-19 19:36:38"}
{"event": "SKIP", "row": 704, "media_id": 48, "reason": "already reviewed", "ts": "2026-02-19 19:36:38"}
{"event": "SKIP", "row": 703, "media_id": 43, "reason": "already reviewed", "ts": "2026-02-19 19:36:38"}
{"event": "SKIP", "row": 701, "media_id": 5, "reason": "already reviewed", "ts": "2026-02-19 19:36:38"}
{"event": "SKIP", "row": 720, "media_id": 82, "reason": "already reviewed", "ts": "2026-02-19 19:36:38"}
{"event": "SKIP", "row": 719, "media_id": 8, "reason": "already reviewed", "ts": "2026-02-19 19:36:38"}
{"event": "SKIP", "row": 717, "media_id": 6, "reason": "already reviewed", "ts": "2026-02-19 19:36:38"}
{"event": "SKIP", "row": 713, "media_id": 85, "reason": "already reviewed", "ts": "2026-02-19 19:36:38"}
{"event": "SKIP", "row": 718, "media_id": 56, "reason": "already reviewed", "ts": "2026-02-19 19:36:38"}
{"event": "SKIP", "row": 702, "media_id": 46, "reason": "already reviewed", "ts": "2026-02-19 19:36:38"}
{"event": "SKIP", "row": 721, "media_id": 66, "reason": "already reviewed", "ts": "2026-02-19 19:36:38"}
{"event": "SKIP", "row": 728, "media_id": 58, "reason": "already reviewed", "ts": "2026-02-19 19:36:38"}
{"event": "SKIP", "row": 723, "media_id": 57, "reason": "already reviewed", "ts": "2026-02-19 19:36:38"}
{"event": "SKIP", "row": 725, "media_id": 83, "reason": "already reviewed", "ts": "2026-02-19 19:36:38"}
{"event": "SKIP", "row": 724, "media_id": 9, "reason": "already reviewed", "ts": "2026-02-19 19:36:38"}
{"event": "SKIP", "row": 733, "media_id": 4, "reason": "already reviewed", "ts": "2026-02-19 19:36:38"}
{"event": "SKIP", "row": 705, "media_id": 96, "reason": "already reviewed", "ts": "2026-02-19 19:36:38"}
{"event": "SKIP", "row": 707, "media_id": 89, "reason": "already reviewed", "ts": "2026-02-19 19:36:38"}
{"event": "SKIP", "row": 726, "media_id": 50, "reason": "already reviewed", "ts": "2026-02-19 19:36:38"}
{"event": "SKIP", "row": 722, "media_id": 19, "reason": "already reviewed", "ts": "2026-02-19 19:36:38"}
{"event": "SKIP", "row": 727, "media_id": 78, "reason": "already reviewed", "ts": "2026-02-19 19:36:38"}
{"event": "SKIP", "row": 715, "media_id": 55, "reason": "already reviewed", "ts": "2026-02-19 19:36:38"}
{"event": "SKIP", "row": 737, "media_id": 79, "reason": "already reviewed", "ts": "2026-02-19 19:36:38"}
{"event": "SKIP", "row": 709, "media_id": 94, "reason": "already reviewed", "ts": "2026-02-19 19:36:38"}
{"event": "SKIP", "row": 730, "media_id": 18, "reason": "already reviewed", "ts": "2026-02-19 19:36:38"}
{"event": "SKIP", "row": 729, "media_id": 57, "reason": "already reviewed", "ts": "2026-02-19 19:36:38"}
{"event": "SKIP", "row": 731, "media_id": 51, "reason": "already reviewed", "ts": "2026-02-19 19:36:38"}
{"event": "SKIP", "row": 738, "media_id": 63, "reason": "already reviewed", "ts": "2026-02-19 19:36:38"}
{"event": "SKIP", "row": 716, "media_id": 57, "reason": "already reviewed", "ts": "2026-02-19 19:36:38"}
{"event": "SKIP", "row": 739, "media_id": 18, "reason": "already reviewed", "ts": "2026-02-19 19:36:38"}
{"event": "SKIP", "row": 736, "media_id": 34, "reason": "already reviewed", "ts": "2026-02-19 19:36:38"}
{"event": "SKIP", "row": 732, "media_id": 36, "reason": "already reviewed", "ts": "2026-02-19 19:36:38"}
{"event": "SKIP", "row": 745, "media_id": 66, "reason": "already reviewed", "ts": "2026-02-19 19:36:38"}
{"event": "SKIP", "row": 747, "media_id": 64, "reason": "already reviewed", "ts": "2026-02-19 19:36:38"}
{"event": "SKIP", "row": 746, "media_id": 26, "reason": "already reviewed", "ts": "2026-02-19 19:36:38"}
{"event": "SKIP", "row": 748, "media_id": 71, "reason": "already reviewed", "ts": "2026-02-19 19:36:38"}
{"event": "SKIP", "row": 741, "media_id": 88, "reason": "already reviewed", "ts": "2026-02-19 19:36:38"}
{"event": "SKIP", "row": 740, "media_id": 23, "reason": "already reviewed", "ts": "2026-02-19 19:36:38"}
{"event": "SKIP", "row": 749, "media_id": 60, "reason": "already reviewed", "ts": "2026-02-19 19:36:38"}
{"event": "SKIP", "row": 734, "media_id": 67, "reason": "already reviewed", "ts": "2026-02-19 19:36:38"}
{"event": "SKIP", "row": 744, "media_id": 21, "reason": "already reviewed", "ts": "2026-02-19 19:36:38"}
{"event": "SKIP", "row": 743, "media_id": 70, "reason": "already reviewed", "ts": "2026-02-19 19:36:38"}
{"event": "SKIP", "row": 750, "media_id": 79, "reason": "already reviewed", "ts": "2026-02-19 19:36:38"}
{"event": "SKIP", "row": 742, "media_id": 45, "reason": "already reviewed", "ts": "2026-02-19 19:36:38"}
{"event": "SKIP", "row": 735, "media_id": 16, "reason": "already reviewed", "ts": "2026-02-19 19:36:38"}
{"event": "SKIP", "row": 753, "media_id": 53, "reason": "already reviewed", "ts": "2026-02-19 19:36:38"}
{"event": "SKIP", "row": 751, "media_id": 40, "reason": "already reviewed", "ts": "2026-02-19 19:36:38"}
{"event": "SKIP", "row": 756, "media_id": 60, "reason": "already reviewed", "ts": "2026-02-19 19:36:38"}
{"event": "SKIP", "row": 758, "media_id": 76, "reason": "already reviewed", "ts": "2026-02-19 19:36:38"}
{"event": "SKIP", "row": 752, "media_id": 93, "reason": "already reviewed", "ts": "2026-02-19 19:36:38"}
{"event": "SKIP", "row": 770, "media_id": 85, "reason": "already reviewed", "ts": "2026-02-19 19:36:38"}
{"event": "SKIP", "row": 769, "media_id": 75, "reason": "already reviewed", "ts": "2026-02-19 19:36:38"}
{"event": "SKIP", "row": 759, "media_id": 17, "reason": "already reviewed", "ts": "2026-02-19 19:36:38"}
{"event": "SKIP", "row": 755, "media_id": 83, "reason": "already reviewed", "ts": "2026-02-19 19:36:38"}
{"event": "SKIP", "row": 768, "media_id": 83, "reason": "already reviewed", "ts": "2026-02-19 19:36:38"}
{"event": "SKIP", "row": 762, "media_id": 21, "reason": "already reviewed", "ts": "2026-02-19 19:36:38"}
{"event": "SKIP", "row": 771, "media_id": 78, "reason": "already reviewed", "ts": "2026-02-19 19:36:38"}
{"event": "SKIP", "row": 766, "media_id": 17, "reason": "already reviewed", "ts": "2026-02-19 19:36:38"}
{"event": "SKIP", "row": 765, "media_id": 26, "reason": "already reviewed", "ts": "2026-02-19 19:36:38"}
{"event": "SKIP", "row": 757, "media_id": 17, "reason": "already reviewed", "ts": "2026-02-19 19:36:38"}
{"event": "SKIP", "row": 774, "media_id": 84, "reason": "already reviewed", "ts": "2026-02-19 19:36:38"}
{"event": "SKIP", "row": 772, "media_id": 6, "reason": "already reviewed", "ts": "2026-02-19 19:36:38"}
{"event": "SKIP", "row": 760, "media_id": 8, "reason": "already reviewed", "ts": "2026-02-19 19:36:38"}
{"event": "SKIP", "row": 764, "media_id": 37, "reason": "already reviewed", "ts": "2026-02-19 19:36:38"}
{"event": "SKIP", "row": 763, "media_id": 29, "reason": "already reviewed", "ts": "2026-02-19 19:36:38"}
{"event": "SKIP", "row": 773, "media_id": 6, "reason": "already reviewed", "ts": "2026-02-19 19:36:38"}
{"event": "SKIP", "row": 754, "media_id": 10, "reason": "already reviewed", "ts": "2026-02-19 19:36:38"}
{"event": "SKIP", "row": 776, "media_id": 82, "reason": "already reviewed", "ts": "2026-02-19 19:36:38"}
{"event": "SKIP", "row": 782, "media_id": 54, "reason": "already reviewed", "ts": "2026-02-19 19:36:38"}
{"event": "SKIP", "row": 785, "media_id": 41, "reason": "already reviewed", "ts": "2026-02-19 19:36:38"}
{"event": "SKIP", "row": 779, "media_id": 32, "reason": "already reviewed", "ts": "2026-02-19 19:36:38"}
{"event": "SKIP", "row": 775, "media_id": 74, "reason": "already reviewed", "ts": "2026-02-19 19:36:38"}
{"event": "SKIP", "row": 777, "media_id": 81, "reason": "already reviewed", "ts": "2026-02-19 19:36:38"}
{"event": "SKIP", "row": 767, "media_id": 69, "reason": "already reviewed", "ts": "2026-02-19 19:36:38"}
{"event": "SKIP", "row": 761, "media_id": 20, "reason": "already reviewed", "ts": "2026-02-19 19:36:38"}
{"event": "SKIP", "row": 780, "media_id": 59, "reason": "already reviewed", "ts": "2026-02-19 19:36:38"}
{"event": "SKIP", "row": 786, "media_id": 17, "reason": "already reviewed", "ts": "2026-02-19 19:36:38"}
{"event": "SKIP", "row": 781, "media_id": 8, "reason": "already reviewed", "ts": "2026-02-19 19:36:38"}
{"event": "SKIP", "row": 790, "media_id": 19, "reason": "already reviewed", "ts": "2026-02-19 19:36:38"}
{"event": "SKIP", "row": 778, "media_id": 83, "reason": "already reviewed", "ts": "2026-02-19 19:36:38"}
{"event": "SKIP", "row": 789, "media_id": 35, "reason": "already reviewed", "ts": "2026-02-19 19:36:38"}
{"event": "SKIP", "row": 784, "media_id": 19, "reason": "already reviewed", "ts": "2026-02-19 19:36:38"}
{"event": "SKIP", "row": 792, "media_id": 54, "reason": "already reviewed", "ts": "2026-02-19 19:36:38"}
{"event": "SKIP", "row": 793, "media_id": 42, "reason": "already reviewed", "ts": "2026-02-19 19:36:38"}
{"event": "SKIP", "row": 799, "media_id": 31, "reason": "already reviewed", "ts": "2026-02-19 19:36:38"}
{"event": "SKIP", "row": 787, "media_id": 72, "reason": "already reviewed", "ts": "2026-02-19 19:36:38"}
{"event": "SKIP", "row": 796, "media_id": 60, "reason": "already reviewed", "ts": "2026-02-19 19:36:38"}
{"event": "SKIP", "row": 795, "media_id": 21, "reason": "already reviewed", "ts": "2026-02-19 19:36:38"}
{"event": "SKIP", "row": 783, "media_id": 27, "reason": "already reviewed", "ts": "2026-02-19 19:36:38"}
{"event": "SKIP", "row": 797, "media_id": 64, "reason": "already reviewed", "ts": "2026-02-19 19:36:38"}
{"event": "SKIP", "row": 794, "media_id": 41, "reason": "already reviewed", "ts": "2026-02-19 19:36:38"}
{"event": "SKIP", "row": 791, "media_id": 38, "reason": "already reviewed", "ts": "2026-02-19 19:36:38"}
{"event": "SKIP", "row": 788, "media_id": 31, "reason": "already reviewed", "ts": "2026-02-19 19:36:38"}
{"event": "SKIP", "row": 800, "media_id": 46, "reason": "already reviewed", "ts": "2026-02-19 19:36:38"}
{"event": "SKIP", "row": 798, "media_id": 51, "reason": "already reviewed", "ts": "2026-02-19 19:36:38"}
{"event": "SKIP", "row": 806, "media_id": 52, "reason": "already reviewed", "ts": "2026-02-19 19:36:38"}
{"event": "SKIP", "row": 804, "media_id": 56, "reason": "already reviewed", "ts": "2026-02-19 19:36:38"}
{"event": "SKIP", "row": 817, "media_id": 65, "reason": "already reviewed", "ts": "2026-02-19 19:36:38"}
{"event": "SKIP", "row": 809, "media_id": 71, "reason": "already reviewed", "ts": "2026-02-19 19:36:38"}
{"event": "SKIP", "row": 815, "media_id": 47, "reason": "already reviewed", "ts": "2026-02-19 19:36:38"}
{"event": "SKIP", "row": 802, "media_id": 84, "reason": "already reviewed", "ts": "2026-02-19 19:36:38"}
{"event": "SKIP", "row": 820, "media_id": 59, "reason": "already reviewed", "ts": "2026-02-19 19:36:38"}
{"event": "SKIP", "row": 814, "media_id": 48, "reason": "already reviewed", "ts": "2026-02-19 19:36:38"}
{"event": "SKIP", "row": 819, "media_id": 43, "reason": "already reviewed", "ts": "2026-02-19 19:36:38"}
{"event": "SKIP", "row": 805, "media_id": 94, "reason": "already reviewed", "ts": "2026-02-19 19:36:38"}
{"event": "SKIP", "row": 807, "media_id": 52, "reason": "already reviewed", "ts": "2026-02-19 19:36:38"}
{"event": "SKIP", "row": 801, "media_id": 37, "reason": "already reviewed", "ts": "2026-02-19 19:36:38"}
{"event": "SKIP", "row": 808, "media_id": 72, "reason": "already reviewed", "ts": "2026-02-19 19:36:38"}
{"event": "SKIP", "row": 823, "media_id": 51, "reason": "already reviewed", "ts": "2026-02-19 19:36:38"}
{"event": "SKIP", "row": 813, "media_id": 17, "reason": "already reviewed", "ts": "2026-02-19 19:36:38"}
{"event": "SKIP", "row": 803, "media_id": 69, "reason": "already reviewed", "ts": "2026-02-19 19:36:38"}
{"event": "SKIP", "row": 825, "media_id": 65, "reason": "already reviewed", "ts": "2026-02-19 19:36:38"}
{"event": "SKIP", "row": 827, "media_id": 61, "reason": "already reviewed", "ts": "2026-02-19 19:36:38"}
{"event": "SKIP", "row": 822, "media_id": 79, "reason": "already reviewed", "ts": "2026-02-19 19:36:38"}
{"event": "SKIP", "row": 812, "media_id": 80, "reason": "already reviewed", "ts": "2026-02-19 19:36:38"}
{"event": "SKIP", "row": 824, "media_id": 39, "reason": "already reviewed", "ts": "2026-02-19 19:36:38"}
{"event": "SKIP", "row": 826, "media_id": 63, "reason": "already reviewed", "ts": "2026-02-19 19:36:38"}
{"event": "SKIP", "row": 833, "media_id": 30, "reason": "already reviewed", "ts": "2026-02-19 19:36:38"}
{"event": "SKIP", "row": 828, "media_id": 43, "reason": "already reviewed", "ts": "2026-02-19 19:36:38"}
{"event": "SKIP", "row": 829, "media_id": 75, "reason": "already reviewed", "ts": "2026-02-19 19:36:38"}
{"event": "SKIP", "row": 834, "media_id": 62, "reason": "already reviewed", "ts": "2026-02-19 19:36:38"}
{"event": "SKIP", "row": 810, "media_id": 50, "reason": "already reviewed", "ts": "2026-02-19 19:36:38"}
{"event": "SKIP", "row": 830, "media_id": 89, "reason": "already reviewed", "ts": "2026-02-19 19:36:38"}
{"event": "SKIP", "row": 821, "media_id": 66, "reason": "already reviewed", "ts": "2026-02-19 19:36:38"}
{"event": "SKIP", "row": 831, "media_id": 61, "reason": "already reviewed", "ts": "2026-02-19 19:36:38"}
{"event": "SKIP", "row": 838, "media_id": 90, "reason": "already reviewed", "ts": "2026-02-19 19:36:38"}
{"event": "SKIP", "row": 839, "media_id": 3, "reason": "already reviewed", "ts": "2026-02-19 19:36:38"}
{"event": "SKIP", "row": 837, "media_id": 32, "reason": "already reviewed", "ts": "2026-02-19 19:36:38"}
{"event": "SKIP", "row": 836, "media_id": 49, "reason": "already reviewed", "ts": "2026-02-19 19:36:38"}
{"event": "SKIP", "row": 840, "media_id": 54, "reason": "already reviewed", "ts": "2026-02-19 19:36:38"}
{"event": "SKIP", "row": 818, "media_id": 5, "reason": "already reviewed", "ts": "2026-02-19 19:36:38"}
{"event": "SKIP", "row": 843, "media_id": 95, "reason": "already reviewed", "ts": "2026-02-19 19:36:38"}
{"event": "SKIP", "row": 816, "media_id": 78, "reason": "already reviewed", "ts": "2026-02-19 19:36:38"}
{"event": "SKIP", "row": 841, "media_id": 89, "reason": "already reviewed", "ts": "2026-02-19 19:36:38"}
{"event": "SKIP", "row": 846, "media_id": 62, "reason": "already reviewed", "ts": "2026-02-19 19:36:38"}
{"event": "SKIP", "row": 811, "media_id": 98, "reason": "already reviewed", "ts": "2026-02-19 19:36:38"}
{"event": "SKIP", "row": 844, "media_id": 18, "reason": "already reviewed", "ts": "2026-02-19 19:36:38"}
{"event": "SKIP", "row": 842, "media_id": 65, "reason": "already reviewed", "ts": "2026-02-19 19:36:38"}
{"event": "SKIP", "row": 845, "media_id": 72, "reason": "already reviewed", "ts": "2026-02-19 19:36:38"}
{"event": "SKIP", "row": 850, "media_id": 62, "reason": "already reviewed", "ts": "2026-02-19 19:36:38"}
{"event": "SKIP", "row": 835, "media_id": 81, "reason": "already reviewed", "ts": "2026-02-19 19:36:38"}
{"event": "SKIP", "row": 832, "media_id": 100, "reason": "already reviewed", "ts": "2026-02-19 19:36:38"}
{"event": "SKIP", "row": 848, "media_id": 69, "reason": "already reviewed", "ts": "2026-02-19 19:36:38"}
{"event": "SKIP", "row": 849, "media_id": 46, "reason": "already reviewed", "ts": "2026-02-19 19:36:38"}
{"event": "SKIP", "row": 847, "media_id": 41, "reason": "already reviewed", "ts": "2026-02-19 19:36:38"}
{"event": "SKIP", "row": 857, "media_id": 16, "reason": "already reviewed", "ts": "2026-02-19 19:36:38"}
{"event": "SKIP", "row": 868, "media_id": 7, "reason": "already reviewed", "ts": "2026-02-19 19:36:38"}
{"event": "SKIP", "row": 852, "media_id": 29, "reason": "already reviewed", "ts": "2026-02-19 19:36:38"}
{"event": "SKIP", "row": 854, "media_id": 91, "reason": "already reviewed", "ts": "2026-02-19 19:36:38"}
{"event": "SKIP", "row": 856, "media_id": 93, "reason": "already reviewed", "ts": "2026-02-19 19:36:38"}
{"event": "SKIP", "row": 863, "media_id": 62, "reason": "already reviewed", "ts": "2026-02-19 19:36:38"}
{"event": "SKIP", "row": 855, "media_id": 62, "reason": "already reviewed", "ts": "2026-02-19 19:36:38"}
{"event": "SKIP", "row": 865, "media_id": 90, "reason": "already reviewed", "ts": "2026-02-19 19:36:38"}
{"event": "SKIP", "row": 851, "media_id": 36, "reason": "already reviewed", "ts": "2026-02-19 19:36:38"}
{"event": "SKIP", "row": 866, "media_id": 14, "reason": "already reviewed", "ts": "2026-02-19 19:36:38"}
{"event": "SKIP", "row": 861, "media_id": 11, "reason": "already reviewed", "ts": "2026-02-19 19:36:38"}
{"event": "SKIP", "row": 860, "media_id": 6, "reason": "already reviewed", "ts": "2026-02-19 19:36:38"}
{"event": "SKIP", "row": 872, "media_id": 88, "reason": "already reviewed", "ts": "2026-02-19 19:36:38"}
{"event": "SKIP", "row": 859, "media_id": 45, "reason": "already reviewed", "ts": "2026-02-19 19:36:38"}
{"event": "SKIP", "row": 877, "media_id": 83, "reason": "already reviewed", "ts": "2026-02-19 19:36:38"}
{"event": "SKIP", "row": 864, "media_id": 69, "reason": "already reviewed", "ts": "2026-02-19 19:36:38"}
{"event": "SKIP", "row": 873, "media_id": 71, "reason": "already reviewed", "ts": "2026-02-19 19:36:38"}
{"event": "SKIP", "row": 879, "media_id": 69, "reason": "already reviewed", "ts": "2026-02-19 19:36:38"}
{"event": "SKIP", "row": 874, "media_id": 84, "reason": "already reviewed", "ts": "2026-02-19 19:36:38"}
{"event": "SKIP", "row": 858, "media_id": 70, "reason": "already reviewed", "ts": "2026-02-19 19:36:38"}
{"event": "SKIP", "row": 871, "media_id": 92, "reason": "already reviewed", "ts": "2026-02-19 19:36:38"}
{"event": "SKIP", "row": 878, "media_id": 12, "reason": "already reviewed", "ts": "2026-02-19 19:36:38"}
{"event": "SKIP", "row": 876, "media_id": 37, "reason": "already reviewed", "ts": "2026-02-19 19:36:38"}
{"event": "SKIP", "row": 884, "media_id": 78, "reason": "already reviewed", "ts": "2026-02-19 19:36:38"}
{"event": "SKIP", "row": 885, "media_id": 37, "reason": "already reviewed", "ts": "2026-02-19 19:36:38"}
{"event": "SKIP", "row": 881, "media_id": 51, "reason": "already reviewed", "ts": "2026-02-19 19:36:38"}
{"event": "SKIP", "row": 870, "media_id": 13, "reason": "already reviewed", "ts": "2026-02-19 19:36:38"}
{"event": "SKIP", "row": 880, "media_id": 54, "reason": "already reviewed", "ts": "2026-02-19 19:36:38"}
{"event": "SKIP", "row": 883, "media_id": 2, "reason": "already reviewed", "ts": "2026-02-19 19:36:38"}
{"event": "SKIP", "row": 891, "media_id": 24, "reason": "already reviewed", "ts": "2026-02-19 19:36:38"}
{"event": "SKIP", "row": 875, "media_id": 84, "reason": "already reviewed", "ts": "2026-02-19 19:36:38"}
{"event": "SKIP", "row": 886, "media_id": 70, "reason": "already reviewed", "ts": "2026-02-19 19:36:38"}
{"event": "SKIP", "row": 890, "media_id": 59, "reason": "already reviewed", "ts": "2026-02-19 19:36:38"}
{"event": "SKIP", "row": 867, "media_id": 76, "reason": "already reviewed", "ts": "2026-02-19 19:36:38"}
{"event": "SKIP", "row": 869, "media_id": 82, "reason": "already reviewed", "ts": "2026-02-19 19:36:38"}
{"event": "SKIP", "row": 887, "media_id": 18, "reason": "already reviewed", "ts": "2026-02-19 19:36:38"}
{"event": "SKIP", "row": 892, "media_id": 44, "reason": "already reviewed", "ts": "2026-02-19 19:36:38"}
{"event": "SKIP", "row": 895, "media_id": 66, "reason": "already reviewed", "ts": "2026-02-19 19:36:38"}
{"event": "SKIP", "row": 893, "media_id": 87, "reason": "already reviewed", "ts": "2026-02-19 19:36:38"}
{"event": "SKIP", "row": 889, "media_id": 43, "reason": "already reviewed", "ts": "2026-02-19 19:36:38"}
{"event": "SKIP", "row": 853, "media_id": 37, "reason": "already reviewed", "ts": "2026-02-19 19:36:38"}
{"event": "SKIP", "row": 882, "media_id": 96, "reason": "already reviewed", "ts": "2026-02-19 19:36:38"}
{"event": "SKIP", "row": 888, "media_id": 35, "reason": "already reviewed", "ts": "2026-02-19 19:36:38"}
{"event": "SKIP", "row": 894, "media_id": 79, "reason": "already reviewed", "ts": "2026-02-19 19:36:38"}
{"event": "SKIP", "row": 896, "media_id": 52, "reason": "already reviewed", "ts": "2026-02-19 19:36:38"}
{"event": "SKIP", "row": 899, "media_id": 50, "reason": "already reviewed", "ts": "2026-02-19 19:36:38"}
{"event": "SKIP", "row": 897, "media_id": 18, "reason": "already reviewed", "ts": "2026-02-19 19:36:38"}
{"event": "SKIP", "row": 898, "media_id": 32, "reason": "already reviewed", "ts": "2026-02-19 19:36:38"}
{"event": "SKIP", "row": 900, "media_id": 97, "reason": "already reviewed", "ts": "2026-02-19 19:36:38"}
{"event": "SKIP", "row": 862, "media_id": 84, "reason": "already reviewed", "ts": "2026-02-19 19:36:38"}
{"event": "SKIP", "row": 907, "media_id": 65, "reason": "already reviewed", "ts": "2026-02-19 19:36:38"}
{"event": "SKIP", "row": 909, "media_id": 79, "reason": "already reviewed", "ts": "2026-02-19 19:36:38"}
{"event": "SKIP", "row": 902, "media_id": 74, "reason": "already reviewed", "ts": "2026-02-19 19:36:38"}
{"event": "SKIP", "row": 903, "media_id": 84, "reason": "already reviewed", "ts": "2026-02-19 19:36:38"}
{"event": "SKIP", "row": 901, "media_id": 39, "reason": "already reviewed", "ts": "2026-02-19 19:36:38"}
{"event": "SKIP", "row": 917, "media_id": 91, "reason": "already reviewed", "ts": "2026-02-19 19:36:38"}
{"event": "SKIP", "row": 912, "media_id": 54, "reason": "already reviewed", "ts": "2026-02-19 19:36:38"}
{"event": "SKIP", "row": 904, "media_id": 31, "reason": "already reviewed", "ts": "2026-02-19 19:36:38"}
{"event": "SKIP", "row": 918, "media_id": 73, "reason": "already reviewed", "ts": "2026-02-19 19:36:38"}
{"event": "SKIP", "row": 906, "media_id": 21, "reason": "already reviewed", "ts": "2026-02-19 19:36:38"}
{"event": "SKIP", "row": 913, "media_id": 97, "reason": "already reviewed", "ts": "2026-02-19 19:36:38"}
{"event": "SKIP", "row": 924, "media_id": 12, "reason": "already reviewed", "ts": "2026-02-19 19:36:38"}
{"event": "SKIP", "row": 921, "media_id": 22, "reason": "already reviewed", "ts": "2026-02-19 19:36:38"}
{"event": "SKIP", "row": 911, "media_id": 59, "reason": "already reviewed", "ts": "2026-02-19 19:36:38"}
{"event": "SKIP", "row": 920, "media_id": 74, "reason": "already reviewed", "ts": "2026-02-19 19:36:38"}
{"event": "SKIP", "row": 915, "media_id": 97, "reason": "already reviewed", "ts": "2026-02-19 19:36:38"}
{"event": "SKIP", "row": 908, "media_id": 16, "reason": "already reviewed", "ts": "2026-02-19 19:36:38"}
{"event": "SKIP", "row": 927, "media_id": 73, "reason": "already reviewed", "ts": "2026-02-19 19:36:38"}
{"event": "SKIP", "row": 922, "media_id": 57, "reason": "already reviewed", "ts": "2026-02-19 19:36:38"}
{"event": "SKIP", "row": 925, "media_id": 8, "reason": "already reviewed", "ts": "2026-02-19 19:36:38"}
{"event": "SKIP", "row": 910, "media_id": 18, "reason": "already reviewed", "ts": "2026-02-19 19:36:38"}
{"event": "SKIP", "row": 905, "media_id": 16, "reason": "already reviewed", "ts": "2026-02-19 19:36:38"}
{"event": "SKIP", "row": 926, "media_id": 66, "reason": "already reviewed", "ts": "2026-02-19 19:36:38"}
{"event": "SKIP", "row": 919, "media_id": 71, "reason": "already reviewed", "ts": "2026-02-19 19:36:38"}
{"event": "SKIP", "row": 930, "media_id": 1, "reason": "already reviewed", "ts": "2026-02-19 19:36:38"}
{"event": "SKIP", "row": 929, "media_id": 3, "reason": "already reviewed", "ts": "2026-02-19 19:36:38"}
{"event": "SKIP", "row": 916, "media_id": 68, "reason": "already reviewed", "ts": "2026-02-19 19:36:38"}
{"event": "SKIP", "row": 928, "media_id": 60, "reason": "already reviewed", "ts": "2026-02-19 19:36:38"}
{"event": "SKIP", "row": 932, "media_id": 45, "reason": "already reviewed", "ts": "2026-02-19 19:36:38"}
{"event": "SKIP", "row": 940, "media_id": 84, "reason": "already reviewed", "ts": "2026-02-19 19:36:38"}
{"event": "SKIP", "row": 934, "media_id": 5, "reason": "already reviewed", "ts": "2026-02-19 19:36:38"}
{"event": "SKIP", "row": 914, "media_id": 28, "reason": "already reviewed", "ts": "2026-02-19 19:36:38"}
{"event": "SKIP", "row": 939, "media_id": 85, "reason": "already reviewed", "ts": "2026-02-19 19:36:38"}
{"event": "SKIP", "row": 923, "media_id": 27, "reason": "already reviewed", "ts": "2026-02-19 19:36:38"}
{"event": "SKIP", "row": 942, "media_id": 68, "reason": "already reviewed", "ts": "2026-02-19 19:36:38"}
{"event": "SKIP", "row": 937, "media_id": 49, "reason": "already reviewed", "ts": "2026-02-19 19:36:38"}
{"event": "SKIP", "row": 944, "media_id": 3, "reason": "already reviewed", "ts": "2026-02-19 19:36:38"}
{"event": "SKIP", "row": 935, "media_id": 24, "reason": "already reviewed", "ts": "2026-02-19 19:36:38"}
{"event": "SKIP", "row": 943, "media_id": 29, "reason": "already reviewed", "ts": "2026-02-19 19:36:38"}
{"event": "SKIP", "row": 941, "media_id": 23, "reason": "already reviewed", "ts": "2026-02-19 19:36:38"}
{"event": "SKIP", "row": 946, "media_id": 69, "reason": "already reviewed", "ts": "2026-02-19 19:36:38"}
{"event": "SKIP", "row": 947, "media_id": 32, "reason": "already reviewed", "ts": "2026-02-19 19:36:38"}
{"event": "SKIP", "row": 938, "media_id": 49, "reason": "already reviewed", "ts": "2026-02-19 19:36:38"}
{"event": "SKIP", "row": 949, "media_id": 93, "reason": "already reviewed", "ts": "2026-02-19 19:36:38"}
{"event": "SKIP", "row": 950, "media_id": 85, "reason": "already reviewed", "ts": "2026-02-19 19:36:38"}
{"event": "SKIP", "row": 933, "media_id": 8, "reason": "already reviewed", "ts": "2026-02-19 19:36:38"}
{"event": "SKIP", "row": 945, "media_id": 87, "reason": "already reviewed", "ts": "2026-02-19 19:36:38"}
{"event": "SKIP", "row": 948, "media_id": 20, "reason": "already reviewed", "ts": "2026-02-19 19:36:38"}
{"event": "SKIP", "row": 931, "media_id": 10, "reason": "already reviewed", "ts": "2026-02-19 19:36:38"}
{"event": "SKIP", "row": 936, "media_id": 83, "reason": "already reviewed", "ts": "2026-02-19 19:36:38"}
{"event": "SKIP", "row": 961, "media_id": 87, "reason": "already reviewed", "ts": "2026-02-19 19:36:38"}
{"event": "SKIP", "row": 959, "media_id": 94, "reason": "already reviewed", "ts": "2026-02-19 19:36:38"}
{"event": "SKIP", "row": 964, "media_id": 39, "reason": "already reviewed", "ts": "2026-02-19 19:36:38"}
{"event": "SKIP", "row": 957, "media_id": 28, "reason": "already reviewed", "ts": "2026-02-19 19:36:38"}
{"event": "SKIP", "row": 952, "media_id": 27, "reason": "already reviewed", "ts": "2026-02-19 19:36:38"}
{"event": "SKIP", "row": 955, "media_id": 95, "reason": "already reviewed", "ts": "2026-02-19 19:36:38"}
{"event": "SKIP", "row": 967, "media_id": 64, "reason": "already reviewed", "ts": "2026-02-19 19:36:38"}
{"event": "SKIP", "row": 951, "media_id": 99, "reason": "already reviewed", "ts": "2026-02-19 19:36:38"}
{"event": "SKIP", "row": 973, "media_id": 91, "reason": "already reviewed", "ts": "2026-02-19 19:36:38"}
{"event": "SKIP", "row": 956, "media_id": 57, "reason": "already reviewed", "ts": "2026-02-19 19:36:38"}
{"event": "SKIP", "row": 971, "media_id": 24, "reason": "already reviewed", "ts": "2026-02-19 19:36:38"}
{"event": "SKIP", "row": 968, "media_id": 83, "reason": "already reviewed", "ts": "2026-02-19 19:36:38"}
{"event": "SKIP", "row": 958, "media_id": 65, "reason": "already reviewed", "ts": "2026-02-19 19:36:38"}
{"event": "SKIP", "row": 970, "media_id": 20, "reason": "already reviewed", "ts": "2026-02-19 19:36:38"}
{"event": "SKIP", "row": 974, "media_id": 8, "reason": "already reviewed", "ts": "2026-02-19 19:36:38"}
{"event": "SKIP", "row": 965, "media_id": 72, "reason": "already reviewed", "ts": "2026-02-19 19:36:38"}
{"event": "SKIP", "row": 962, "media_id": 39, "reason": "already reviewed", "ts": "2026-02-19 19:36:38"}
{"event": "SKIP", "row": 978, "media_id": 83, "reason": "already reviewed", "ts": "2026-02-19 19:36:38"}
{"event": "SKIP", "row": 977, "media_id": 33, "reason": "already reviewed", "ts": "2026-02-19 19:36:38"}
{"event": "SKIP", "row": 981, "media_id": 35, "reason": "already reviewed", "ts": "2026-02-19 19:36:38"}
{"event": "SKIP", "row": 980, "media_id": 93, "reason": "already reviewed", "ts": "2026-02-19 19:36:38"}
{"event": "SKIP", "row": 975, "media_id": 54, "reason": "already reviewed", "ts": "2026-02-19 19:36:38"}
{"event": "SKIP", "row": 979, "media_id": 48, "reason": "already reviewed", "ts": "2026-02-19 19:36:38"}
{"event": "SKIP", "row": 976, "media_id": 18, "reason": "already reviewed", "ts": "2026-02-19 19:36:38"}
{"event": "SKIP", "row": 984, "media_id": 76, "reason": "already reviewed", "ts": "2026-02-19 19:36:38"}
{"event": "SKIP", "row": 983, "media_id": 10, "reason": "already reviewed", "ts": "2026-02-19 19:36:38"}
{"event": "SKIP", "row": 982, "media_id": 78, "reason": "already reviewed", "ts": "2026-02-19 19:36:38"}
{"event": "SKIP", "row": 960, "media_id": 74, "reason": "already reviewed", "ts": "2026-02-19 19:36:38"}
{"event": "SKIP", "row": 963, "media_id": 67, "reason": "already reviewed", "ts": "2026-02-19 19:36:38"}
{"event": "SKIP", "row": 972, "media_id": 31, "reason": "already reviewed", "ts": "2026-02-19 19:36:38"}
{"event": "SKIP", "row": 989, "media_id": 90, "reason": "already reviewed", "ts": "2026-02-19 19:36:38"}
{"event": "SKIP", "row": 986, "media_id": 39, "reason": "already reviewed", "ts": "2026-02-19 19:36:38"}
{"event": "SKIP", "row": 990, "media_id": 27, "reason": "already reviewed", "ts": "2026-02-19 19:36:38"}
{"event": "SKIP", "row": 985, "media_id": 62, "reason": "already reviewed", "ts": "2026-02-19 19:36:38"}
{"event": "SKIP", "row": 987, "media_id": 25, "reason": "already reviewed", "ts": "2026-02-19 19:36:38"}
{"event": "SKIP", "row": 994, "media_id": 34, "reason": "already reviewed", "ts": "2026-02-19 19:36:38"}
{"event": "SKIP", "row": 995, "media_id": 64, "reason": "already reviewed", "ts": "2026-02-19 19:36:38"}
{"event": "SKIP", "row": 954, "media_id": 77, "reason": "already reviewed", "ts": "2026-02-19 19:36:38"}
{"event": "SKIP", "row": 996, "media_id": 93, "reason": "already reviewed", "ts": "2026-02-19 19:36:38"}
{"event": "SKIP", "row": 993, "media_id": 69, "reason": "already reviewed", "ts": "2026-02-19 19:36:38"}
{"event": "SKIP", "row": 988, "media_id": 97, "reason": "already reviewed", "ts": "2026-02-19 19:36:38"}
{"event": "SKIP", "row": 998, "media_id": 41, "reason": "already reviewed", "ts": "2026-02-19 19:36:38"}
{"event": "SKIP", "row": 953, "media_id": 77, "reason": "already reviewed", "ts": "2026-02-19 19:36:38"}
{"event": "SKIP", "row": 1000, "media_id": 19, "reason": "already reviewed", "ts": "2026-02-19 19:36:38"}
{"event": "SKIP", "row": 992, "media_id": 37, "reason": "already reviewed", "ts": "2026-02-19 19:36:38"}
{"event": "SKIP", "row": 969, "media_id": 41, "reason": "already reviewed", "ts": "2026-02-19 19:36:38"}
{"event": "SKIP", "row": 999, "media_id": 73, "reason": "already reviewed", "ts": "2026-02-19 19:36:38"}
{"event": "SKIP", "row": 991, "media_id": 71, "reason": "already reviewed", "ts": "2026-02-19 19:36:38"}
{"event": "SKIP", "row": 997, "media_id": 41, "reason": "already reviewed", "ts": "2026-02-19 19:36:38"}
{"event": "SKIP", "row": 966, "media_id": 23, "reason": "already reviewed", "ts": "2026-02-19 19:36:38"}
{"event": "BULK_DONE", "file": "reviews.csv", "total": 1000, "success": 106, "skipped": 894, "failed": 0, "elapsed_sec": 2.68, "ts": "2026-02-19 19:36:38"}
{"event": "BULK_START", "file": "reviews.csv", "total": 1000, "user_id": 3, "ts": "2026-02-20 03:33:47"}
{"event": "SUCCESS", "row": 1, "user_id": 3, "media_id": 82, "rating": 1, "comment": "Total waste of time", "ts": "2026-02-20 03:33:47"}
{"event": "SUCCESS", "row": 18, "user_id": 3, "media_id": 59, "rating": 5, "comment": "One of the best I have seen", "ts": "2026-02-20 03:33:47"}
{"event": "SUCCESS", "row": 16, "user_id": 3, "media_id": 46, "rating": 3, "comment": "Groundbreaking stuff", "ts": "2026-02-20 03:33:47"}
{"event": "SUCCESS", "row": 23, "user_id": 3, "media_id": 30, "rating": 3, "comment": "Must watch for everyone", "ts": "2026-02-20 03:33:47"}
{"event": "SKIP", "row": 7, "media_id": 30, "reason": "already reviewed", "ts": "2026-02-20 03:33:47"}
{"event": "SKIP", "row": 13, "media_id": 36, "reason": "already reviewed", "ts": "2026-02-20 03:33:47"}
{"event": "SKIP", "row": 10, "media_id": 29, "reason": "already reviewed", "ts": "2026-02-20 03:33:47"}
{"event": "SKIP", "row": 3, "media_id": 29, "reason": "already reviewed", "ts": "2026-02-20 03:33:47"}
{"event": "SKIP", "row": 11, "media_id": 36, "reason": "already reviewed", "ts": "2026-02-20 03:33:47"}
{"event": "SUCCESS", "row": 9, "user_id": 3, "media_id": 92, "rating": 5, "comment": "Loved every minute", "ts": "2026-02-20 03:33:47"}
{"event": "SKIP", "row": 15, "media_id": 12, "reason": "already reviewed", "ts": "2026-02-20 03:33:47"}
{"event": "SUCCESS", "row": 21, "user_id": 3, "media_id": 74, "rating": 2, "comment": "Dry and lifeless", "ts": "2026-02-20 03:33:47"}
{"event": "SUCCESS", "row": 30, "user_id": 3, "media_id": 94, "rating": 2, "comment": "Overrated in my opinion", "ts": "2026-02-20 03:33:47"}
{"event": "SKIP", "row": 25, "media_id": 36, "reason": "already reviewed", "ts": "2026-02-20 03:33:47"}
{"event": "SUCCESS", "row": 34, "user_id": 3, "media_id": 100, "rating": 1, "comment": "Not worth the hype", "ts": "2026-02-20 03:33:47"}
{"event": "SKIP", "row": 29, "media_id": 82, "reason": "already reviewed", "ts": "2026-02-20 03:33:47"}
{"event": "SKIP", "row": 27, "media_id": 46, "reason": "already reviewed", "ts": "2026-02-20 03:33:47"}
{"event": "SUCCESS", "row": 17, "user_id": 3, "media_id": 34, "rating": 1, "comment": "Fresh and original", "ts": "2026-02-20 03:33:47"}
{"event": "SKIP", "row": 32, "media_id": 82, "reason": "already reviewed", "ts": "2026-02-20 03:33:47"}
{"event": "SUCCESS", "row": 33, "user_id": 3, "media_id": 88, "rating": 3, "comment": "Lost interest halfway", "ts": "2026-02-20 03:33:47"}
{"event": "SUCCESS", "row": 2, "user_id": 3, "media_id": 95, "rating": 3, "comment": "Kept me hooked throughout", "ts": "2026-02-20 03:33:47"}
{"event": "SKIP", "row": 24, "media_id": 30, "reason": "already reviewed", "ts": "2026-02-20 03:33:47"}
{"event": "SKIP", "row": 42, "media_id": 34, "reason": "already reviewed", "ts": "2026-02-20 03:33:47"}
{"event": "SUCCESS", "row": 38, "user_id": 3, "media_id": 84, "rating": 4, "comment": "Nothing special", "ts": "2026-02-20 03:33:47"}
{"event": "SUCCESS", "row": 41, "user_id": 3, "media_id": 96, "rating": 5, "comment": "Great background score", "ts": "2026-02-20 03:33:47"}
{"event": "SUCCESS", "row": 20, "user_id": 3, "media_id": 38, "rating": 5, "comment": "Solid 4 out of 5", "ts": "2026-02-20 03:33:47"}
{"event": "SUCCESS", "row": 35, "user_id": 3, "media_id": 5, "rating": 3, "comment": "Nothing special", "ts": "2026-02-20 03:33:47"}
{"event": "SKIP", "row": 40, "media_id": 34, "reason": "already reviewed", "ts": "2026-02-20 03:33:47"}
{"event": "SUCCESS", "row": 46, "user_id": 3, "media_id": 7, "rating": 1, "comment": "Highly recommended", "ts": "2026-02-20 03:33:47"}
{"event": "SKIP", "row": 44, "media_id": 29, "reason": "already reviewed", "ts": "2026-02-20 03:33:47"}
{"event": "SUCCESS", "row": 47, "user_id": 3, "media_id": 81, "rating": 2, "comment": "Overhyped trash", "ts": "2026-02-20 03:33:47"}
{"event": "SUCCESS", "row": 39, "user_id": 3, "media_id": 83, "rating": 4, "comment": "Highly recommended", "ts": "2026-02-20 03:33:47"}
{"event": "SUCCESS", "row": 48, "user_id": 3, "media_id": 55, "rating": 5, "comment": "Boring and slow paced", "ts": "2026-02-20 03:33:47"}
{"event": "SKIP", "row": 50, "media_id": 60, "reason": "already reviewed", "ts": "2026-02-20 03:33:47"}
{"event": "SUCCESS", "row": 37, "user_id": 3, "media_id": 73, "rating": 3, "comment": "Masterpiece of modern cinema", "ts": "2026-02-20 03:33:47"}
{"event": "SUCCESS", "row": 49, "user_id": 3, "media_id": 50, "rating": 4, "comment": "Groundbreaking stuff", "ts": "2026-02-20 03:33:47"}
{"event": "SUCCESS", "row": 12, "user_id": 3, "media_id": 21, "rating": 4, "comment": "Best thing I watched this year", "ts": "2026-02-20 03:33:47"}
{"event": "SUCCESS", "row": 6, "user_id": 3, "media_id": 4, "rating": 1, "comment": "Masterpiece of modern cinema", "ts": "2026-02-20 03:33:47"}
{"event": "SUCCESS", "row": 45, "user_id": 3, "media_id": 64, "rating": 1, "comment": "Gripping from start to finish", "ts": "2026-02-20 03:33:48"}
{"event": "SUCCESS", "row": 31, "user_id": 3, "media_id": 60, "rating": 4, "comment": "Stunning visuals", "ts": "2026-02-20 03:33:48"}
{"event": "SUCCESS", "row": 5, "user_id": 3, "media_id": 76, "rating": 4, "comment": "Mind blowing experience", "ts": "2026-02-20 03:33:48"}
{"event": "SUCCESS", "row": 19, "user_id": 3, "media_id": 49, "rating": 1, "comment": "Weak script", "ts": "2026-02-20 03:33:48"}
{"event": "SUCCESS", "row": 26, "user_id": 3, "media_id": 47, "rating": 2, "comment": "Solid 4 out of 5", "ts": "2026-02-20 03:33:48"}
{"event": "SUCCESS", "row": 36, "user_id": 3, "media_id": 35, "rating": 1, "comment": "Masterpiece of modern cinema", "ts": "2026-02-20 03:33:48"}
{"event": "SUCCESS", "row": 8, "user_id": 3, "media_id": 4, "rating": 5, "comment": "Average at best", "ts": "2026-02-20 03:33:48"}
{"event": "SUCCESS", "row": 4, "user_id": 3, "media_id": 14, "rating": 5, "comment": "Must watch for everyone", "ts": "2026-02-20 03:33:48"}
{"event": "SUCCESS", "row": 14, "user_id": 3, "media_id": 98, "rating": 3, "comment": "Decent but could be better", "ts": "2026-02-20 03:33:48"}
{"event": "SUCCESS", "row": 22, "user_id": 3, "media_id": 9, "rating": 1, "comment": "Hidden gem", "ts": "2026-02-20 03:33:48"}
{"event": "SUCCESS", "row": 28, "user_id": 3, "media_id": 35, "rating": 1, "comment": "Groundbreaking stuff", "ts": "2026-02-20 03:33:48"}
{"event": "SUCCESS", "row": 43, "user_id": 3, "media_id": 75, "rating": 4, "comment": "Solid 4 out of 5", "ts": "2026-02-20 03:33:48"}
{"event": "SKIP", "row": 55, "media_id": 38, "reason": "already reviewed", "ts": "2026-02-20 03:33:48"}
{"event": "SKIP", "row": 69, "media_id": 98, "reason": "already reviewed", "ts": "2026-02-20 03:33:48"}
{"event": "SKIP", "row": 58, "media_id": 98, "reason": "already reviewed", "ts": "2026-02-20 03:33:48"}
{"event": "SKIP", "row": 54, "media_id": 83, "reason": "already reviewed", "ts": "2026-02-20 03:33:48"}
{"event": "SKIP", "row": 62, "media_id": 21, "reason": "already reviewed", "ts": "2026-02-20 03:33:48"}
{"event": "SUCCESS", "row": 51, "user_id": 3, "media_id": 71, "rating": 1, "comment": "Overhyped trash", "ts": "2026-02-20 03:33:48"}
{"event": "SKIP", "row": 73, "media_id": 55, "reason": "already reviewed", "ts": "2026-02-20 03:33:48"}
{"event": "SKIP", "row": 68, "media_id": 94, "reason": "already reviewed", "ts": "2026-02-20 03:33:48"}
{"event": "SKIP", "row": 59, "media_id": 14, "reason": "already reviewed", "ts": "2026-02-20 03:33:48"}
{"event": "SKIP", "row": 67, "media_id": 73, "reason": "already reviewed", "ts": "2026-02-20 03:33:48"}
{"event": "SUCCESS", "row": 52, "user_id": 3, "media_id": 93, "rating": 1, "comment": "Overhyped trash", "ts": "2026-02-20 03:33:48"}
{"event": "SKIP", "row": 61, "media_id": 20, "reason": "already reviewed", "ts": "2026-02-20 03:33:48"}
{"event": "SKIP", "row": 56, "media_id": 59, "reason": "already reviewed", "ts": "2026-02-20 03:33:48"}
{"event": "SUCCESS", "row": 53, "user_id": 3, "media_id": 69, "rating": 3, "comment": "Lost interest halfway", "ts": "2026-02-20 03:33:48"}
{"event": "SKIP", "row": 72, "media_id": 34, "reason": "already reviewed", "ts": "2026-02-20 03:33:48"}
{"event": "SKIP", "row": 80, "media_id": 71, "reason": "already reviewed", "ts": "2026-02-20 03:33:48"}
{"event": "SUCCESS", "row": 71, "user_id": 3, "media_id": 61, "rating": 5, "comment": "Overrated in my opinion", "ts": "2026-02-20 03:33:48"}
{"event": "SKIP", "row": 83, "media_id": 9, "reason": "already reviewed", "ts": "2026-02-20 03:33:48"}
{"event": "SUCCESS", "row": 74, "user_id": 3, "media_id": 97, "rating": 2, "comment": "Dry and lifeless", "ts": "2026-02-20 03:33:48"}
{"event": "SUCCESS", "row": 82, "user_id": 3, "media_id": 91, "rating": 1, "comment": "Not worth the hype", "ts": "2026-02-20 03:33:48"}
{"event": "SKIP", "row": 81, "media_id": 29, "reason": "already reviewed", "ts": "2026-02-20 03:33:48"}
{"event": "SKIP", "row": 87, "media_id": 74, "reason": "already reviewed", "ts": "2026-02-20 03:33:48"}
{"event": "SUCCESS", "row": 89, "user_id": 3, "media_id": 25, "rating": 1, "comment": "Decent but could be better", "ts": "2026-02-20 03:33:48"}
{"event": "SUCCESS", "row": 90, "user_id": 3, "media_id": 85, "rating": 4, "comment": "Terrible ending ruined it", "ts": "2026-02-20 03:33:48"}
{"event": "SUCCESS", "row": 78, "user_id": 3, "media_id": 32, "rating": 2, "comment": "Boring and slow paced", "ts": "2026-02-20 03:33:48"}
{"event": "SKIP", "row": 88, "media_id": 32, "reason": "already reviewed", "ts": "2026-02-20 03:33:48"}
{"event": "SKIP", "row": 76, "media_id": 84, "reason": "already reviewed", "ts": "2026-02-20 03:33:48"}
{"event": "SKIP", "row": 85, "media_id": 36, "reason": "already reviewed", "ts": "2026-02-20 03:33:48"}
{"event": "SKIP", "row": 96, "media_id": 69, "reason": "already reviewed", "ts": "2026-02-20 03:33:48"}
{"event": "SKIP", "row": 95, "media_id": 32, "reason": "already reviewed", "ts": "2026-02-20 03:33:48"}
{"event": "SUCCESS", "row": 79, "user_id": 3, "media_id": 44, "rating": 1, "comment": "Cheesy but enjoyable", "ts": "2026-02-20 03:33:48"}
{"event": "SUCCESS", "row": 86, "user_id": 3, "media_id": 70, "rating": 2, "comment": "Fresh and original", "ts": "2026-02-20 03:33:48"}
{"event": "SKIP", "row": 91, "media_id": 55, "reason": "already reviewed", "ts": "2026-02-20 03:33:48"}
{"event": "SKIP", "row": 92, "media_id": 94, "reason": "already reviewed", "ts": "2026-02-20 03:33:48"}
{"event": "SUCCESS", "row": 99, "user_id": 3, "media_id": 57, "rating": 5, "comment": "Decent but could be better", "ts": "2026-02-20 03:33:48"}
{"event": "SKIP", "row": 93, "media_id": 84, "reason": "already reviewed", "ts": "2026-02-20 03:33:48"}
{"event": "SKIP", "row": 97, "media_id": 55, "reason": "already reviewed", "ts": "2026-02-20 03:33:48"}
{"event": "SKIP", "row": 98, "media_id": 60, "reason": "already reviewed", "ts": "2026-02-20 03:33:48"}
{"event": "SKIP", "row": 100, "media_id": 7, "reason": "already reviewed", "ts": "2026-02-20 03:33:48"}
{"event": "SUCCESS", "row": 75, "user_id": 3, "media_id": 40, "rating": 4, "comment": "Hidden gem", "ts": "2026-02-20 03:33:48"}
{"event": "SUCCESS", "row": 60, "user_id": 3, "media_id": 65, "rating": 5, "comment": "Average at best", "ts": "2026-02-20 03:33:48"}
{"event": "SUCCESS", "row": 84, "user_id": 3, "media_id": 10, "rating": 5, "comment": "Kept me hooked throughout", "ts": "2026-02-20 03:33:48"}
{"event": "SUCCESS", "row": 65, "user_id": 3, "media_id": 15, "rating": 3, "comment": "Exceeded my expectations", "ts": "2026-02-20 03:33:48"}
{"event": "SUCCESS", "row": 94, "user_id": 3, "media_id": 52, "rating": 3, "comment": "Decent but could be better", "ts": "2026-02-20 03:33:48"}
{"event": "SUCCESS", "row": 57, "user_id": 3, "media_id": 93, "rating": 3, "comment": "Light hearted fun", "ts": "2026-02-20 03:33:48"}
{"event": "SUCCESS", "row": 77, "user_id": 3, "media_id": 67, "rating": 4, "comment": "One of the best I have seen", "ts": "2026-02-20 03:33:48"}
{"event": "SUCCESS", "row": 64, "user_id": 3, "media_id": 42, "rating": 4, "comment": "Total waste of time", "ts": "2026-02-20 03:33:48"}
{"event": "SUCCESS", "row": 66, "user_id": 3, "media_id": 31, "rating": 1, "comment": "Kept me hooked throughout", "ts": "2026-02-20 03:33:48"}
{"event": "SUCCESS", "row": 70, "user_id": 3, "media_id": 17, "rating": 2, "comment": "Hidden gem", "ts": "2026-02-20 03:33:48"}
{"event": "SUCCESS", "row": 63, "user_id": 3, "media_id": 68, "rating": 1, "comment": "Groundbreaking stuff", "ts": "2026-02-20 03:33:48"}
{"event": "SKIP", "row": 107, "media_id": 94, "reason": "already reviewed", "ts": "2026-02-20 03:33:48"}
{"event": "SKIP", "row": 121, "media_id": 85, "reason": "already reviewed", "ts": "2026-02-20 03:33:48"}
{"event": "SKIP", "row": 122, "media_id": 67, "reason": "already reviewed", "ts": "2026-02-20 03:33:48"}
{"event": "SKIP", "row": 101, "media_id": 12, "reason": "already reviewed", "ts": "2026-02-20 03:33:48"}
{"event": "SKIP", "row": 114, "media_id": 68, "reason": "already reviewed", "ts": "2026-02-20 03:33:48"}
{"event": "SKIP", "row": 116, "media_id": 9, "reason": "already reviewed", "ts": "2026-02-20 03:33:48"}
{"event": "SKIP", "row": 109, "media_id": 25, "reason": "already reviewed", "ts": "2026-02-20 03:33:48"}
{"event": "SUCCESS", "row": 117, "user_id": 3, "media_id": 87, "rating": 2, "comment": "Nothing special", "ts": "2026-02-20 03:33:48"}
{"event": "SUCCESS", "row": 125, "user_id": 3, "media_id": 86, "rating": 3, "comment": "Mediocre at best", "ts": "2026-02-20 03:33:48"}
{"event": "SKIP", "row": 111, "media_id": 70, "reason": "already reviewed", "ts": "2026-02-20 03:33:48"}
{"event": "SKIP", "row": 105, "media_id": 50, "reason": "already reviewed", "ts": "2026-02-20 03:33:48"}
{"event": "SKIP", "row": 119, "media_id": 75, "reason": "already reviewed", "ts": "2026-02-20 03:33:48"}
{"event": "SKIP", "row": 108, "media_id": 92, "reason": "already reviewed", "ts": "2026-02-20 03:33:49"}
{"event": "SKIP", "row": 124, "media_id": 34, "reason": "already reviewed", "ts": "2026-02-20 03:33:49"}
{"event": "SKIP", "row": 115, "media_id": 66, "reason": "already reviewed", "ts": "2026-02-20 03:33:49"}
{"event": "SKIP", "row": 131, "media_id": 32, "reason": "already reviewed", "ts": "2026-02-20 03:33:49"}
{"event": "SUCCESS", "row": 112, "user_id": 3, "media_id": 41, "rating": 1, "comment": "Great storyline and acting", "ts": "2026-02-20 03:33:49"}
{"event": "SKIP", "row": 137, "media_id": 34, "reason": "already reviewed", "ts": "2026-02-20 03:33:49"}
{"event": "SKIP", "row": 136, "media_id": 85, "reason": "already reviewed", "ts": "2026-02-20 03:33:49"}
{"event": "SKIP", "row": 139, "media_id": 35, "reason": "already reviewed", "ts": "2026-02-20 03:33:49"}
{"event": "SKIP", "row": 132, "media_id": 21, "reason": "already reviewed", "ts": "2026-02-20 03:33:49"}
{"event": "SKIP", "row": 126, "media_id": 41, "reason": "already reviewed", "ts": "2026-02-20 03:33:49"}
{"event": "SKIP", "row": 133, "media_id": 91, "reason": "already reviewed", "ts": "2026-02-20 03:33:49"}
{"event": "SKIP", "row": 130, "media_id": 17, "reason": "already reviewed", "ts": "2026-02-20 03:33:49"}
{"event": "SUCCESS", "row": 123, "user_id": 3, "media_id": 27, "rating": 3, "comment": "Kept me hooked throughout", "ts": "2026-02-20 03:33:49"}
{"event": "SKIP", "row": 143, "media_id": 12, "reason": "already reviewed", "ts": "2026-02-20 03:33:49"}
{"event": "SKIP", "row": 138, "media_id": 96, "reason": "already reviewed", "ts": "2026-02-20 03:33:49"}
{"event": "SKIP", "row": 144, "media_id": 6, "reason": "already reviewed", "ts": "2026-02-20 03:33:49"}
{"event": "SKIP", "row": 134, "media_id": 84, "reason": "already reviewed", "ts": "2026-02-20 03:33:49"}
{"event": "SUCCESS", "row": 106, "user_id": 3, "media_id": 37, "rating": 4, "comment": "Emotional rollercoaster", "ts": "2026-02-20 03:33:49"}
{"event": "SKIP", "row": 147, "media_id": 57, "reason": "already reviewed", "ts": "2026-02-20 03:33:49"}
{"event": "SKIP", "row": 148, "media_id": 55, "reason": "already reviewed", "ts": "2026-02-20 03:33:49"}
{"event": "SKIP", "row": 149, "media_id": 15, "reason": "already reviewed", "ts": "2026-02-20 03:33:49"}
{"event": "SKIP", "row": 127, "media_id": 59, "reason": "already reviewed", "ts": "2026-02-20 03:33:49"}
{"event": "SKIP", "row": 142, "media_id": 63, "reason": "already reviewed", "ts": "2026-02-20 03:33:49"}
{"event": "SUCCESS", "row": 145, "user_id": 3, "media_id": 99, "rating": 2, "comment": "Would watch again", "ts": "2026-02-20 03:33:49"}
{"event": "SKIP", "row": 113, "media_id": 75, "reason": "already reviewed", "ts": "2026-02-20 03:33:49"}
{"event": "SKIP", "row": 150, "media_id": 20, "reason": "already reviewed", "ts": "2026-02-20 03:33:49"}
{"event": "SKIP", "row": 135, "media_id": 86, "reason": "already reviewed", "ts": "2026-02-20 03:33:49"}
{"event": "SKIP", "row": 141, "media_id": 88, "reason": "already reviewed", "ts": "2026-02-20 03:33:49"}
{"event": "SKIP", "row": 140, "media_id": 27, "reason": "already reviewed", "ts": "2026-02-20 03:33:49"}
{"event": "SUCCESS", "row": 128, "user_id": 3, "media_id": 13, "rating": 1, "comment": "Great background score", "ts": "2026-02-20 03:33:49"}
{"event": "SUCCESS", "row": 104, "user_id": 3, "media_id": 22, "rating": 4, "comment": "Absolutely loved it", "ts": "2026-02-20 03:33:49"}
{"event": "SKIP", "row": 146, "media_id": 34, "reason": "already reviewed", "ts": "2026-02-20 03:33:49"}
{"event": "SUCCESS", "row": 129, "user_id": 3, "media_id": 28, "rating": 5, "comment": "Predictable plot but fun", "ts": "2026-02-20 03:33:49"}
{"event": "SUCCESS", "row": 120, "user_id": 3, "media_id": 80, "rating": 1, "comment": "Loved every minute", "ts": "2026-02-20 03:33:49"}
{"event": "SUCCESS", "row": 110, "user_id": 3, "media_id": 8, "rating": 5, "comment": "Feels recycled", "ts": "2026-02-20 03:33:49"}
{"event": "SUCCESS", "row": 103, "user_id": 3, "media_id": 28, "rating": 4, "comment": "Great storyline and acting", "ts": "2026-02-20 03:33:49"}
{"event": "SUCCESS", "row": 118, "user_id": 3, "media_id": 16, "rating": 5, "comment": "Kept me hooked throughout", "ts": "2026-02-20 03:33:49"}
{"event": "SUCCESS", "row": 102, "user_id": 3, "media_id": 53, "rating": 4, "comment": "Funny and entertaining", "ts": "2026-02-20 03:33:49"}
{"event": "SKIP", "row": 156, "media_id": 14, "reason": "already reviewed", "ts": "2026-02-20 03:33:49"}
{"event": "SKIP", "row": 170, "media_id": 83, "reason": "already reviewed", "ts": "2026-02-20 03:33:49"}
{"event": "SKIP", "row": 162, "media_id": 95, "reason": "already reviewed", "ts": "2026-02-20 03:33:49"}
{"event": "SUCCESS", "row": 152, "user_id": 3, "media_id": 19, "rating": 4, "comment": "Very disappointing", "ts": "2026-02-20 03:33:49"}
{"event": "SKIP", "row": 154, "media_id": 6, "reason": "already reviewed", "ts": "2026-02-20 03:33:49"}
{"event": "SUCCESS", "row": 175, "user_id": 3, "media_id": 56, "rating": 3, "comment": "Fresh and original", "ts": "2026-02-20 03:33:49"}
{"event": "SKIP", "row": 171, "media_id": 87, "reason": "already reviewed", "ts": "2026-02-20 03:33:49"}
{"event": "SKIP", "row": 174, "media_id": 5, "reason": "already reviewed", "ts": "2026-02-20 03:33:49"}
{"event": "SKIP", "row": 163, "media_id": 21, "reason": "already reviewed", "ts": "2026-02-20 03:33:49"}
{"event": "SKIP", "row": 178, "media_id": 74, "reason": "already reviewed", "ts": "2026-02-20 03:33:49"}
{"event": "SKIP", "row": 180, "media_id": 67, "reason": "already reviewed", "ts": "2026-02-20 03:33:49"}
{"event": "SKIP", "row": 176, "media_id": 41, "reason": "already reviewed", "ts": "2026-02-20 03:33:49"}
{"event": "SKIP", "row": 164, "media_id": 5, "reason": "already reviewed", "ts": "2026-02-20 03:33:49"}
{"event": "SKIP", "row": 177, "media_id": 66, "reason": "already reviewed", "ts": "2026-02-20 03:33:49"}
{"event": "SKIP", "row": 155, "media_id": 88, "reason": "already reviewed", "ts": "2026-02-20 03:33:49"}
{"event": "SKIP", "row": 153, "media_id": 6, "reason": "already reviewed", "ts": "2026-02-20 03:33:49"}
{"event": "SKIP", "row": 160, "media_id": 4, "reason": "already reviewed", "ts": "2026-02-20 03:33:49"}
{"event": "SKIP", "row": 166, "media_id": 40, "reason": "already reviewed", "ts": "2026-02-20 03:33:49"}
{"event": "SKIP", "row": 167, "media_id": 4, "reason": "already reviewed", "ts": "2026-02-20 03:33:49"}
{"event": "SKIP", "row": 169, "media_id": 99, "reason": "already reviewed", "ts": "2026-02-20 03:33:49"}
{"event": "SUCCESS", "row": 165, "user_id": 3, "media_id": 26, "rating": 4, "comment": "Terrible ending ruined it", "ts": "2026-02-20 03:33:49"}
{"event": "SKIP", "row": 189, "media_id": 86, "reason": "already reviewed", "ts": "2026-02-20 03:33:49"}
{"event": "SKIP", "row": 159, "media_id": 21, "reason": "already reviewed", "ts": "2026-02-20 03:33:49"}
{"event": "SKIP", "row": 193, "media_id": 37, "reason": "already reviewed", "ts": "2026-02-20 03:33:49"}
{"event": "SKIP", "row": 187, "media_id": 52, "reason": "already reviewed", "ts": "2026-02-20 03:33:49"}
{"event": "SKIP", "row": 188, "media_id": 17, "reason": "already reviewed", "ts": "2026-02-20 03:33:49"}
{"event": "SKIP", "row": 158, "media_id": 96, "reason": "already reviewed", "ts": "2026-02-20 03:33:49"}
{"event": "SKIP", "row": 184, "media_id": 85, "reason": "already reviewed", "ts": "2026-02-20 03:33:49"}
{"event": "SKIP", "row": 191, "media_id": 73, "reason": "already reviewed", "ts": "2026-02-20 03:33:49"}
{"event": "SUCCESS", "row": 161, "user_id": 3, "media_id": 43, "rating": 4, "comment": "Hidden gem", "ts": "2026-02-20 03:33:49"}
{"event": "SKIP", "row": 190, "media_id": 96, "reason": "already reviewed", "ts": "2026-02-20 03:33:49"}
{"event": "SKIP", "row": 192, "media_id": 71, "reason": "already reviewed", "ts": "2026-02-20 03:33:49"}
{"event": "SKIP", "row": 199, "media_id": 85, "reason": "already reviewed", "ts": "2026-02-20 03:33:49"}
{"event": "SKIP", "row": 195, "media_id": 42, "reason": "already reviewed", "ts": "2026-02-20 03:33:49"}
{"event": "SKIP", "row": 181, "media_id": 93, "reason": "already reviewed", "ts": "2026-02-20 03:33:49"}
{"event": "SKIP", "row": 197, "media_id": 61, "reason": "already reviewed", "ts": "2026-02-20 03:33:49"}
{"event": "SKIP", "row": 186, "media_id": 86, "reason": "already reviewed", "ts": "2026-02-20 03:33:49"}
{"event": "SKIP", "row": 172, "media_id": 4, "reason": "already reviewed", "ts": "2026-02-20 03:33:49"}
{"event": "SKIP", "row": 194, "media_id": 75, "reason": "already reviewed", "ts": "2026-02-20 03:33:49"}
{"event": "SKIP", "row": 182, "media_id": 56, "reason": "already reviewed", "ts": "2026-02-20 03:33:49"}
{"event": "SKIP", "row": 196, "media_id": 57, "reason": "already reviewed", "ts": "2026-02-20 03:33:49"}
{"event": "SKIP", "row": 179, "media_id": 6, "reason": "already reviewed", "ts": "2026-02-20 03:33:49"}
{"event": "SKIP", "row": 200, "media_id": 12, "reason": "already reviewed", "ts": "2026-02-20 03:33:49"}
{"event": "SUCCESS", "row": 157, "user_id": 3, "media_id": 72, "rating": 4, "comment": "Not my cup of tea", "ts": "2026-02-20 03:33:49"}
{"event": "SUCCESS", "row": 168, "user_id": 3, "media_id": 43, "rating": 3, "comment": "Boring and slow paced", "ts": "2026-02-20 03:33:49"}
{"event": "SUCCESS", "row": 198, "user_id": 3, "media_id": 11, "rating": 3, "comment": "Light hearted fun", "ts": "2026-02-20 03:33:49"}
{"event": "SUCCESS", "row": 183, "user_id": 3, "media_id": 43, "rating": 5, "comment": "Fell asleep watching", "ts": "2026-02-20 03:33:49"}
{"event": "SUCCESS", "row": 173, "user_id": 3, "media_id": 23, "rating": 5, "comment": "Predictable plot but fun", "ts": "2026-02-20 03:33:49"}
{"event": "SUCCESS", "row": 185, "user_id": 3, "media_id": 39, "rating": 5, "comment": "Exceeded my expectations", "ts": "2026-02-20 03:33:49"}
{"event": "SUCCESS", "row": 151, "user_id": 3, "media_id": 48, "rating": 5, "comment": "Weak script", "ts": "2026-02-20 03:33:49"}
{"event": "SKIP", "row": 207, "media_id": 52, "reason": "already reviewed", "ts": "2026-02-20 03:33:49"}
{"event": "SKIP", "row": 217, "media_id": 65, "reason": "already reviewed", "ts": "2026-02-20 03:33:49"}
{"event": "SKIP", "row": 206, "media_id": 92, "reason": "already reviewed", "ts": "2026-02-20 03:33:49"}
{"event": "SKIP", "row": 220, "media_id": 97, "reason": "already reviewed", "ts": "2026-02-20 03:33:49"}
{"event": "SKIP", "row": 204, "media_id": 99, "reason": "already reviewed", "ts": "2026-02-20 03:33:49"}
{"event": "SKIP", "row": 216, "media_id": 57, "reason": "already reviewed", "ts": "2026-02-20 03:33:49"}
{"event": "SKIP", "row": 219, "media_id": 61, "reason": "already reviewed", "ts": "2026-02-20 03:33:49"}
{"event": "SKIP", "row": 222, "media_id": 81, "reason": "already reviewed", "ts": "2026-02-20 03:33:49"}
{"event": "SKIP", "row": 201, "media_id": 40, "reason": "already reviewed", "ts": "2026-02-20 03:33:49"}
{"event": "SKIP", "row": 213, "media_id": 16, "reason": "already reviewed", "ts": "2026-02-20 03:33:49"}
{"event": "SKIP", "row": 214, "media_id": 60, "reason": "already reviewed", "ts": "2026-02-20 03:33:49"}
{"event": "SKIP", "row": 218, "media_id": 58, "reason": "already reviewed", "ts": "2026-02-20 03:33:49"}
{"event": "SKIP", "row": 221, "media_id": 36, "reason": "already reviewed", "ts": "2026-02-20 03:33:49"}
{"event": "SKIP", "row": 212, "media_id": 7, "reason": "already reviewed", "ts": "2026-02-20 03:33:49"}
{"event": "SKIP", "row": 209, "media_id": 99, "reason": "already reviewed", "ts": "2026-02-20 03:33:49"}
{"event": "SUCCESS", "row": 215, "user_id": 3, "media_id": 77, "rating": 3, "comment": "Gripping from start to finish", "ts": "2026-02-20 03:33:49"}
{"event": "SKIP", "row": 224, "media_id": 37, "reason": "already reviewed", "ts": "2026-02-20 03:33:49"}
{"event": "SKIP", "row": 237, "media_id": 29, "reason": "already reviewed", "ts": "2026-02-20 03:33:49"}
{"event": "SKIP", "row": 235, "media_id": 39, "reason": "already reviewed", "ts": "2026-02-20 03:33:49"}
{"event": "SKIP", "row": 232, "media_id": 50, "reason": "already reviewed", "ts": "2026-02-20 03:33:49"}
{"event": "SKIP", "row": 228, "media_id": 20, "reason": "already reviewed", "ts": "2026-02-20 03:33:49"}
{"event": "SKIP", "row": 225, "media_id": 43, "reason": "already reviewed", "ts": "2026-02-20 03:33:49"}
{"event": "SKIP", "row": 226, "media_id": 11, "reason": "already reviewed", "ts": "2026-02-20 03:33:49"}
{"event": "SKIP", "row": 202, "media_id": 19, "reason": "already reviewed", "ts": "2026-02-20 03:33:49"}
{"event": "SKIP", "row": 210, "media_id": 55, "reason": "already reviewed", "ts": "2026-02-20 03:33:49"}
{"event": "SKIP", "row": 203, "media_id": 32, "reason": "already reviewed", "ts": "2026-02-20 03:33:49"}
{"event": "SKIP", "row": 227, "media_id": 30, "reason": "already reviewed", "ts": "2026-02-20 03:33:49"}
{"event": "SUCCESS", "row": 233, "user_id": 3, "media_id": 3, "rating": 5, "comment": "Surprisingly good", "ts": "2026-02-20 03:33:49"}
{"event": "SKIP", "row": 239, "media_id": 4, "reason": "already reviewed", "ts": "2026-02-20 03:33:49"}
{"event": "SKIP", "row": 246, "media_id": 60, "reason": "already reviewed", "ts": "2026-02-20 03:33:49"}
{"event": "SKIP", "row": 223, "media_id": 57, "reason": "already reviewed", "ts": "2026-02-20 03:33:49"}
{"event": "SKIP", "row": 241, "media_id": 22, "reason": "already reviewed", "ts": "2026-02-20 03:33:49"}
{"event": "SKIP", "row": 244, "media_id": 85, "reason": "already reviewed", "ts": "2026-02-20 03:33:49"}
{"event": "SKIP", "row": 208, "media_id": 84, "reason": "already reviewed", "ts": "2026-02-20 03:33:49"}
{"event": "SKIP", "row": 238, "media_id": 35, "reason": "already reviewed", "ts": "2026-02-20 03:33:49"}
{"event": "SUCCESS", "row": 205, "user_id": 3, "media_id": 54, "rating": 5, "comment": "Average at best", "ts": "2026-02-20 03:33:49"}
{"event": "SKIP", "row": 230, "media_id": 70, "reason": "already reviewed", "ts": "2026-02-20 03:33:49"}
{"event": "SKIP", "row": 245, "media_id": 83, "reason": "already reviewed", "ts": "2026-02-20 03:33:49"}
{"event": "SKIP", "row": 236, "media_id": 69, "reason": "already reviewed", "ts": "2026-02-20 03:33:49"}
{"event": "SKIP", "row": 231, "media_id": 8, "reason": "already reviewed", "ts": "2026-02-20 03:33:49"}
{"event": "SKIP", "row": 240, "media_id": 86, "reason": "already reviewed", "ts": "2026-02-20 03:33:49"}
{"event": "SKIP", "row": 249, "media_id": 44, "reason": "already reviewed", "ts": "2026-02-20 03:33:49"}
{"event": "SKIP", "row": 242, "media_id": 80, "reason": "already reviewed", "ts": "2026-02-20 03:33:49"}
{"event": "SKIP", "row": 250, "media_id": 97, "reason": "already reviewed", "ts": "2026-02-20 03:33:49"}
{"event": "SUCCESS", "row": 234, "user_id": 3, "media_id": 62, "rating": 1, "comment": "Terrible ending ruined it", "ts": "2026-02-20 03:33:49"}
{"event": "SKIP", "row": 248, "media_id": 28, "reason": "already reviewed", "ts": "2026-02-20 03:33:49"}
{"event": "SKIP", "row": 247, "media_id": 34, "reason": "already reviewed", "ts": "2026-02-20 03:33:49"}
{"event": "SUCCESS", "row": 243, "user_id": 3, "media_id": 51, "rating": 5, "comment": "Incredible performance by the lead", "ts": "2026-02-20 03:33:49"}
{"event": "SUCCESS", "row": 229, "user_id": 3, "media_id": 54, "rating": 4, "comment": "Best thing I watched this year", "ts": "2026-02-20 03:33:49"}
{"event": "SUCCESS", "row": 211, "user_id": 3, "media_id": 90, "rating": 5, "comment": "Mediocre at best", "ts": "2026-02-20 03:33:49"}
{"event": "SKIP", "row": 262, "media_id": 92, "reason": "already reviewed", "ts": "2026-02-20 03:33:49"}
{"event": "SKIP", "row": 255, "media_id": 4, "reason": "already reviewed", "ts": "2026-02-20 03:33:49"}
{"event": "SKIP", "row": 251, "media_id": 11, "reason": "already reviewed", "ts": "2026-02-20 03:33:49"}
{"event": "SKIP", "row": 259, "media_id": 28, "reason": "already reviewed", "ts": "2026-02-20 03:33:49"}
{"event": "SKIP", "row": 252, "media_id": 96, "reason": "already reviewed", "ts": "2026-02-20 03:33:49"}
{"event": "SKIP", "row": 271, "media_id": 55, "reason": "already reviewed", "ts": "2026-02-20 03:33:49"}
{"event": "SKIP", "row": 265, "media_id": 74, "reason": "already reviewed", "ts": "2026-02-20 03:33:49"}
{"event": "SKIP", "row": 266, "media_id": 92, "reason": "already reviewed", "ts": "2026-02-20 03:33:49"}
{"event": "SKIP", "row": 268, "media_id": 90, "reason": "already reviewed", "ts": "2026-02-20 03:33:49"}
{"event": "SKIP", "row": 270, "media_id": 6, "reason": "already reviewed", "ts": "2026-02-20 03:33:49"}
{"event": "SKIP", "row": 272, "media_id": 65, "reason": "already reviewed", "ts": "2026-02-20 03:33:49"}
{"event": "SKIP", "row": 254, "media_id": 9, "reason": "already reviewed", "ts": "2026-02-20 03:33:49"}
{"event": "SKIP", "row": 273, "media_id": 54, "reason": "already reviewed", "ts": "2026-02-20 03:33:49"}
{"event": "SKIP", "row": 267, "media_id": 76, "reason": "already reviewed", "ts": "2026-02-20 03:33:49"}
{"event": "SKIP", "row": 258, "media_id": 86, "reason": "already reviewed", "ts": "2026-02-20 03:33:49"}
{"event": "SKIP", "row": 257, "media_id": 31, "reason": "already reviewed", "ts": "2026-02-20 03:33:49"}
{"event": "SKIP", "row": 275, "media_id": 59, "reason": "already reviewed", "ts": "2026-02-20 03:33:49"}
{"event": "SKIP", "row": 269, "media_id": 77, "reason": "already reviewed", "ts": "2026-02-20 03:33:49"}
{"event": "SKIP", "row": 264, "media_id": 75, "reason": "already reviewed", "ts": "2026-02-20 03:33:49"}
{"event": "SKIP", "row": 282, "media_id": 97, "reason": "already reviewed", "ts": "2026-02-20 03:33:49"}
{"event": "SKIP", "row": 278, "media_id": 100, "reason": "already reviewed", "ts": "2026-02-20 03:33:49"}
{"event": "SKIP", "row": 263, "media_id": 21, "reason": "already reviewed", "ts": "2026-02-20 03:33:49"}
{"event": "SKIP", "row": 276, "media_id": 23, "reason": "already reviewed", "ts": "2026-02-20 03:33:49"}
{"event": "SKIP", "row": 281, "media_id": 36, "reason": "already reviewed", "ts": "2026-02-20 03:33:49"}
{"event": "SKIP", "row": 277, "media_id": 35, "reason": "already reviewed", "ts": "2026-02-20 03:33:49"}
{"event": "SKIP", "row": 256, "media_id": 3, "reason": "already reviewed", "ts": "2026-02-20 03:33:49"}
{"event": "SKIP", "row": 284, "media_id": 4, "reason": "already reviewed", "ts": "2026-02-20 03:33:49"}
{"event": "SKIP", "row": 279, "media_id": 56, "reason": "already reviewed", "ts": "2026-02-20 03:33:49"}
{"event": "SUCCESS", "row": 253, "user_id": 3, "media_id": 45, "rating": 2, "comment": "Once is enough", "ts": "2026-02-20 03:33:49"}
{"event": "SKIP", "row": 293, "media_id": 3, "reason": "already reviewed", "ts": "2026-02-20 03:33:49"}
{"event": "SKIP", "row": 287, "media_id": 36, "reason": "already reviewed", "ts": "2026-02-20 03:33:49"}
{"event": "SKIP", "row": 298, "media_id": 55, "reason": "already reviewed", "ts": "2026-02-20 03:33:49"}
{"event": "SKIP", "row": 288, "media_id": 36, "reason": "already reviewed", "ts": "2026-02-20 03:33:49"}
{"event": "SKIP", "row": 289, "media_id": 67, "reason": "already reviewed", "ts": "2026-02-20 03:33:49"}
{"event": "SKIP", "row": 286, "media_id": 46, "reason": "already reviewed", "ts": "2026-02-20 03:33:49"}
{"event": "SKIP", "row": 280, "media_id": 42, "reason": "already reviewed", "ts": "2026-02-20 03:33:49"}
{"event": "SKIP", "row": 274, "media_id": 56, "reason": "already reviewed", "ts": "2026-02-20 03:33:49"}
{"event": "SKIP", "row": 291, "media_id": 72, "reason": "already reviewed", "ts": "2026-02-20 03:33:49"}
{"event": "SKIP", "row": 297, "media_id": 71, "reason": "already reviewed", "ts": "2026-02-20 03:33:49"}
{"event": "SKIP", "row": 296, "media_id": 75, "reason": "already reviewed", "ts": "2026-02-20 03:33:49"}
{"event": "SKIP", "row": 290, "media_id": 31, "reason": "already reviewed", "ts": "2026-02-20 03:33:49"}
{"event": "SUCCESS", "row": 261, "user_id": 3, "media_id": 78, "rating": 5, "comment": "Feels recycled", "ts": "2026-02-20 03:33:49"}
{"event": "SKIP", "row": 294, "media_id": 29, "reason": "already reviewed", "ts": "2026-02-20 03:33:49"}
{"event": "SKIP", "row": 300, "media_id": 40, "reason": "already reviewed", "ts": "2026-02-20 03:33:49"}
{"event": "SKIP", "row": 295, "media_id": 32, "reason": "already reviewed", "ts": "2026-02-20 03:33:49"}
{"event": "SKIP", "row": 299, "media_id": 46, "reason": "already reviewed", "ts": "2026-02-20 03:33:49"}
{"event": "SKIP", "row": 292, "media_id": 61, "reason": "already reviewed", "ts": "2026-02-20 03:33:49"}
{"event": "SUCCESS", "row": 283, "user_id": 3, "media_id": 79, "rating": 4, "comment": "Best thing I watched this year", "ts": "2026-02-20 03:33:49"}
{"event": "SUCCESS", "row": 285, "user_id": 3, "media_id": 24, "rating": 4, "comment": "Masterpiece of modern cinema", "ts": "2026-02-20 03:33:49"}
{"event": "SUCCESS", "row": 260, "user_id": 3, "media_id": 33, "rating": 3, "comment": "Overrated in my opinion", "ts": "2026-02-20 03:33:49"}
{"event": "SKIP", "row": 301, "media_id": 16, "reason": "already reviewed", "ts": "2026-02-20 03:33:49"}
{"event": "SKIP", "row": 321, "media_id": 20, "reason": "already reviewed", "ts": "2026-02-20 03:33:49"}
{"event": "SKIP", "row": 305, "media_id": 93, "reason": "already reviewed", "ts": "2026-02-20 03:33:49"}
{"event": "SKIP", "row": 312, "media_id": 38, "reason": "already reviewed", "ts": "2026-02-20 03:33:49"}
{"event": "SKIP", "row": 309, "media_id": 39, "reason": "already reviewed", "ts": "2026-02-20 03:33:49"}
{"event": "SKIP", "row": 318, "media_id": 9, "reason": "already reviewed", "ts": "2026-02-20 03:33:49"}
{"event": "SKIP", "row": 304, "media_id": 28, "reason": "already reviewed", "ts": "2026-02-20 03:33:49"}
{"event": "SKIP", "row": 306, "media_id": 68, "reason": "already reviewed", "ts": "2026-02-20 03:33:49"}
{"event": "SKIP", "row": 319, "media_id": 10, "reason": "already reviewed", "ts": "2026-02-20 03:33:49"}
{"event": "SKIP", "row": 317, "media_id": 33, "reason": "already reviewed", "ts": "2026-02-20 03:33:49"}
{"event": "SKIP", "row": 320, "media_id": 88, "reason": "already reviewed", "ts": "2026-02-20 03:33:49"}
{"event": "SUCCESS", "row": 303, "user_id": 3, "media_id": 89, "rating": 2, "comment": "Average at best", "ts": "2026-02-20 03:33:49"}
{"event": "SKIP", "row": 315, "media_id": 61, "reason": "already reviewed", "ts": "2026-02-20 03:33:49"}
{"event": "SKIP", "row": 332, "media_id": 31, "reason": "already reviewed", "ts": "2026-02-20 03:33:49"}
{"event": "SKIP", "row": 333, "media_id": 10, "reason": "already reviewed", "ts": "2026-02-20 03:33:50"}
{"event": "SKIP", "row": 335, "media_id": 77, "reason": "already reviewed", "ts": "2026-02-20 03:33:50"}
{"event": "SKIP", "row": 336, "media_id": 5, "reason": "already reviewed", "ts": "2026-02-20 03:33:50"}
{"event": "SKIP", "row": 307, "media_id": 13, "reason": "already reviewed", "ts": "2026-02-20 03:33:50"}
{"event": "SKIP", "row": 334, "media_id": 53, "reason": "already reviewed", "ts": "2026-02-20 03:33:50"}
{"event": "SKIP", "row": 313, "media_id": 97, "reason": "already reviewed", "ts": "2026-02-20 03:33:50"}
{"event": "SKIP", "row": 330, "media_id": 27, "reason": "already reviewed", "ts": "2026-02-20 03:33:50"}
{"event": "SKIP", "row": 331, "media_id": 85, "reason": "already reviewed", "ts": "2026-02-20 03:33:50"}
{"event": "SKIP", "row": 337, "media_id": 91, "reason": "already reviewed", "ts": "2026-02-20 03:33:50"}
{"event": "SKIP", "row": 325, "media_id": 100, "reason": "already reviewed", "ts": "2026-02-20 03:33:50"}
{"event": "SKIP", "row": 302, "media_id": 16, "reason": "already reviewed", "ts": "2026-02-20 03:33:50"}
{"event": "SKIP", "row": 322, "media_id": 11, "reason": "already reviewed", "ts": "2026-02-20 03:33:50"}
{"event": "SKIP", "row": 308, "media_id": 30, "reason": "already reviewed", "ts": "2026-02-20 03:33:50"}
{"event": "SKIP", "row": 316, "media_id": 44, "reason": "already reviewed", "ts": "2026-02-20 03:33:50"}
{"event": "SKIP", "row": 323, "media_id": 72, "reason": "already reviewed", "ts": "2026-02-20 03:33:50"}
{"event": "SKIP", "row": 327, "media_id": 76, "reason": "already reviewed", "ts": "2026-02-20 03:33:50"}
{"event": "SKIP", "row": 326, "media_id": 58, "reason": "already reviewed", "ts": "2026-02-20 03:33:50"}
{"event": "SKIP", "row": 340, "media_id": 76, "reason": "already reviewed", "ts": "2026-02-20 03:33:50"}
{"event": "SKIP", "row": 311, "media_id": 6, "reason": "already reviewed", "ts": "2026-02-20 03:33:50"}
{"event": "SKIP", "row": 329, "media_id": 79, "reason": "already reviewed", "ts": "2026-02-20 03:33:50"}
{"event": "SKIP", "row": 344, "media_id": 22, "reason": "already reviewed", "ts": "2026-02-20 03:33:50"}
{"event": "SKIP", "row": 310, "media_id": 69, "reason": "already reviewed", "ts": "2026-02-20 03:33:50"}
{"event": "SKIP", "row": 345, "media_id": 96, "reason": "already reviewed", "ts": "2026-02-20 03:33:50"}
{"event": "SUCCESS", "row": 314, "user_id": 3, "media_id": 2, "rating": 5, "comment": "Poor character development", "ts": "2026-02-20 03:33:50"}
{"event": "SKIP", "row": 339, "media_id": 30, "reason": "already reviewed", "ts": "2026-02-20 03:33:50"}
{"event": "SKIP", "row": 350, "media_id": 11, "reason": "already reviewed", "ts": "2026-02-20 03:33:50"}
{"event": "SKIP", "row": 338, "media_id": 59, "reason": "already reviewed", "ts": "2026-02-20 03:33:50"}
{"event": "SKIP", "row": 324, "media_id": 77, "reason": "already reviewed", "ts": "2026-02-20 03:33:50"}
{"event": "SKIP", "row": 328, "media_id": 73, "reason": "already reviewed", "ts": "2026-02-20 03:33:50"}
{"event": "SKIP", "row": 348, "media_id": 52, "reason": "already reviewed", "ts": "2026-02-20 03:33:50"}
{"event": "SKIP", "row": 341, "media_id": 15, "reason": "already reviewed", "ts": "2026-02-20 03:33:50"}
{"event": "SKIP", "row": 342, "media_id": 83, "reason": "already reviewed", "ts": "2026-02-20 03:33:50"}
{"event": "SKIP", "row": 343, "media_id": 19, "reason": "already reviewed", "ts": "2026-02-20 03:33:50"}
{"event": "SKIP", "row": 346, "media_id": 57, "reason": "already reviewed", "ts": "2026-02-20 03:33:50"}
{"event": "SKIP", "row": 347, "media_id": 89, "reason": "already reviewed", "ts": "2026-02-20 03:33:50"}
{"event": "SKIP", "row": 349, "media_id": 70, "reason": "already reviewed", "ts": "2026-02-20 03:33:50"}
{"event": "SKIP", "row": 351, "media_id": 56, "reason": "already reviewed", "ts": "2026-02-20 03:33:50"}
{"event": "SKIP", "row": 367, "media_id": 52, "reason": "already reviewed", "ts": "2026-02-20 03:33:50"}
{"event": "SKIP", "row": 354, "media_id": 3, "reason": "already reviewed", "ts": "2026-02-20 03:33:50"}
{"event": "SKIP", "row": 352, "media_id": 33, "reason": "already reviewed", "ts": "2026-02-20 03:33:50"}
{"event": "SKIP", "row": 366, "media_id": 42, "reason": "already reviewed", "ts": "2026-02-20 03:33:50"}
{"event": "SKIP", "row": 359, "media_id": 61, "reason": "already reviewed", "ts": "2026-02-20 03:33:50"}
{"event": "SKIP", "row": 357, "media_id": 24, "reason": "already reviewed", "ts": "2026-02-20 03:33:50"}
{"event": "SKIP", "row": 370, "media_id": 67, "reason": "already reviewed", "ts": "2026-02-20 03:33:50"}
{"event": "SKIP", "row": 353, "media_id": 30, "reason": "already reviewed", "ts": "2026-02-20 03:33:50"}
{"event": "SKIP", "row": 364, "media_id": 71, "reason": "already reviewed", "ts": "2026-02-20 03:33:50"}
{"event": "SKIP", "row": 360, "media_id": 43, "reason": "already reviewed", "ts": "2026-02-20 03:33:50"}
{"event": "SKIP", "row": 361, "media_id": 14, "reason": "already reviewed", "ts": "2026-02-20 03:33:50"}
{"event": "SKIP", "row": 373, "media_id": 35, "reason": "already reviewed", "ts": "2026-02-20 03:33:50"}
{"event": "SKIP", "row": 355, "media_id": 6, "reason": "already reviewed", "ts": "2026-02-20 03:33:50"}
{"event": "SKIP", "row": 376, "media_id": 81, "reason": "already reviewed", "ts": "2026-02-20 03:33:50"}
{"event": "SKIP", "row": 371, "media_id": 97, "reason": "already reviewed", "ts": "2026-02-20 03:33:50"}
{"event": "SKIP", "row": 380, "media_id": 15, "reason": "already reviewed", "ts": "2026-02-20 03:33:50"}
{"event": "SKIP", "row": 365, "media_id": 12, "reason": "already reviewed", "ts": "2026-02-20 03:33:50"}
{"event": "SKIP", "row": 374, "media_id": 37, "reason": "already reviewed", "ts": "2026-02-20 03:33:50"}
{"event": "SKIP", "row": 379, "media_id": 53, "reason": "already reviewed", "ts": "2026-02-20 03:33:50"}
{"event": "SKIP", "row": 372, "media_id": 57, "reason": "already reviewed", "ts": "2026-02-20 03:33:50"}
{"event": "SKIP", "row": 375, "media_id": 63, "reason": "already reviewed", "ts": "2026-02-20 03:33:50"}
{"event": "SKIP", "row": 362, "media_id": 53, "reason": "already reviewed", "ts": "2026-02-20 03:33:50"}
{"event": "SKIP", "row": 383, "media_id": 91, "reason": "already reviewed", "ts": "2026-02-20 03:33:50"}
{"event": "SKIP", "row": 356, "media_id": 67, "reason": "already reviewed", "ts": "2026-02-20 03:33:50"}
{"event": "SKIP", "row": 377, "media_id": 91, "reason": "already reviewed", "ts": "2026-02-20 03:33:50"}
{"event": "SKIP", "row": 378, "media_id": 71, "reason": "already reviewed", "ts": "2026-02-20 03:33:50"}
{"event": "SKIP", "row": 363, "media_id": 85, "reason": "already reviewed", "ts": "2026-02-20 03:33:50"}
{"event": "SKIP", "row": 369, "media_id": 53, "reason": "already reviewed", "ts": "2026-02-20 03:33:50"}
{"event": "SKIP", "row": 381, "media_id": 83, "reason": "already reviewed", "ts": "2026-02-20 03:33:50"}
{"event": "SKIP", "row": 388, "media_id": 36, "reason": "already reviewed", "ts": "2026-02-20 03:33:50"}
{"event": "SKIP", "row": 385, "media_id": 59, "reason": "already reviewed", "ts": "2026-02-20 03:33:50"}
{"event": "SKIP", "row": 387, "media_id": 66, "reason": "already reviewed", "ts": "2026-02-20 03:33:50"}
{"event": "SKIP", "row": 392, "media_id": 58, "reason": "already reviewed", "ts": "2026-02-20 03:33:50"}
{"event": "SKIP", "row": 382, "media_id": 92, "reason": "already reviewed", "ts": "2026-02-20 03:33:50"}
{"event": "SKIP", "row": 393, "media_id": 45, "reason": "already reviewed", "ts": "2026-02-20 03:33:50"}
{"event": "SKIP", "row": 386, "media_id": 50, "reason": "already reviewed", "ts": "2026-02-20 03:33:50"}
{"event": "SKIP", "row": 384, "media_id": 62, "reason": "already reviewed", "ts": "2026-02-20 03:33:50"}
{"event": "SKIP", "row": 396, "media_id": 90, "reason": "already reviewed", "ts": "2026-02-20 03:33:50"}
{"event": "SKIP", "row": 395, "media_id": 59, "reason": "already reviewed", "ts": "2026-02-20 03:33:50"}
{"event": "SKIP", "row": 397, "media_id": 50, "reason": "already reviewed", "ts": "2026-02-20 03:33:50"}
{"event": "SKIP", "row": 398, "media_id": 53, "reason": "already reviewed", "ts": "2026-02-20 03:33:50"}
{"event": "SKIP", "row": 358, "media_id": 82, "reason": "already reviewed", "ts": "2026-02-20 03:33:50"}
{"event": "SKIP", "row": 389, "media_id": 65, "reason": "already reviewed", "ts": "2026-02-20 03:33:50"}
{"event": "SKIP", "row": 394, "media_id": 98, "reason": "already reviewed", "ts": "2026-02-20 03:33:50"}
{"event": "SKIP", "row": 390, "media_id": 37, "reason": "already reviewed", "ts": "2026-02-20 03:33:50"}
{"event": "SKIP", "row": 391, "media_id": 75, "reason": "already reviewed", "ts": "2026-02-20 03:33:50"}
{"event": "SKIP", "row": 368, "media_id": 85, "reason": "already reviewed", "ts": "2026-02-20 03:33:50"}
{"event": "SKIP", "row": 399, "media_id": 96, "reason": "already reviewed", "ts": "2026-02-20 03:33:50"}
{"event": "SKIP", "row": 400, "media_id": 49, "reason": "already reviewed", "ts": "2026-02-20 03:33:50"}
{"event": "SKIP", "row": 409, "media_id": 89, "reason": "already reviewed", "ts": "2026-02-20 03:33:50"}
{"event": "SKIP", "row": 401, "media_id": 84, "reason": "already reviewed", "ts": "2026-02-20 03:33:50"}
{"event": "SKIP", "row": 410, "media_id": 11, "reason": "already reviewed", "ts": "2026-02-20 03:33:50"}
{"event": "SKIP", "row": 402, "media_id": 5, "reason": "already reviewed", "ts": "2026-02-20 03:33:50"}
{"event": "SKIP", "row": 414, "media_id": 31, "reason": "already reviewed", "ts": "2026-02-20 03:33:50"}
{"event": "SKIP", "row": 417, "media_id": 22, "reason": "already reviewed", "ts": "2026-02-20 03:33:50"}
{"event": "SKIP", "row": 406, "media_id": 19, "reason": "already reviewed", "ts": "2026-02-20 03:33:50"}
{"event": "SKIP", "row": 403, "media_id": 76, "reason": "already reviewed", "ts": "2026-02-20 03:33:50"}
{"event": "SKIP", "row": 413, "media_id": 5, "reason": "already reviewed", "ts": "2026-02-20 03:33:50"}
{"event": "SKIP", "row": 407, "media_id": 20, "reason": "already reviewed", "ts": "2026-02-20 03:33:50"}
{"event": "SKIP", "row": 405, "media_id": 59, "reason": "already reviewed", "ts": "2026-02-20 03:33:50"}
{"event": "SKIP", "row": 411, "media_id": 69, "reason": "already reviewed", "ts": "2026-02-20 03:33:50"}
{"event": "SKIP", "row": 416, "media_id": 13, "reason": "already reviewed", "ts": "2026-02-20 03:33:50"}
{"event": "SKIP", "row": 418, "media_id": 6, "reason": "already reviewed", "ts": "2026-02-20 03:33:50"}
{"event": "SKIP", "row": 421, "media_id": 68, "reason": "already reviewed", "ts": "2026-02-20 03:33:50"}
{"event": "SKIP", "row": 419, "media_id": 38, "reason": "already reviewed", "ts": "2026-02-20 03:33:50"}
{"event": "SKIP", "row": 408, "media_id": 34, "reason": "already reviewed", "ts": "2026-02-20 03:33:50"}
{"event": "SKIP", "row": 412, "media_id": 81, "reason": "already reviewed", "ts": "2026-02-20 03:33:50"}
{"event": "SKIP", "row": 404, "media_id": 57, "reason": "already reviewed", "ts": "2026-02-20 03:33:50"}
{"event": "SKIP", "row": 415, "media_id": 96, "reason": "already reviewed", "ts": "2026-02-20 03:33:50"}
{"event": "SKIP", "row": 433, "media_id": 39, "reason": "already reviewed", "ts": "2026-02-20 03:33:50"}
{"event": "SKIP", "row": 430, "media_id": 10, "reason": "already reviewed", "ts": "2026-02-20 03:33:50"}
{"event": "SKIP", "row": 425, "media_id": 31, "reason": "already reviewed", "ts": "2026-02-20 03:33:50"}
{"event": "SKIP", "row": 427, "media_id": 82, "reason": "already reviewed", "ts": "2026-02-20 03:33:50"}
{"event": "SKIP", "row": 426, "media_id": 19, "reason": "already reviewed", "ts": "2026-02-20 03:33:50"}
{"event": "SKIP", "row": 431, "media_id": 76, "reason": "already reviewed", "ts": "2026-02-20 03:33:50"}
{"event": "SKIP", "row": 420, "media_id": 56, "reason": "already reviewed", "ts": "2026-02-20 03:33:50"}
{"event": "SKIP", "row": 434, "media_id": 62, "reason": "already reviewed", "ts": "2026-02-20 03:33:50"}
{"event": "SKIP", "row": 428, "media_id": 33, "reason": "already reviewed", "ts": "2026-02-20 03:33:50"}
{"event": "SKIP", "row": 437, "media_id": 38, "reason": "already reviewed", "ts": "2026-02-20 03:33:50"}
{"event": "SKIP", "row": 424, "media_id": 49, "reason": "already reviewed", "ts": "2026-02-20 03:33:50"}
{"event": "SKIP", "row": 445, "media_id": 13, "reason": "already reviewed", "ts": "2026-02-20 03:33:50"}
{"event": "SKIP", "row": 443, "media_id": 25, "reason": "already reviewed", "ts": "2026-02-20 03:33:50"}
{"event": "SKIP", "row": 441, "media_id": 100, "reason": "already reviewed", "ts": "2026-02-20 03:33:50"}
{"event": "SKIP", "row": 440, "media_id": 96, "reason": "already reviewed", "ts": "2026-02-20 03:33:50"}
{"event": "SKIP", "row": 439, "media_id": 73, "reason": "already reviewed", "ts": "2026-02-20 03:33:50"}
{"event": "SKIP", "row": 442, "media_id": 46, "reason": "already reviewed", "ts": "2026-02-20 03:33:50"}
{"event": "SKIP", "row": 429, "media_id": 37, "reason": "already reviewed", "ts": "2026-02-20 03:33:50"}
{"event": "SKIP", "row": 446, "media_id": 57, "reason": "already reviewed", "ts": "2026-02-20 03:33:50"}
{"event": "SKIP", "row": 448, "media_id": 38, "reason": "already reviewed", "ts": "2026-02-20 03:33:50"}
{"event": "SKIP", "row": 450, "media_id": 17, "reason": "already reviewed", "ts": "2026-02-20 03:33:50"}
{"event": "SKIP", "row": 436, "media_id": 74, "reason": "already reviewed", "ts": "2026-02-20 03:33:50"}
{"event": "SKIP", "row": 449, "media_id": 54, "reason": "already reviewed", "ts": "2026-02-20 03:33:50"}
{"event": "SKIP", "row": 438, "media_id": 51, "reason": "already reviewed", "ts": "2026-02-20 03:33:50"}
{"event": "SKIP", "row": 422, "media_id": 88, "reason": "already reviewed", "ts": "2026-02-20 03:33:50"}
{"event": "SKIP", "row": 435, "media_id": 49, "reason": "already reviewed", "ts": "2026-02-20 03:33:50"}
{"event": "SKIP", "row": 444, "media_id": 87, "reason": "already reviewed", "ts": "2026-02-20 03:33:50"}
{"event": "SKIP", "row": 447, "media_id": 47, "reason": "already reviewed", "ts": "2026-02-20 03:33:50"}
{"event": "SKIP", "row": 432, "media_id": 55, "reason": "already reviewed", "ts": "2026-02-20 03:33:50"}
{"event": "SKIP", "row": 423, "media_id": 23, "reason": "already reviewed", "ts": "2026-02-20 03:33:50"}
{"event": "SKIP", "row": 463, "media_id": 4, "reason": "already reviewed", "ts": "2026-02-20 03:33:50"}
{"event": "SKIP", "row": 453, "media_id": 38, "reason": "already reviewed", "ts": "2026-02-20 03:33:50"}
{"event": "SKIP", "row": 459, "media_id": 16, "reason": "already reviewed", "ts": "2026-02-20 03:33:50"}
{"event": "SKIP", "row": 465, "media_id": 83, "reason": "already reviewed", "ts": "2026-02-20 03:33:50"}
{"event": "SKIP", "row": 451, "media_id": 68, "reason": "already reviewed", "ts": "2026-02-20 03:33:50"}
{"event": "SKIP", "row": 456, "media_id": 93, "reason": "already reviewed", "ts": "2026-02-20 03:33:50"}
{"event": "SKIP", "row": 469, "media_id": 64, "reason": "already reviewed", "ts": "2026-02-20 03:33:50"}
{"event": "SKIP", "row": 452, "media_id": 22, "reason": "already reviewed", "ts": "2026-02-20 03:33:50"}
{"event": "SKIP", "row": 471, "media_id": 50, "reason": "already reviewed", "ts": "2026-02-20 03:33:50"}
{"event": "SKIP", "row": 466, "media_id": 60, "reason": "already reviewed", "ts": "2026-02-20 03:33:50"}
{"event": "SKIP", "row": 461, "media_id": 49, "reason": "already reviewed", "ts": "2026-02-20 03:33:50"}
{"event": "SKIP", "row": 468, "media_id": 6, "reason": "already reviewed", "ts": "2026-02-20 03:33:50"}
{"event": "SKIP", "row": 455, "media_id": 97, "reason": "already reviewed", "ts": "2026-02-20 03:33:50"}
{"event": "SKIP", "row": 474, "media_id": 84, "reason": "already reviewed", "ts": "2026-02-20 03:33:50"}
{"event": "SKIP", "row": 462, "media_id": 87, "reason": "already reviewed", "ts": "2026-02-20 03:33:50"}
{"event": "SKIP", "row": 454, "media_id": 60, "reason": "already reviewed", "ts": "2026-02-20 03:33:50"}
{"event": "SKIP", "row": 458, "media_id": 2, "reason": "already reviewed", "ts": "2026-02-20 03:33:50"}
{"event": "SKIP", "row": 475, "media_id": 79, "reason": "already reviewed", "ts": "2026-02-20 03:33:50"}
{"event": "SKIP", "row": 457, "media_id": 47, "reason": "already reviewed", "ts": "2026-02-20 03:33:50"}
{"event": "SKIP", "row": 460, "media_id": 87, "reason": "already reviewed", "ts": "2026-02-20 03:33:50"}
{"event": "SKIP", "row": 470, "media_id": 31, "reason": "already reviewed", "ts": "2026-02-20 03:33:50"}
{"event": "SKIP", "row": 473, "media_id": 76, "reason": "already reviewed", "ts": "2026-02-20 03:33:50"}
{"event": "SKIP", "row": 483, "media_id": 28, "reason": "already reviewed", "ts": "2026-02-20 03:33:50"}
{"event": "SKIP", "row": 472, "media_id": 86, "reason": "already reviewed", "ts": "2026-02-20 03:33:50"}
{"event": "SKIP", "row": 464, "media_id": 42, "reason": "already reviewed", "ts": "2026-02-20 03:33:50"}
{"event": "SKIP", "row": 476, "media_id": 5, "reason": "already reviewed", "ts": "2026-02-20 03:33:50"}
{"event": "SKIP", "row": 487, "media_id": 76, "reason": "already reviewed", "ts": "2026-02-20 03:33:50"}
{"event": "SKIP", "row": 482, "media_id": 59, "reason": "already reviewed", "ts": "2026-02-20 03:33:50"}
{"event": "SKIP", "row": 491, "media_id": 23, "reason": "already reviewed", "ts": "2026-02-20 03:33:50"}
{"event": "SKIP", "row": 486, "media_id": 9, "reason": "already reviewed", "ts": "2026-02-20 03:33:50"}
{"event": "SKIP", "row": 477, "media_id": 57, "reason": "already reviewed", "ts": "2026-02-20 03:33:50"}
{"event": "SKIP", "row": 480, "media_id": 46, "reason": "already reviewed", "ts": "2026-02-20 03:33:50"}
{"event": "SKIP", "row": 467, "media_id": 53, "reason": "already reviewed", "ts": "2026-02-20 03:33:50"}
{"event": "SKIP", "row": 484, "media_id": 7, "reason": "already reviewed", "ts": "2026-02-20 03:33:50"}
{"event": "SKIP", "row": 481, "media_id": 36, "reason": "already reviewed", "ts": "2026-02-20 03:33:50"}
{"event": "SKIP", "row": 495, "media_id": 34, "reason": "already reviewed", "ts": "2026-02-20 03:33:50"}
{"event": "SKIP", "row": 478, "media_id": 47, "reason": "already reviewed", "ts": "2026-02-20 03:33:50"}
{"event": "SKIP", "row": 497, "media_id": 15, "reason": "already reviewed", "ts": "2026-02-20 03:33:50"}
{"event": "SKIP", "row": 490, "media_id": 17, "reason": "already reviewed", "ts": "2026-02-20 03:33:50"}
{"event": "SKIP", "row": 479, "media_id": 48, "reason": "already reviewed", "ts": "2026-02-20 03:33:50"}
{"event": "SKIP", "row": 498, "media_id": 58, "reason": "already reviewed", "ts": "2026-02-20 03:33:50"}
{"event": "SKIP", "row": 494, "media_id": 42, "reason": "already reviewed", "ts": "2026-02-20 03:33:50"}
{"event": "SKIP", "row": 488, "media_id": 43, "reason": "already reviewed", "ts": "2026-02-20 03:33:50"}
{"event": "SKIP", "row": 499, "media_id": 76, "reason": "already reviewed", "ts": "2026-02-20 03:33:50"}
{"event": "SKIP", "row": 500, "media_id": 65, "reason": "already reviewed", "ts": "2026-02-20 03:33:50"}
{"event": "SKIP", "row": 496, "media_id": 95, "reason": "already reviewed", "ts": "2026-02-20 03:33:50"}
{"event": "SKIP", "row": 485, "media_id": 17, "reason": "already reviewed", "ts": "2026-02-20 03:33:50"}
{"event": "SUCCESS", "row": 489, "user_id": 3, "media_id": 1, "rating": 3, "comment": "Highly recommended", "ts": "2026-02-20 03:33:50"}
{"event": "SKIP", "row": 492, "media_id": 4, "reason": "already reviewed", "ts": "2026-02-20 03:33:50"}
{"event": "SKIP", "row": 493, "media_id": 46, "reason": "already reviewed", "ts": "2026-02-20 03:33:50"}
{"event": "SKIP", "row": 512, "media_id": 65, "reason": "already reviewed", "ts": "2026-02-20 03:33:50"}
{"event": "SKIP", "row": 514, "media_id": 84, "reason": "already reviewed", "ts": "2026-02-20 03:33:50"}
{"event": "SKIP", "row": 511, "media_id": 68, "reason": "already reviewed", "ts": "2026-02-20 03:33:50"}
{"event": "SKIP", "row": 508, "media_id": 36, "reason": "already reviewed", "ts": "2026-02-20 03:33:50"}
{"event": "SKIP", "row": 516, "media_id": 30, "reason": "already reviewed", "ts": "2026-02-20 03:33:50"}
{"event": "SKIP", "row": 501, "media_id": 6, "reason": "already reviewed", "ts": "2026-02-20 03:33:50"}
{"event": "SKIP", "row": 506, "media_id": 11, "reason": "already reviewed", "ts": "2026-02-20 03:33:50"}
{"event": "SKIP", "row": 505, "media_id": 92, "reason": "already reviewed", "ts": "2026-02-20 03:33:50"}
{"event": "SKIP", "row": 515, "media_id": 28, "reason": "already reviewed", "ts": "2026-02-20 03:33:50"}
{"event": "SKIP", "row": 513, "media_id": 13, "reason": "already reviewed", "ts": "2026-02-20 03:33:50"}
{"event": "SKIP", "row": 517, "media_id": 59, "reason": "already reviewed", "ts": "2026-02-20 03:33:50"}
{"event": "SKIP", "row": 519, "media_id": 55, "reason": "already reviewed", "ts": "2026-02-20 03:33:50"}
{"event": "SKIP", "row": 523, "media_id": 56, "reason": "already reviewed", "ts": "2026-02-20 03:33:50"}
{"event": "SKIP", "row": 522, "media_id": 12, "reason": "already reviewed", "ts": "2026-02-20 03:33:50"}
{"event": "SKIP", "row": 502, "media_id": 59, "reason": "already reviewed", "ts": "2026-02-20 03:33:50"}
{"event": "SKIP", "row": 520, "media_id": 33, "reason": "already reviewed", "ts": "2026-02-20 03:33:50"}
{"event": "SKIP", "row": 507, "media_id": 19, "reason": "already reviewed", "ts": "2026-02-20 03:33:50"}
{"event": "SKIP", "row": 524, "media_id": 95, "reason": "already reviewed", "ts": "2026-02-20 03:33:50"}
{"event": "SKIP", "row": 504, "media_id": 88, "reason": "already reviewed", "ts": "2026-02-20 03:33:50"}
{"event": "SKIP", "row": 510, "media_id": 42, "reason": "already reviewed", "ts": "2026-02-20 03:33:50"}
{"event": "SKIP", "row": 532, "media_id": 20, "reason": "already reviewed", "ts": "2026-02-20 03:33:50"}
{"event": "SKIP", "row": 528, "media_id": 46, "reason": "already reviewed", "ts": "2026-02-20 03:33:50"}
{"event": "SKIP", "row": 503, "media_id": 62, "reason": "already reviewed", "ts": "2026-02-20 03:33:50"}
{"event": "SKIP", "row": 518, "media_id": 94, "reason": "already reviewed", "ts": "2026-02-20 03:33:50"}
{"event": "SKIP", "row": 525, "media_id": 72, "reason": "already reviewed", "ts": "2026-02-20 03:33:50"}
{"event": "SKIP", "row": 529, "media_id": 7, "reason": "already reviewed", "ts": "2026-02-20 03:33:50"}
{"event": "SKIP", "row": 526, "media_id": 72, "reason": "already reviewed", "ts": "2026-02-20 03:33:50"}
{"event": "SKIP", "row": 535, "media_id": 36, "reason": "already reviewed", "ts": "2026-02-20 03:33:50"}
{"event": "SKIP", "row": 531, "media_id": 74, "reason": "already reviewed", "ts": "2026-02-20 03:33:50"}
{"event": "SKIP", "row": 538, "media_id": 83, "reason": "already reviewed", "ts": "2026-02-20 03:33:50"}
{"event": "SKIP", "row": 521, "media_id": 88, "reason": "already reviewed", "ts": "2026-02-20 03:33:50"}
{"event": "SKIP", "row": 539, "media_id": 78, "reason": "already reviewed", "ts": "2026-02-20 03:33:50"}
{"event": "SKIP", "row": 537, "media_id": 80, "reason": "already reviewed", "ts": "2026-02-20 03:33:50"}
{"event": "SKIP", "row": 530, "media_id": 40, "reason": "already reviewed", "ts": "2026-02-20 03:33:50"}
{"event": "SKIP", "row": 541, "media_id": 98, "reason": "already reviewed", "ts": "2026-02-20 03:33:50"}
{"event": "SKIP", "row": 509, "media_id": 75, "reason": "already reviewed", "ts": "2026-02-20 03:33:50"}
{"event": "SKIP", "row": 527, "media_id": 86, "reason": "already reviewed", "ts": "2026-02-20 03:33:50"}
{"event": "SKIP", "row": 542, "media_id": 45, "reason": "already reviewed", "ts": "2026-02-20 03:33:50"}
{"event": "SKIP", "row": 534, "media_id": 48, "reason": "already reviewed", "ts": "2026-02-20 03:33:50"}
{"event": "SKIP", "row": 540, "media_id": 24, "reason": "already reviewed", "ts": "2026-02-20 03:33:50"}
{"event": "SKIP", "row": 544, "media_id": 52, "reason": "already reviewed", "ts": "2026-02-20 03:33:50"}
{"event": "SKIP", "row": 536, "media_id": 55, "reason": "already reviewed", "ts": "2026-02-20 03:33:50"}
{"event": "SKIP", "row": 546, "media_id": 96, "reason": "already reviewed", "ts": "2026-02-20 03:33:50"}
{"event": "SKIP", "row": 545, "media_id": 95, "reason": "already reviewed", "ts": "2026-02-20 03:33:50"}
{"event": "SKIP", "row": 550, "media_id": 73, "reason": "already reviewed", "ts": "2026-02-20 03:33:50"}
{"event": "SKIP", "row": 548, "media_id": 44, "reason": "already reviewed", "ts": "2026-02-20 03:33:50"}
{"event": "SKIP", "row": 533, "media_id": 14, "reason": "already reviewed", "ts": "2026-02-20 03:33:50"}
{"event": "SKIP", "row": 547, "media_id": 49, "reason": "already reviewed", "ts": "2026-02-20 03:33:50"}
{"event": "SKIP", "row": 549, "media_id": 40, "reason": "already reviewed", "ts": "2026-02-20 03:33:50"}
{"event": "SKIP", "row": 543, "media_id": 19, "reason": "already reviewed", "ts": "2026-02-20 03:33:50"}
{"event": "SKIP", "row": 551, "media_id": 7, "reason": "already reviewed", "ts": "2026-02-20 03:33:50"}
{"event": "SKIP", "row": 559, "media_id": 87, "reason": "already reviewed", "ts": "2026-02-20 03:33:50"}
{"event": "SKIP", "row": 552, "media_id": 97, "reason": "already reviewed", "ts": "2026-02-20 03:33:50"}
{"event": "SKIP", "row": 557, "media_id": 66, "reason": "already reviewed", "ts": "2026-02-20 03:33:50"}
{"event": "SKIP", "row": 555, "media_id": 78, "reason": "already reviewed", "ts": "2026-02-20 03:33:50"}
{"event": "SKIP", "row": 564, "media_id": 18, "reason": "already reviewed", "ts": "2026-02-20 03:33:50"}
{"event": "SKIP", "row": 569, "media_id": 72, "reason": "already reviewed", "ts": "2026-02-20 03:33:50"}
{"event": "SKIP", "row": 568, "media_id": 91, "reason": "already reviewed", "ts": "2026-02-20 03:33:50"}
{"event": "SKIP", "row": 573, "media_id": 74, "reason": "already reviewed", "ts": "2026-02-20 03:33:50"}
{"event": "SKIP", "row": 570, "media_id": 51, "reason": "already reviewed", "ts": "2026-02-20 03:33:50"}
{"event": "SKIP", "row": 554, "media_id": 57, "reason": "already reviewed", "ts": "2026-02-20 03:33:50"}
{"event": "SKIP", "row": 553, "media_id": 87, "reason": "already reviewed", "ts": "2026-02-20 03:33:50"}
{"event": "SKIP", "row": 558, "media_id": 56, "reason": "already reviewed", "ts": "2026-02-20 03:33:50"}
{"event": "SKIP", "row": 556, "media_id": 35, "reason": "already reviewed", "ts": "2026-02-20 03:33:50"}
{"event": "SKIP", "row": 560, "media_id": 68, "reason": "already reviewed", "ts": "2026-02-20 03:33:50"}
{"event": "SKIP", "row": 561, "media_id": 29, "reason": "already reviewed", "ts": "2026-02-20 03:33:50"}
{"event": "SKIP", "row": 565, "media_id": 42, "reason": "already reviewed", "ts": "2026-02-20 03:33:50"}
{"event": "SKIP", "row": 567, "media_id": 17, "reason": "already reviewed", "ts": "2026-02-20 03:33:50"}
{"event": "SKIP", "row": 572, "media_id": 41, "reason": "already reviewed", "ts": "2026-02-20 03:33:50"}
{"event": "SKIP", "row": 575, "media_id": 15, "reason": "already reviewed", "ts": "2026-02-20 03:33:50"}
{"event": "SKIP", "row": 578, "media_id": 56, "reason": "already reviewed", "ts": "2026-02-20 03:33:50"}
{"event": "SKIP", "row": 574, "media_id": 82, "reason": "already reviewed", "ts": "2026-02-20 03:33:50"}
{"event": "SKIP", "row": 563, "media_id": 39, "reason": "already reviewed", "ts": "2026-02-20 03:33:50"}
{"event": "SKIP", "row": 562, "media_id": 8, "reason": "already reviewed", "ts": "2026-02-20 03:33:50"}
{"event": "SKIP", "row": 580, "media_id": 68, "reason": "already reviewed", "ts": "2026-02-20 03:33:50"}
{"event": "SKIP", "row": 581, "media_id": 40, "reason": "already reviewed", "ts": "2026-02-20 03:33:50"}
{"event": "SKIP", "row": 576, "media_id": 42, "reason": "already reviewed", "ts": "2026-02-20 03:33:50"}
{"event": "SKIP", "row": 571, "media_id": 3, "reason": "already reviewed", "ts": "2026-02-20 03:33:50"}
{"event": "SKIP", "row": 586, "media_id": 83, "reason": "already reviewed", "ts": "2026-02-20 03:33:50"}
{"event": "SKIP", "row": 566, "media_id": 64, "reason": "already reviewed", "ts": "2026-02-20 03:33:50"}
{"event": "SKIP", "row": 588, "media_id": 26, "reason": "already reviewed", "ts": "2026-02-20 03:33:50"}
{"event": "SKIP", "row": 582, "media_id": 43, "reason": "already reviewed", "ts": "2026-02-20 03:33:50"}
{"event": "SKIP", "row": 585, "media_id": 45, "reason": "already reviewed", "ts": "2026-02-20 03:33:50"}
{"event": "SKIP", "row": 577, "media_id": 59, "reason": "already reviewed", "ts": "2026-02-20 03:33:50"}
{"event": "SKIP", "row": 590, "media_id": 99, "reason": "already reviewed", "ts": "2026-02-20 03:33:50"}
{"event": "SKIP", "row": 584, "media_id": 66, "reason": "already reviewed", "ts": "2026-02-20 03:33:50"}
{"event": "SKIP", "row": 583, "media_id": 66, "reason": "already reviewed", "ts": "2026-02-20 03:33:50"}
{"event": "SKIP", "row": 592, "media_id": 75, "reason": "already reviewed", "ts": "2026-02-20 03:33:50"}
{"event": "SKIP", "row": 596, "media_id": 57, "reason": "already reviewed", "ts": "2026-02-20 03:33:50"}
{"event": "SKIP", "row": 579, "media_id": 56, "reason": "already reviewed", "ts": "2026-02-20 03:33:50"}
{"event": "SKIP", "row": 591, "media_id": 97, "reason": "already reviewed", "ts": "2026-02-20 03:33:50"}
{"event": "SKIP", "row": 595, "media_id": 57, "reason": "already reviewed", "ts": "2026-02-20 03:33:50"}
{"event": "SKIP", "row": 589, "media_id": 20, "reason": "already reviewed", "ts": "2026-02-20 03:33:50"}
{"event": "SKIP", "row": 597, "media_id": 76, "reason": "already reviewed", "ts": "2026-02-20 03:33:50"}
{"event": "SKIP", "row": 594, "media_id": 81, "reason": "already reviewed", "ts": "2026-02-20 03:33:50"}
{"event": "SKIP", "row": 598, "media_id": 65, "reason": "already reviewed", "ts": "2026-02-20 03:33:50"}
{"event": "SKIP", "row": 599, "media_id": 60, "reason": "already reviewed", "ts": "2026-02-20 03:33:50"}
{"event": "SKIP", "row": 587, "media_id": 14, "reason": "already reviewed", "ts": "2026-02-20 03:33:50"}
{"event": "SKIP", "row": 600, "media_id": 8, "reason": "already reviewed", "ts": "2026-02-20 03:33:50"}
{"event": "SKIP", "row": 593, "media_id": 73, "reason": "already reviewed", "ts": "2026-02-20 03:33:50"}
{"event": "SKIP", "row": 603, "media_id": 60, "reason": "already reviewed", "ts": "2026-02-20 03:33:50"}
{"event": "SKIP", "row": 605, "media_id": 74, "reason": "already reviewed", "ts": "2026-02-20 03:33:50"}
{"event": "SKIP", "row": 611, "media_id": 91, "reason": "already reviewed", "ts": "2026-02-20 03:33:50"}
{"event": "SKIP", "row": 615, "media_id": 100, "reason": "already reviewed", "ts": "2026-02-20 03:33:50"}
{"event": "SKIP", "row": 609, "media_id": 11, "reason": "already reviewed", "ts": "2026-02-20 03:33:50"}
{"event": "SKIP", "row": 606, "media_id": 78, "reason": "already reviewed", "ts": "2026-02-20 03:33:50"}
{"event": "SKIP", "row": 612, "media_id": 68, "reason": "already reviewed", "ts": "2026-02-20 03:33:50"}
{"event": "SKIP", "row": 604, "media_id": 95, "reason": "already reviewed", "ts": "2026-02-20 03:33:50"}
{"event": "SKIP", "row": 620, "media_id": 33, "reason": "already reviewed", "ts": "2026-02-20 03:33:50"}
{"event": "SKIP", "row": 610, "media_id": 23, "reason": "already reviewed", "ts": "2026-02-20 03:33:50"}
{"event": "SKIP", "row": 619, "media_id": 87, "reason": "already reviewed", "ts": "2026-02-20 03:33:50"}
{"event": "SKIP", "row": 617, "media_id": 83, "reason": "already reviewed", "ts": "2026-02-20 03:33:50"}
{"event": "SKIP", "row": 602, "media_id": 77, "reason": "already reviewed", "ts": "2026-02-20 03:33:50"}
{"event": "SKIP", "row": 607, "media_id": 20, "reason": "already reviewed", "ts": "2026-02-20 03:33:50"}
{"event": "SKIP", "row": 614, "media_id": 37, "reason": "already reviewed", "ts": "2026-02-20 03:33:50"}
{"event": "SKIP", "row": 608, "media_id": 14, "reason": "already reviewed", "ts": "2026-02-20 03:33:50"}
{"event": "SKIP", "row": 621, "media_id": 43, "reason": "already reviewed", "ts": "2026-02-20 03:33:50"}
{"event": "SKIP", "row": 624, "media_id": 77, "reason": "already reviewed", "ts": "2026-02-20 03:33:50"}
{"event": "SKIP", "row": 618, "media_id": 43, "reason": "already reviewed", "ts": "2026-02-20 03:33:50"}
{"event": "SKIP", "row": 623, "media_id": 40, "reason": "already reviewed", "ts": "2026-02-20 03:33:50"}
{"event": "SKIP", "row": 625, "media_id": 72, "reason": "already reviewed", "ts": "2026-02-20 03:33:50"}
{"event": "SKIP", "row": 626, "media_id": 43, "reason": "already reviewed", "ts": "2026-02-20 03:33:50"}
{"event": "SKIP", "row": 630, "media_id": 40, "reason": "already reviewed", "ts": "2026-02-20 03:33:50"}
{"event": "SKIP", "row": 633, "media_id": 10, "reason": "already reviewed", "ts": "2026-02-20 03:33:50"}
{"event": "SKIP", "row": 601, "media_id": 10, "reason": "already reviewed", "ts": "2026-02-20 03:33:50"}
{"event": "SKIP", "row": 632, "media_id": 29, "reason": "already reviewed", "ts": "2026-02-20 03:33:50"}
{"event": "SKIP", "row": 634, "media_id": 65, "reason": "already reviewed", "ts": "2026-02-20 03:33:50"}
{"event": "SKIP", "row": 628, "media_id": 83, "reason": "already reviewed", "ts": "2026-02-20 03:33:50"}
{"event": "SKIP", "row": 622, "media_id": 85, "reason": "already reviewed", "ts": "2026-02-20 03:33:50"}
{"event": "SKIP", "row": 627, "media_id": 90, "reason": "already reviewed", "ts": "2026-02-20 03:33:50"}
{"event": "SKIP", "row": 629, "media_id": 47, "reason": "already reviewed", "ts": "2026-02-20 03:33:50"}
{"event": "SKIP", "row": 631, "media_id": 44, "reason": "already reviewed", "ts": "2026-02-20 03:33:50"}
{"event": "SKIP", "row": 616, "media_id": 77, "reason": "already reviewed", "ts": "2026-02-20 03:33:50"}
{"event": "SKIP", "row": 613, "media_id": 21, "reason": "already reviewed", "ts": "2026-02-20 03:33:50"}
{"event": "SKIP", "row": 641, "media_id": 53, "reason": "already reviewed", "ts": "2026-02-20 03:33:50"}
{"event": "SKIP", "row": 646, "media_id": 61, "reason": "already reviewed", "ts": "2026-02-20 03:33:50"}
{"event": "SKIP", "row": 639, "media_id": 99, "reason": "already reviewed", "ts": "2026-02-20 03:33:50"}
{"event": "SKIP", "row": 640, "media_id": 93, "reason": "already reviewed", "ts": "2026-02-20 03:33:50"}
{"event": "SKIP", "row": 637, "media_id": 77, "reason": "already reviewed", "ts": "2026-02-20 03:33:50"}
{"event": "SKIP", "row": 648, "media_id": 60, "reason": "already reviewed", "ts": "2026-02-20 03:33:50"}
{"event": "SKIP", "row": 636, "media_id": 44, "reason": "already reviewed", "ts": "2026-02-20 03:33:50"}
{"event": "SKIP", "row": 650, "media_id": 54, "reason": "already reviewed", "ts": "2026-02-20 03:33:50"}
{"event": "SKIP", "row": 649, "media_id": 49, "reason": "already reviewed", "ts": "2026-02-20 03:33:50"}
{"event": "SKIP", "row": 643, "media_id": 79, "reason": "already reviewed", "ts": "2026-02-20 03:33:50"}
{"event": "SKIP", "row": 635, "media_id": 68, "reason": "already reviewed", "ts": "2026-02-20 03:33:50"}
{"event": "SKIP", "row": 642, "media_id": 93, "reason": "already reviewed", "ts": "2026-02-20 03:33:50"}
{"event": "SKIP", "row": 645, "media_id": 69, "reason": "already reviewed", "ts": "2026-02-20 03:33:50"}
{"event": "SKIP", "row": 644, "media_id": 96, "reason": "already reviewed", "ts": "2026-02-20 03:33:50"}
{"event": "SKIP", "row": 638, "media_id": 21, "reason": "already reviewed", "ts": "2026-02-20 03:33:50"}
{"event": "SKIP", "row": 647, "media_id": 87, "reason": "already reviewed", "ts": "2026-02-20 03:33:50"}
{"event": "SKIP", "row": 661, "media_id": 50, "reason": "already reviewed", "ts": "2026-02-20 03:33:50"}
{"event": "SKIP", "row": 656, "media_id": 58, "reason": "already reviewed", "ts": "2026-02-20 03:33:50"}
{"event": "SKIP", "row": 651, "media_id": 78, "reason": "already reviewed", "ts": "2026-02-20 03:33:50"}
{"event": "SKIP", "row": 670, "media_id": 78, "reason": "already reviewed", "ts": "2026-02-20 03:33:50"}
{"event": "SKIP", "row": 652, "media_id": 7, "reason": "already reviewed", "ts": "2026-02-20 03:33:50"}
{"event": "SKIP", "row": 657, "media_id": 56, "reason": "already reviewed", "ts": "2026-02-20 03:33:50"}
{"event": "SKIP", "row": 653, "media_id": 71, "reason": "already reviewed", "ts": "2026-02-20 03:33:50"}
{"event": "SKIP", "row": 663, "media_id": 13, "reason": "already reviewed", "ts": "2026-02-20 03:33:50"}
{"event": "SKIP", "row": 659, "media_id": 54, "reason": "already reviewed", "ts": "2026-02-20 03:33:50"}
{"event": "SKIP", "row": 665, "media_id": 61, "reason": "already reviewed", "ts": "2026-02-20 03:33:50"}
{"event": "SKIP", "row": 668, "media_id": 3, "reason": "already reviewed", "ts": "2026-02-20 03:33:50"}
{"event": "SKIP", "row": 667, "media_id": 79, "reason": "already reviewed", "ts": "2026-02-20 03:33:50"}
{"event": "SKIP", "row": 669, "media_id": 20, "reason": "already reviewed", "ts": "2026-02-20 03:33:50"}
{"event": "SKIP", "row": 666, "media_id": 91, "reason": "already reviewed", "ts": "2026-02-20 03:33:50"}
{"event": "SKIP", "row": 662, "media_id": 29, "reason": "already reviewed", "ts": "2026-02-20 03:33:50"}
{"event": "SKIP", "row": 654, "media_id": 67, "reason": "already reviewed", "ts": "2026-02-20 03:33:50"}
{"event": "SKIP", "row": 655, "media_id": 11, "reason": "already reviewed", "ts": "2026-02-20 03:33:50"}
{"event": "SKIP", "row": 671, "media_id": 15, "reason": "already reviewed", "ts": "2026-02-20 03:33:50"}
{"event": "SKIP", "row": 664, "media_id": 18, "reason": "already reviewed", "ts": "2026-02-20 03:33:50"}
{"event": "SKIP", "row": 672, "media_id": 39, "reason": "already reviewed", "ts": "2026-02-20 03:33:50"}
{"event": "SKIP", "row": 658, "media_id": 58, "reason": "already reviewed", "ts": "2026-02-20 03:33:50"}
{"event": "SKIP", "row": 660, "media_id": 65, "reason": "already reviewed", "ts": "2026-02-20 03:33:50"}
{"event": "SKIP", "row": 675, "media_id": 15, "reason": "already reviewed", "ts": "2026-02-20 03:33:50"}
{"event": "SKIP", "row": 687, "media_id": 50, "reason": "already reviewed", "ts": "2026-02-20 03:33:50"}
{"event": "SKIP", "row": 674, "media_id": 80, "reason": "already reviewed", "ts": "2026-02-20 03:33:50"}
{"event": "SKIP", "row": 682, "media_id": 86, "reason": "already reviewed", "ts": "2026-02-20 03:33:50"}
{"event": "SKIP", "row": 681, "media_id": 54, "reason": "already reviewed", "ts": "2026-02-20 03:33:50"}
{"event": "SKIP", "row": 678, "media_id": 92, "reason": "already reviewed", "ts": "2026-02-20 03:33:50"}
{"event": "SKIP", "row": 686, "media_id": 61, "reason": "already reviewed", "ts": "2026-02-20 03:33:50"}
{"event": "SKIP", "row": 673, "media_id": 31, "reason": "already reviewed", "ts": "2026-02-20 03:33:50"}
{"event": "SKIP", "row": 679, "media_id": 55, "reason": "already reviewed", "ts": "2026-02-20 03:33:50"}
{"event": "SKIP", "row": 685, "media_id": 71, "reason": "already reviewed", "ts": "2026-02-20 03:33:50"}
{"event": "SKIP", "row": 693, "media_id": 44, "reason": "already reviewed", "ts": "2026-02-20 03:33:50"}
{"event": "SKIP", "row": 676, "media_id": 69, "reason": "already reviewed", "ts": "2026-02-20 03:33:50"}
{"event": "SKIP", "row": 695, "media_id": 62, "reason": "already reviewed", "ts": "2026-02-20 03:33:50"}
{"event": "SKIP", "row": 690, "media_id": 94, "reason": "already reviewed", "ts": "2026-02-20 03:33:50"}
{"event": "SKIP", "row": 677, "media_id": 66, "reason": "already reviewed", "ts": "2026-02-20 03:33:50"}
{"event": "SKIP", "row": 689, "media_id": 9, "reason": "already reviewed", "ts": "2026-02-20 03:33:50"}
{"event": "SKIP", "row": 684, "media_id": 70, "reason": "already reviewed", "ts": "2026-02-20 03:33:50"}
{"event": "SKIP", "row": 698, "media_id": 26, "reason": "already reviewed", "ts": "2026-02-20 03:33:50"}
{"event": "SKIP", "row": 683, "media_id": 47, "reason": "already reviewed", "ts": "2026-02-20 03:33:50"}
{"event": "SKIP", "row": 694, "media_id": 88, "reason": "already reviewed", "ts": "2026-02-20 03:33:50"}
{"event": "SKIP", "row": 699, "media_id": 40, "reason": "already reviewed", "ts": "2026-02-20 03:33:50"}
{"event": "SKIP", "row": 680, "media_id": 46, "reason": "already reviewed", "ts": "2026-02-20 03:33:50"}
{"event": "SKIP", "row": 692, "media_id": 6, "reason": "already reviewed", "ts": "2026-02-20 03:33:50"}
{"event": "SKIP", "row": 691, "media_id": 75, "reason": "already reviewed", "ts": "2026-02-20 03:33:50"}
{"event": "SKIP", "row": 697, "media_id": 38, "reason": "already reviewed", "ts": "2026-02-20 03:33:50"}
{"event": "SKIP", "row": 688, "media_id": 96, "reason": "already reviewed", "ts": "2026-02-20 03:33:50"}
{"event": "SKIP", "row": 696, "media_id": 9, "reason": "already reviewed", "ts": "2026-02-20 03:33:50"}
{"event": "SKIP", "row": 700, "media_id": 70, "reason": "already reviewed", "ts": "2026-02-20 03:33:50"}
{"event": "SKIP", "row": 703, "media_id": 43, "reason": "already reviewed", "ts": "2026-02-20 03:33:50"}
{"event": "SKIP", "row": 709, "media_id": 94, "reason": "already reviewed", "ts": "2026-02-20 03:33:50"}
{"event": "SKIP", "row": 707, "media_id": 89, "reason": "already reviewed", "ts": "2026-02-20 03:33:50"}
{"event": "SKIP", "row": 719, "media_id": 8, "reason": "already reviewed", "ts": "2026-02-20 03:33:50"}
{"event": "SKIP", "row": 712, "media_id": 14, "reason": "already reviewed", "ts": "2026-02-20 03:33:50"}
{"event": "SKIP", "row": 721, "media_id": 66, "reason": "already reviewed", "ts": "2026-02-20 03:33:50"}
{"event": "SKIP", "row": 716, "media_id": 57, "reason": "already reviewed", "ts": "2026-02-20 03:33:50"}
{"event": "SKIP", "row": 720, "media_id": 82, "reason": "already reviewed", "ts": "2026-02-20 03:33:50"}
{"event": "SKIP", "row": 715, "media_id": 55, "reason": "already reviewed", "ts": "2026-02-20 03:33:50"}
{"event": "SKIP", "row": 714, "media_id": 58, "reason": "already reviewed", "ts": "2026-02-20 03:33:50"}
{"event": "SKIP", "row": 717, "media_id": 6, "reason": "already reviewed", "ts": "2026-02-20 03:33:50"}
{"event": "SKIP", "row": 708, "media_id": 67, "reason": "already reviewed", "ts": "2026-02-20 03:33:50"}
{"event": "SKIP", "row": 718, "media_id": 56, "reason": "already reviewed", "ts": "2026-02-20 03:33:50"}
{"event": "SKIP", "row": 713, "media_id": 85, "reason": "already reviewed", "ts": "2026-02-20 03:33:50"}
{"event": "SKIP", "row": 701, "media_id": 5, "reason": "already reviewed", "ts": "2026-02-20 03:33:50"}
{"event": "SKIP", "row": 711, "media_id": 70, "reason": "already reviewed", "ts": "2026-02-20 03:33:50"}
{"event": "SKIP", "row": 706, "media_id": 44, "reason": "already reviewed", "ts": "2026-02-20 03:33:50"}
{"event": "SKIP", "row": 728, "media_id": 58, "reason": "already reviewed", "ts": "2026-02-20 03:33:50"}
{"event": "SKIP", "row": 729, "media_id": 57, "reason": "already reviewed", "ts": "2026-02-20 03:33:50"}
{"event": "SKIP", "row": 734, "media_id": 67, "reason": "already reviewed", "ts": "2026-02-20 03:33:50"}
{"event": "SKIP", "row": 727, "media_id": 78, "reason": "already reviewed", "ts": "2026-02-20 03:33:50"}
{"event": "SKIP", "row": 724, "media_id": 9, "reason": "already reviewed", "ts": "2026-02-20 03:33:50"}
{"event": "SKIP", "row": 725, "media_id": 83, "reason": "already reviewed", "ts": "2026-02-20 03:33:50"}
{"event": "SKIP", "row": 704, "media_id": 48, "reason": "already reviewed", "ts": "2026-02-20 03:33:50"}
{"event": "SKIP", "row": 732, "media_id": 36, "reason": "already reviewed", "ts": "2026-02-20 03:33:50"}
{"event": "SKIP", "row": 731, "media_id": 51, "reason": "already reviewed", "ts": "2026-02-20 03:33:50"}
{"event": "SKIP", "row": 726, "media_id": 50, "reason": "already reviewed", "ts": "2026-02-20 03:33:50"}
{"event": "SKIP", "row": 705, "media_id": 96, "reason": "already reviewed", "ts": "2026-02-20 03:33:50"}
{"event": "SKIP", "row": 730, "media_id": 18, "reason": "already reviewed", "ts": "2026-02-20 03:33:50"}
{"event": "SKIP", "row": 741, "media_id": 88, "reason": "already reviewed", "ts": "2026-02-20 03:33:50"}
{"event": "SKIP", "row": 710, "media_id": 56, "reason": "already reviewed", "ts": "2026-02-20 03:33:50"}
{"event": "SKIP", "row": 722, "media_id": 19, "reason": "already reviewed", "ts": "2026-02-20 03:33:50"}
{"event": "SKIP", "row": 723, "media_id": 57, "reason": "already reviewed", "ts": "2026-02-20 03:33:50"}
{"event": "SKIP", "row": 744, "media_id": 21, "reason": "already reviewed", "ts": "2026-02-20 03:33:50"}
{"event": "SKIP", "row": 742, "media_id": 45, "reason": "already reviewed", "ts": "2026-02-20 03:33:50"}
{"event": "SKIP", "row": 746, "media_id": 26, "reason": "already reviewed", "ts": "2026-02-20 03:33:50"}
{"event": "SKIP", "row": 737, "media_id": 79, "reason": "already reviewed", "ts": "2026-02-20 03:33:50"}
{"event": "SKIP", "row": 740, "media_id": 23, "reason": "already reviewed", "ts": "2026-02-20 03:33:50"}
{"event": "SKIP", "row": 739, "media_id": 18, "reason": "already reviewed", "ts": "2026-02-20 03:33:50"}
{"event": "SKIP", "row": 743, "media_id": 70, "reason": "already reviewed", "ts": "2026-02-20 03:33:50"}
{"event": "SKIP", "row": 733, "media_id": 4, "reason": "already reviewed", "ts": "2026-02-20 03:33:50"}
{"event": "SKIP", "row": 702, "media_id": 46, "reason": "already reviewed", "ts": "2026-02-20 03:33:50"}
{"event": "SKIP", "row": 738, "media_id": 63, "reason": "already reviewed", "ts": "2026-02-20 03:33:50"}
{"event": "SKIP", "row": 747, "media_id": 64, "reason": "already reviewed", "ts": "2026-02-20 03:33:50"}
{"event": "SKIP", "row": 736, "media_id": 34, "reason": "already reviewed", "ts": "2026-02-20 03:33:50"}
{"event": "SKIP", "row": 749, "media_id": 60, "reason": "already reviewed", "ts": "2026-02-20 03:33:50"}
{"event": "SKIP", "row": 750, "media_id": 79, "reason": "already reviewed", "ts": "2026-02-20 03:33:50"}
{"event": "SKIP", "row": 748, "media_id": 71, "reason": "already reviewed", "ts": "2026-02-20 03:33:50"}
{"event": "SKIP", "row": 735, "media_id": 16, "reason": "already reviewed", "ts": "2026-02-20 03:33:50"}
{"event": "SKIP", "row": 745, "media_id": 66, "reason": "already reviewed", "ts": "2026-02-20 03:33:50"}
{"event": "SKIP", "row": 751, "media_id": 40, "reason": "already reviewed", "ts": "2026-02-20 03:33:50"}
{"event": "SKIP", "row": 768, "media_id": 83, "reason": "already reviewed", "ts": "2026-02-20 03:33:50"}
{"event": "SKIP", "row": 757, "media_id": 17, "reason": "already reviewed", "ts": "2026-02-20 03:33:50"}
{"event": "SKIP", "row": 754, "media_id": 10, "reason": "already reviewed", "ts": "2026-02-20 03:33:50"}
{"event": "SKIP", "row": 765, "media_id": 26, "reason": "already reviewed", "ts": "2026-02-20 03:33:50"}
{"event": "SKIP", "row": 769, "media_id": 75, "reason": "already reviewed", "ts": "2026-02-20 03:33:50"}
{"event": "SKIP", "row": 758, "media_id": 76, "reason": "already reviewed", "ts": "2026-02-20 03:33:50"}
{"event": "SKIP", "row": 762, "media_id": 21, "reason": "already reviewed", "ts": "2026-02-20 03:33:50"}
{"event": "SKIP", "row": 756, "media_id": 60, "reason": "already reviewed", "ts": "2026-02-20 03:33:50"}
{"event": "SKIP", "row": 753, "media_id": 53, "reason": "already reviewed", "ts": "2026-02-20 03:33:50"}
{"event": "SKIP", "row": 759, "media_id": 17, "reason": "already reviewed", "ts": "2026-02-20 03:33:50"}
{"event": "SKIP", "row": 772, "media_id": 6, "reason": "already reviewed", "ts": "2026-02-20 03:33:50"}
{"event": "SKIP", "row": 761, "media_id": 20, "reason": "already reviewed", "ts": "2026-02-20 03:33:50"}
{"event": "SKIP", "row": 777, "media_id": 81, "reason": "already reviewed", "ts": "2026-02-20 03:33:50"}
{"event": "SKIP", "row": 764, "media_id": 37, "reason": "already reviewed", "ts": "2026-02-20 03:33:50"}
{"event": "SKIP", "row": 773, "media_id": 6, "reason": "already reviewed", "ts": "2026-02-20 03:33:50"}
{"event": "SKIP", "row": 778, "media_id": 83, "reason": "already reviewed", "ts": "2026-02-20 03:33:50"}
{"event": "SKIP", "row": 771, "media_id": 78, "reason": "already reviewed", "ts": "2026-02-20 03:33:50"}
{"event": "SKIP", "row": 774, "media_id": 84, "reason": "already reviewed", "ts": "2026-02-20 03:33:50"}
{"event": "SKIP", "row": 752, "media_id": 93, "reason": "already reviewed", "ts": "2026-02-20 03:33:50"}
{"event": "SKIP", "row": 770, "media_id": 85, "reason": "already reviewed", "ts": "2026-02-20 03:33:50"}
{"event": "SKIP", "row": 767, "media_id": 69, "reason": "already reviewed", "ts": "2026-02-20 03:33:50"}
{"event": "SKIP", "row": 755, "media_id": 83, "reason": "already reviewed", "ts": "2026-02-20 03:33:50"}
{"event": "SKIP", "row": 760, "media_id": 8, "reason": "already reviewed", "ts": "2026-02-20 03:33:50"}
{"event": "SKIP", "row": 784, "media_id": 19, "reason": "already reviewed", "ts": "2026-02-20 03:33:50"}
{"event": "SKIP", "row": 776, "media_id": 82, "reason": "already reviewed", "ts": "2026-02-20 03:33:50"}
{"event": "SKIP", "row": 786, "media_id": 17, "reason": "already reviewed", "ts": "2026-02-20 03:33:50"}
{"event": "SKIP", "row": 781, "media_id": 8, "reason": "already reviewed", "ts": "2026-02-20 03:33:50"}
{"event": "SKIP", "row": 785, "media_id": 41, "reason": "already reviewed", "ts": "2026-02-20 03:33:50"}
{"event": "SKIP", "row": 789, "media_id": 35, "reason": "already reviewed", "ts": "2026-02-20 03:33:50"}
{"event": "SKIP", "row": 780, "media_id": 59, "reason": "already reviewed", "ts": "2026-02-20 03:33:50"}
{"event": "SKIP", "row": 782, "media_id": 54, "reason": "already reviewed", "ts": "2026-02-20 03:33:50"}
{"event": "SKIP", "row": 787, "media_id": 72, "reason": "already reviewed", "ts": "2026-02-20 03:33:50"}
{"event": "SKIP", "row": 779, "media_id": 32, "reason": "already reviewed", "ts": "2026-02-20 03:33:50"}
{"event": "SKIP", "row": 775, "media_id": 74, "reason": "already reviewed", "ts": "2026-02-20 03:33:50"}
{"event": "SKIP", "row": 783, "media_id": 27, "reason": "already reviewed", "ts": "2026-02-20 03:33:50"}
{"event": "SKIP", "row": 763, "media_id": 29, "reason": "already reviewed", "ts": "2026-02-20 03:33:50"}
{"event": "SKIP", "row": 766, "media_id": 17, "reason": "already reviewed", "ts": "2026-02-20 03:33:50"}
{"event": "SKIP", "row": 792, "media_id": 54, "reason": "already reviewed", "ts": "2026-02-20 03:33:50"}
{"event": "SKIP", "row": 796, "media_id": 60, "reason": "already reviewed", "ts": "2026-02-20 03:33:50"}
{"event": "SKIP", "row": 797, "media_id": 64, "reason": "already reviewed", "ts": "2026-02-20 03:33:50"}
{"event": "SKIP", "row": 799, "media_id": 31, "reason": "already reviewed", "ts": "2026-02-20 03:33:50"}
{"event": "SKIP", "row": 791, "media_id": 38, "reason": "already reviewed", "ts": "2026-02-20 03:33:50"}
{"event": "SKIP", "row": 800, "media_id": 46, "reason": "already reviewed", "ts": "2026-02-20 03:33:50"}
{"event": "SKIP", "row": 795, "media_id": 21, "reason": "already reviewed", "ts": "2026-02-20 03:33:50"}
{"event": "SKIP", "row": 794, "media_id": 41, "reason": "already reviewed", "ts": "2026-02-20 03:33:50"}
{"event": "SKIP", "row": 790, "media_id": 19, "reason": "already reviewed", "ts": "2026-02-20 03:33:50"}
{"event": "SKIP", "row": 798, "media_id": 51, "reason": "already reviewed", "ts": "2026-02-20 03:33:50"}
{"event": "SKIP", "row": 793, "media_id": 42, "reason": "already reviewed", "ts": "2026-02-20 03:33:50"}
{"event": "SKIP", "row": 788, "media_id": 31, "reason": "already reviewed", "ts": "2026-02-20 03:33:50"}
{"event": "SKIP", "row": 801, "media_id": 37, "reason": "already reviewed", "ts": "2026-02-20 03:33:50"}
{"event": "SKIP", "row": 810, "media_id": 50, "reason": "already reviewed", "ts": "2026-02-20 03:33:50"}
{"event": "SKIP", "row": 816, "media_id": 78, "reason": "already reviewed", "ts": "2026-02-20 03:33:50"}
{"event": "SKIP", "row": 808, "media_id": 72, "reason": "already reviewed", "ts": "2026-02-20 03:33:50"}
{"event": "SKIP", "row": 806, "media_id": 52, "reason": "already reviewed", "ts": "2026-02-20 03:33:50"}
{"event": "SKIP", "row": 818, "media_id": 5, "reason": "already reviewed", "ts": "2026-02-20 03:33:50"}
{"event": "SKIP", "row": 820, "media_id": 59, "reason": "already reviewed", "ts": "2026-02-20 03:33:50"}
{"event": "SKIP", "row": 821, "media_id": 66, "reason": "already reviewed", "ts": "2026-02-20 03:33:50"}
{"event": "SKIP", "row": 817, "media_id": 65, "reason": "already reviewed", "ts": "2026-02-20 03:33:50"}
{"event": "SKIP", "row": 809, "media_id": 71, "reason": "already reviewed", "ts": "2026-02-20 03:33:50"}
{"event": "SKIP", "row": 819, "media_id": 43, "reason": "already reviewed", "ts": "2026-02-20 03:33:50"}
{"event": "SKIP", "row": 804, "media_id": 56, "reason": "already reviewed", "ts": "2026-02-20 03:33:50"}
{"event": "SKIP", "row": 826, "media_id": 63, "reason": "already reviewed", "ts": "2026-02-20 03:33:50"}
{"event": "SKIP", "row": 825, "media_id": 65, "reason": "already reviewed", "ts": "2026-02-20 03:33:50"}
{"event": "SKIP", "row": 815, "media_id": 47, "reason": "already reviewed", "ts": "2026-02-20 03:33:50"}
{"event": "SKIP", "row": 807, "media_id": 52, "reason": "already reviewed", "ts": "2026-02-20 03:33:50"}
{"event": "SKIP", "row": 811, "media_id": 98, "reason": "already reviewed", "ts": "2026-02-20 03:33:50"}
{"event": "SKIP", "row": 823, "media_id": 51, "reason": "already reviewed", "ts": "2026-02-20 03:33:50"}
{"event": "SKIP", "row": 830, "media_id": 89, "reason": "already reviewed", "ts": "2026-02-20 03:33:50"}
{"event": "SKIP", "row": 822, "media_id": 79, "reason": "already reviewed", "ts": "2026-02-20 03:33:50"}
{"event": "SKIP", "row": 805, "media_id": 94, "reason": "already reviewed", "ts": "2026-02-20 03:33:50"}
{"event": "SKIP", "row": 827, "media_id": 61, "reason": "already reviewed", "ts": "2026-02-20 03:33:50"}
{"event": "SKIP", "row": 802, "media_id": 84, "reason": "already reviewed", "ts": "2026-02-20 03:33:50"}
{"event": "SKIP", "row": 836, "media_id": 49, "reason": "already reviewed", "ts": "2026-02-20 03:33:50"}
{"event": "SKIP", "row": 833, "media_id": 30, "reason": "already reviewed", "ts": "2026-02-20 03:33:50"}
{"event": "SKIP", "row": 831, "media_id": 61, "reason": "already reviewed", "ts": "2026-02-20 03:33:50"}
{"event": "SKIP", "row": 824, "media_id": 39, "reason": "already reviewed", "ts": "2026-02-20 03:33:50"}
{"event": "SKIP", "row": 829, "media_id": 75, "reason": "already reviewed", "ts": "2026-02-20 03:33:50"}
{"event": "SKIP", "row": 828, "media_id": 43, "reason": "already reviewed", "ts": "2026-02-20 03:33:50"}
{"event": "SKIP", "row": 838, "media_id": 90, "reason": "already reviewed", "ts": "2026-02-20 03:33:50"}
{"event": "SKIP", "row": 832, "media_id": 100, "reason": "already reviewed", "ts": "2026-02-20 03:33:50"}
{"event": "SKIP", "row": 814, "media_id": 48, "reason": "already reviewed", "ts": "2026-02-20 03:33:50"}
{"event": "SKIP", "row": 813, "media_id": 17, "reason": "already reviewed", "ts": "2026-02-20 03:33:50"}
{"event": "SKIP", "row": 835, "media_id": 81, "reason": "already reviewed", "ts": "2026-02-20 03:33:50"}
{"event": "SKIP", "row": 834, "media_id": 62, "reason": "already reviewed", "ts": "2026-02-20 03:33:50"}
{"event": "SKIP", "row": 812, "media_id": 80, "reason": "already reviewed", "ts": "2026-02-20 03:33:50"}
{"event": "SKIP", "row": 844, "media_id": 18, "reason": "already reviewed", "ts": "2026-02-20 03:33:50"}
{"event": "SKIP", "row": 803, "media_id": 69, "reason": "already reviewed", "ts": "2026-02-20 03:33:50"}
{"event": "SKIP", "row": 837, "media_id": 32, "reason": "already reviewed", "ts": "2026-02-20 03:33:50"}
{"event": "SKIP", "row": 849, "media_id": 46, "reason": "already reviewed", "ts": "2026-02-20 03:33:50"}
{"event": "SKIP", "row": 843, "media_id": 95, "reason": "already reviewed", "ts": "2026-02-20 03:33:50"}
{"event": "SKIP", "row": 850, "media_id": 62, "reason": "already reviewed", "ts": "2026-02-20 03:33:50"}
{"event": "SKIP", "row": 846, "media_id": 62, "reason": "already reviewed", "ts": "2026-02-20 03:33:50"}
{"event": "SKIP", "row": 848, "media_id": 69, "reason": "already reviewed", "ts": "2026-02-20 03:33:50"}
{"event": "SKIP", "row": 840, "media_id": 54, "reason": "already reviewed", "ts": "2026-02-20 03:33:50"}
{"event": "SKIP", "row": 847, "media_id": 41, "reason": "already reviewed", "ts": "2026-02-20 03:33:50"}
{"event": "SKIP", "row": 841, "media_id": 89, "reason": "already reviewed", "ts": "2026-02-20 03:33:50"}
{"event": "SKIP", "row": 839, "media_id": 3, "reason": "already reviewed", "ts": "2026-02-20 03:33:50"}
{"event": "SKIP", "row": 842, "media_id": 65, "reason": "already reviewed", "ts": "2026-02-20 03:33:50"}
{"event": "SKIP", "row": 845, "media_id": 72, "reason": "already reviewed", "ts": "2026-02-20 03:33:50"}
{"event": "SKIP", "row": 851, "media_id": 36, "reason": "already reviewed", "ts": "2026-02-20 03:33:50"}
{"event": "SKIP", "row": 854, "media_id": 91, "reason": "already reviewed", "ts": "2026-02-20 03:33:50"}
{"event": "SKIP", "row": 868, "media_id": 7, "reason": "already reviewed", "ts": "2026-02-20 03:33:50"}
{"event": "SKIP", "row": 855, "media_id": 62, "reason": "already reviewed", "ts": "2026-02-20 03:33:50"}
{"event": "SKIP", "row": 862, "media_id": 84, "reason": "already reviewed", "ts": "2026-02-20 03:33:50"}
{"event": "SKIP", "row": 859, "media_id": 45, "reason": "already reviewed", "ts": "2026-02-20 03:33:50"}
{"event": "SKIP", "row": 857, "media_id": 16, "reason": "already reviewed", "ts": "2026-02-20 03:33:50"}
{"event": "SKIP", "row": 860, "media_id": 6, "reason": "already reviewed", "ts": "2026-02-20 03:33:50"}
{"event": "SKIP", "row": 853, "media_id": 37, "reason": "already reviewed", "ts": "2026-02-20 03:33:50"}
{"event": "SKIP", "row": 870, "media_id": 13, "reason": "already reviewed", "ts": "2026-02-20 03:33:50"}
{"event": "SKIP", "row": 873, "media_id": 71, "reason": "already reviewed", "ts": "2026-02-20 03:33:50"}
{"event": "SKIP", "row": 865, "media_id": 90, "reason": "already reviewed", "ts": "2026-02-20 03:33:50"}
{"event": "SKIP", "row": 852, "media_id": 29, "reason": "already reviewed", "ts": "2026-02-20 03:33:50"}
{"event": "SKIP", "row": 867, "media_id": 76, "reason": "already reviewed", "ts": "2026-02-20 03:33:50"}
{"event": "SKIP", "row": 869, "media_id": 82, "reason": "already reviewed", "ts": "2026-02-20 03:33:50"}
{"event": "SKIP", "row": 875, "media_id": 84, "reason": "already reviewed", "ts": "2026-02-20 03:33:50"}
{"event": "SKIP", "row": 861, "media_id": 11, "reason": "already reviewed", "ts": "2026-02-20 03:33:50"}
{"event": "SKIP", "row": 877, "media_id": 83, "reason": "already reviewed", "ts": "2026-02-20 03:33:50"}
{"event": "SKIP", "row": 878, "media_id": 12, "reason": "already reviewed", "ts": "2026-02-20 03:33:50"}
{"event": "SKIP", "row": 864, "media_id": 69, "reason": "already reviewed", "ts": "2026-02-20 03:33:50"}
{"event": "SKIP", "row": 872, "media_id": 88, "reason": "already reviewed", "ts": "2026-02-20 03:33:50"}
{"event": "SKIP", "row": 866, "media_id": 14, "reason": "already reviewed", "ts": "2026-02-20 03:33:50"}
{"event": "SKIP", "row": 863, "media_id": 62, "reason": "already reviewed", "ts": "2026-02-20 03:33:50"}
{"event": "SKIP", "row": 858, "media_id": 70, "reason": "already reviewed", "ts": "2026-02-20 03:33:50"}
{"event": "SKIP", "row": 871, "media_id": 92, "reason": "already reviewed", "ts": "2026-02-20 03:33:50"}
{"event": "SKIP", "row": 881, "media_id": 51, "reason": "already reviewed", "ts": "2026-02-20 03:33:50"}
{"event": "SKIP", "row": 856, "media_id": 93, "reason": "already reviewed", "ts": "2026-02-20 03:33:50"}
{"event": "SKIP", "row": 880, "media_id": 54, "reason": "already reviewed", "ts": "2026-02-20 03:33:50"}
{"event": "SKIP", "row": 883, "media_id": 2, "reason": "already reviewed", "ts": "2026-02-20 03:33:50"}
{"event": "SKIP", "row": 885, "media_id": 37, "reason": "already reviewed", "ts": "2026-02-20 03:33:50"}
{"event": "SKIP", "row": 890, "media_id": 59, "reason": "already reviewed", "ts": "2026-02-20 03:33:50"}
{"event": "SKIP", "row": 874, "media_id": 84, "reason": "already reviewed", "ts": "2026-02-20 03:33:50"}
{"event": "SKIP", "row": 884, "media_id": 78, "reason": "already reviewed", "ts": "2026-02-20 03:33:50"}
{"event": "SKIP", "row": 891, "media_id": 24, "reason": "already reviewed", "ts": "2026-02-20 03:33:50"}
{"event": "SKIP", "row": 879, "media_id": 69, "reason": "already reviewed", "ts": "2026-02-20 03:33:50"}
{"event": "SKIP", "row": 886, "media_id": 70, "reason": "already reviewed", "ts": "2026-02-20 03:33:50"}
{"event": "SKIP", "row": 882, "media_id": 96, "reason": "already reviewed", "ts": "2026-02-20 03:33:50"}
{"event": "SKIP", "row": 892, "media_id": 44, "reason": "already reviewed", "ts": "2026-02-20 03:33:50"}
{"event": "SKIP", "row": 894, "media_id": 79, "reason": "already reviewed", "ts": "2026-02-20 03:33:50"}
{"event": "SKIP", "row": 887, "media_id": 18, "reason": "already reviewed", "ts": "2026-02-20 03:33:50"}
{"event": "SKIP", "row": 895, "media_id": 66, "reason": "already reviewed", "ts": "2026-02-20 03:33:50"}
{"event": "SKIP", "row": 896, "media_id": 52, "reason": "already reviewed", "ts": "2026-02-20 03:33:50"}
{"event": "SKIP", "row": 889, "media_id": 43, "reason": "already reviewed", "ts": "2026-02-20 03:33:50"}
{"event": "SKIP", "row": 899, "media_id": 50, "reason": "already reviewed", "ts": "2026-02-20 03:33:50"}
{"event": "SKIP", "row": 876, "media_id": 37, "reason": "already reviewed", "ts": "2026-02-20 03:33:50"}
{"event": "SKIP", "row": 897, "media_id": 18, "reason": "already reviewed", "ts": "2026-02-20 03:33:50"}
{"event": "SKIP", "row": 898, "media_id": 32, "reason": "already reviewed", "ts": "2026-02-20 03:33:50"}
{"event": "SKIP", "row": 888, "media_id": 35, "reason": "already reviewed", "ts": "2026-02-20 03:33:50"}
{"event": "SKIP", "row": 900, "media_id": 97, "reason": "already reviewed", "ts": "2026-02-20 03:33:50"}
{"event": "SKIP", "row": 893, "media_id": 87, "reason": "already reviewed", "ts": "2026-02-20 03:33:50"}
{"event": "SKIP", "row": 905, "media_id": 16, "reason": "already reviewed", "ts": "2026-02-20 03:33:50"}
{"event": "SKIP", "row": 902, "media_id": 74, "reason": "already reviewed", "ts": "2026-02-20 03:33:50"}
{"event": "SKIP", "row": 901, "media_id": 39, "reason": "already reviewed", "ts": "2026-02-20 03:33:50"}
{"event": "SKIP", "row": 920, "media_id": 74, "reason": "already reviewed", "ts": "2026-02-20 03:33:50"}
{"event": "SKIP", "row": 912, "media_id": 54, "reason": "already reviewed", "ts": "2026-02-20 03:33:50"}
{"event": "SKIP", "row": 919, "media_id": 71, "reason": "already reviewed", "ts": "2026-02-20 03:33:50"}
{"event": "SKIP", "row": 910, "media_id": 18, "reason": "already reviewed", "ts": "2026-02-20 03:33:50"}
{"event": "SKIP", "row": 903, "media_id": 84, "reason": "already reviewed", "ts": "2026-02-20 03:33:50"}
{"event": "SKIP", "row": 913, "media_id": 97, "reason": "already reviewed", "ts": "2026-02-20 03:33:50"}
{"event": "SKIP", "row": 911, "media_id": 59, "reason": "already reviewed", "ts": "2026-02-20 03:33:50"}
{"event": "SKIP", "row": 922, "media_id": 57, "reason": "already reviewed", "ts": "2026-02-20 03:33:50"}
{"event": "SKIP", "row": 914, "media_id": 28, "reason": "already reviewed", "ts": "2026-02-20 03:33:50"}
{"event": "SKIP", "row": 923, "media_id": 27, "reason": "already reviewed", "ts": "2026-02-20 03:33:50"}
{"event": "SKIP", "row": 906, "media_id": 21, "reason": "already reviewed", "ts": "2026-02-20 03:33:50"}
{"event": "SKIP", "row": 907, "media_id": 65, "reason": "already reviewed", "ts": "2026-02-20 03:33:50"}
{"event": "SKIP", "row": 909, "media_id": 79, "reason": "already reviewed", "ts": "2026-02-20 03:33:50"}
{"event": "SKIP", "row": 928, "media_id": 60, "reason": "already reviewed", "ts": "2026-02-20 03:33:50"}
{"event": "SKIP", "row": 921, "media_id": 22, "reason": "already reviewed", "ts": "2026-02-20 03:33:50"}
{"event": "SKIP", "row": 935, "media_id": 24, "reason": "already reviewed", "ts": "2026-02-20 03:33:50"}
{"event": "SKIP", "row": 917, "media_id": 91, "reason": "already reviewed", "ts": "2026-02-20 03:33:50"}
{"event": "SKIP", "row": 926, "media_id": 66, "reason": "already reviewed", "ts": "2026-02-20 03:33:50"}
{"event": "SKIP", "row": 918, "media_id": 73, "reason": "already reviewed", "ts": "2026-02-20 03:33:50"}
{"event": "SKIP", "row": 932, "media_id": 45, "reason": "already reviewed", "ts": "2026-02-20 03:33:50"}
{"event": "SKIP", "row": 927, "media_id": 73, "reason": "already reviewed", "ts": "2026-02-20 03:33:50"}
{"event": "SKIP", "row": 930, "media_id": 1, "reason": "already reviewed", "ts": "2026-02-20 03:33:50"}
{"event": "SKIP", "row": 915, "media_id": 97, "reason": "already reviewed", "ts": "2026-02-20 03:33:50"}
{"event": "SKIP", "row": 933, "media_id": 8, "reason": "already reviewed", "ts": "2026-02-20 03:33:50"}
{"event": "SKIP", "row": 936, "media_id": 83, "reason": "already reviewed", "ts": "2026-02-20 03:33:50"}
{"event": "SKIP", "row": 938, "media_id": 49, "reason": "already reviewed", "ts": "2026-02-20 03:33:50"}
{"event": "SKIP", "row": 929, "media_id": 3, "reason": "already reviewed", "ts": "2026-02-20 03:33:50"}
{"event": "SKIP", "row": 904, "media_id": 31, "reason": "already reviewed", "ts": "2026-02-20 03:33:50"}
{"event": "SKIP", "row": 934, "media_id": 5, "reason": "already reviewed", "ts": "2026-02-20 03:33:50"}
{"event": "SKIP", "row": 944, "media_id": 3, "reason": "already reviewed", "ts": "2026-02-20 03:33:50"}
{"event": "SKIP", "row": 940, "media_id": 84, "reason": "already reviewed", "ts": "2026-02-20 03:33:50"}
{"event": "SKIP", "row": 939, "media_id": 85, "reason": "already reviewed", "ts": "2026-02-20 03:33:50"}
{"event": "SKIP", "row": 941, "media_id": 23, "reason": "already reviewed", "ts": "2026-02-20 03:33:50"}
{"event": "SKIP", "row": 937, "media_id": 49, "reason": "already reviewed", "ts": "2026-02-20 03:33:50"}
{"event": "SKIP", "row": 947, "media_id": 32, "reason": "already reviewed", "ts": "2026-02-20 03:33:50"}
{"event": "SKIP", "row": 943, "media_id": 29, "reason": "already reviewed", "ts": "2026-02-20 03:33:50"}
{"event": "SKIP", "row": 950, "media_id": 85, "reason": "already reviewed", "ts": "2026-02-20 03:33:50"}
{"event": "SKIP", "row": 946, "media_id": 69, "reason": "already reviewed", "ts": "2026-02-20 03:33:50"}
{"event": "SKIP", "row": 942, "media_id": 68, "reason": "already reviewed", "ts": "2026-02-20 03:33:50"}
{"event": "SKIP", "row": 924, "media_id": 12, "reason": "already reviewed", "ts": "2026-02-20 03:33:50"}
{"event": "SKIP", "row": 916, "media_id": 68, "reason": "already reviewed", "ts": "2026-02-20 03:33:50"}
{"event": "SKIP", "row": 945, "media_id": 87, "reason": "already reviewed", "ts": "2026-02-20 03:33:50"}
{"event": "SKIP", "row": 949, "media_id": 93, "reason": "already reviewed", "ts": "2026-02-20 03:33:50"}
{"event": "SKIP", "row": 908, "media_id": 16, "reason": "already reviewed", "ts": "2026-02-20 03:33:50"}
{"event": "SKIP", "row": 948, "media_id": 20, "reason": "already reviewed", "ts": "2026-02-20 03:33:50"}
{"event": "SKIP", "row": 925, "media_id": 8, "reason": "already reviewed", "ts": "2026-02-20 03:33:50"}
{"event": "SKIP", "row": 931, "media_id": 10, "reason": "already reviewed", "ts": "2026-02-20 03:33:50"}
{"event": "SKIP", "row": 962, "media_id": 39, "reason": "already reviewed", "ts": "2026-02-20 03:33:50"}
{"event": "SKIP", "row": 959, "media_id": 94, "reason": "already reviewed", "ts": "2026-02-20 03:33:50"}
{"event": "SKIP", "row": 952, "media_id": 27, "reason": "already reviewed", "ts": "2026-02-20 03:33:50"}
{"event": "SKIP", "row": 955, "media_id": 95, "reason": "already reviewed", "ts": "2026-02-20 03:33:51"}
{"event": "SKIP", "row": 958, "media_id": 65, "reason": "already reviewed", "ts": "2026-02-20 03:33:51"}
{"event": "SKIP", "row": 965, "media_id": 72, "reason": "already reviewed", "ts": "2026-02-20 03:33:51"}
{"event": "SKIP", "row": 951, "media_id": 99, "reason": "already reviewed", "ts": "2026-02-20 03:33:51"}
{"event": "SKIP", "row": 961, "media_id": 87, "reason": "already reviewed", "ts": "2026-02-20 03:33:51"}
{"event": "SKIP", "row": 970, "media_id": 20, "reason": "already reviewed", "ts": "2026-02-20 03:33:51"}
{"event": "SKIP", "row": 960, "media_id": 74, "reason": "already reviewed", "ts": "2026-02-20 03:33:51"}
{"event": "SKIP", "row": 964, "media_id": 39, "reason": "already reviewed", "ts": "2026-02-20 03:33:51"}
{"event": "SKIP", "row": 968, "media_id": 83, "reason": "already reviewed", "ts": "2026-02-20 03:33:51"}
{"event": "SKIP", "row": 969, "media_id": 41, "reason": "already reviewed", "ts": "2026-02-20 03:33:51"}
{"event": "SKIP", "row": 975, "media_id": 54, "reason": "already reviewed", "ts": "2026-02-20 03:33:51"}
{"event": "SKIP", "row": 972, "media_id": 31, "reason": "already reviewed", "ts": "2026-02-20 03:33:51"}
{"event": "SKIP", "row": 953, "media_id": 77, "reason": "already reviewed", "ts": "2026-02-20 03:33:51"}
{"event": "SKIP", "row": 967, "media_id": 64, "reason": "already reviewed", "ts": "2026-02-20 03:33:51"}
{"event": "SKIP", "row": 971, "media_id": 24, "reason": "already reviewed", "ts": "2026-02-20 03:33:51"}
{"event": "SKIP", "row": 978, "media_id": 83, "reason": "already reviewed", "ts": "2026-02-20 03:33:51"}
{"event": "SKIP", "row": 956, "media_id": 57, "reason": "already reviewed", "ts": "2026-02-20 03:33:51"}
{"event": "SKIP", "row": 954, "media_id": 77, "reason": "already reviewed", "ts": "2026-02-20 03:33:51"}
{"event": "SKIP", "row": 957, "media_id": 28, "reason": "already reviewed", "ts": "2026-02-20 03:33:51"}
{"event": "SKIP", "row": 985, "media_id": 62, "reason": "already reviewed", "ts": "2026-02-20 03:33:51"}
{"event": "SKIP", "row": 977, "media_id": 33, "reason": "already reviewed", "ts": "2026-02-20 03:33:51"}
{"event": "SKIP", "row": 984, "media_id": 76, "reason": "already reviewed", "ts": "2026-02-20 03:33:51"}
{"event": "SKIP", "row": 973, "media_id": 91, "reason": "already reviewed", "ts": "2026-02-20 03:33:51"}
{"event": "SKIP", "row": 974, "media_id": 8, "reason": "already reviewed", "ts": "2026-02-20 03:33:51"}
{"event": "SKIP", "row": 982, "media_id": 78, "reason": "already reviewed", "ts": "2026-02-20 03:33:51"}
{"event": "SKIP", "row": 976, "media_id": 18, "reason": "already reviewed", "ts": "2026-02-20 03:33:51"}
{"event": "SKIP", "row": 966, "media_id": 23, "reason": "already reviewed", "ts": "2026-02-20 03:33:51"}
{"event": "SKIP", "row": 983, "media_id": 10, "reason": "already reviewed", "ts": "2026-02-20 03:33:51"}
{"event": "SKIP", "row": 986, "media_id": 39, "reason": "already reviewed", "ts": "2026-02-20 03:33:51"}
{"event": "SKIP", "row": 980, "media_id": 93, "reason": "already reviewed", "ts": "2026-02-20 03:33:51"}
{"event": "SKIP", "row": 991, "media_id": 71, "reason": "already reviewed", "ts": "2026-02-20 03:33:51"}
{"event": "SKIP", "row": 990, "media_id": 27, "reason": "already reviewed", "ts": "2026-02-20 03:33:51"}
{"event": "SKIP", "row": 979, "media_id": 48, "reason": "already reviewed", "ts": "2026-02-20 03:33:51"}
{"event": "SKIP", "row": 998, "media_id": 41, "reason": "already reviewed", "ts": "2026-02-20 03:33:51"}
{"event": "SKIP", "row": 963, "media_id": 67, "reason": "already reviewed", "ts": "2026-02-20 03:33:51"}
{"event": "SKIP", "row": 988, "media_id": 97, "reason": "already reviewed", "ts": "2026-02-20 03:33:51"}
{"event": "SKIP", "row": 989, "media_id": 90, "reason": "already reviewed", "ts": "2026-02-20 03:33:51"}
{"event": "SKIP", "row": 996, "media_id": 93, "reason": "already reviewed", "ts": "2026-02-20 03:33:51"}
{"event": "SKIP", "row": 993, "media_id": 69, "reason": "already reviewed", "ts": "2026-02-20 03:33:51"}
{"event": "SKIP", "row": 999, "media_id": 73, "reason": "already reviewed", "ts": "2026-02-20 03:33:51"}
{"event": "SKIP", "row": 995, "media_id": 64, "reason": "already reviewed", "ts": "2026-02-20 03:33:51"}
{"event": "SKIP", "row": 994, "media_id": 34, "reason": "already reviewed", "ts": "2026-02-20 03:33:51"}
{"event": "SKIP", "row": 997, "media_id": 41, "reason": "already reviewed", "ts": "2026-02-20 03:33:51"}
{"event": "SKIP", "row": 981, "media_id": 35, "reason": "already reviewed", "ts": "2026-02-20 03:33:51"}
{"event": "SKIP", "row": 1000, "media_id": 19, "reason": "already reviewed", "ts": "2026-02-20 03:33:51"}
{"event": "SKIP", "row": 987, "media_id": 25, "reason": "already reviewed", "ts": "2026-02-20 03:33:51"}
{"event": "SKIP", "row": 992, "media_id": 37, "reason": "already reviewed", "ts": "2026-02-20 03:33:51"}
{"event": "BULK_DONE", "file": "reviews.csv", "total": 1000, "success": 98, "skipped": 902, "failed": 0, "elapsed_sec": 3.58, "ts": "2026-02-20 03:33:51"}
{"event": "BULK_START", "file": "reviews.csv", "total": 1000, "user_id": 9, "ts": "2026-02-20 04:04:09"}
{"event": "SUCCESS", "row": 1, "user_id": 9, "media_id": 82, "rating": 1, "comment": "Total waste of time", "ts": "2026-02-20 04:04:09"}
{"event": "SKIP", "row": 18, "media_id": 59, "reason": "already reviewed", "ts": "2026-02-20 04:04:09"}
{"event": "SKIP", "row": 6, "media_id": 4, "reason": "already reviewed", "ts": "2026-02-20 04:04:09"}
{"event": "SKIP", "row": 8, "media_id": 4, "reason": "already reviewed", "ts": "2026-02-20 04:04:09"}
{"event": "SUCCESS", "row": 2, "user_id": 9, "media_id": 95, "rating": 3, "comment": "Kept me hooked throughout", "ts": "2026-02-20 04:04:09"}
{"event": "SUCCESS", "row": 20, "user_id": 9, "media_id": 38, "rating": 5, "comment": "Solid 4 out of 5", "ts": "2026-02-20 04:04:09"}
{"event": "SKIP", "row": 21, "media_id": 74, "reason": "already reviewed", "ts": "2026-02-20 04:04:09"}
{"event": "SUCCESS", "row": 15, "user_id": 9, "media_id": 12, "rating": 4, "comment": "Decent but could be better", "ts": "2026-02-20 04:04:09"}
{"event": "SKIP", "row": 26, "media_id": 47, "reason": "already reviewed", "ts": "2026-02-20 04:04:09"}
{"event": "SKIP", "row": 22, "media_id": 9, "reason": "already reviewed", "ts": "2026-02-20 04:04:09"}
{"event": "SUCCESS", "row": 14, "user_id": 9, "media_id": 98, "rating": 3, "comment": "Decent but could be better", "ts": "2026-02-20 04:04:09"}
{"event": "SUCCESS", "row": 4, "user_id": 9, "media_id": 14, "rating": 5, "comment": "Must watch for everyone", "ts": "2026-02-20 04:04:09"}
{"event": "SUCCESS", "row": 5, "user_id": 9, "media_id": 76, "rating": 4, "comment": "Mind blowing experience", "ts": "2026-02-20 04:04:09"}
{"event": "SKIP", "row": 29, "media_id": 82, "reason": "already reviewed", "ts": "2026-02-20 04:04:09"}
{"event": "SUCCESS", "row": 7, "user_id": 9, "media_id": 30, "rating": 5, "comment": "Groundbreaking stuff", "ts": "2026-02-20 04:04:09"}
{"event": "SUCCESS", "row": 3, "user_id": 9, "media_id": 29, "rating": 2, "comment": "Feels recycled", "ts": "2026-02-20 04:04:09"}
{"event": "SKIP", "row": 32, "media_id": 82, "reason": "already reviewed", "ts": "2026-02-20 04:04:09"}
{"event": "SUCCESS", "row": 12, "user_id": 9, "media_id": 21, "rating": 4, "comment": "Best thing I watched this year", "ts": "2026-02-20 04:04:09"}
{"event": "SUCCESS", "row": 10, "user_id": 9, "media_id": 29, "rating": 4, "comment": "Cheesy but enjoyable", "ts": "2026-02-20 04:04:09"}
{"event": "SUCCESS", "row": 35, "user_id": 9, "media_id": 5, "rating": 3, "comment": "Nothing special", "ts": "2026-02-20 04:04:09"}
{"event": "SUCCESS", "row": 36, "user_id": 9, "media_id": 35, "rating": 1, "comment": "Masterpiece of modern cinema", "ts": "2026-02-20 04:04:09"}
{"event": "SUCCESS", "row": 34, "user_id": 9, "media_id": 100, "rating": 1, "comment": "Not worth the hype", "ts": "2026-02-20 04:04:09"}
{"event": "SUCCESS", "row": 16, "user_id": 9, "media_id": 46, "rating": 3, "comment": "Groundbreaking stuff", "ts": "2026-02-20 04:04:09"}
{"event": "SUCCESS", "row": 17, "user_id": 9, "media_id": 34, "rating": 1, "comment": "Fresh and original", "ts": "2026-02-20 04:04:09"}
{"event": "SUCCESS", "row": 37, "user_id": 9, "media_id": 73, "rating": 3, "comment": "Masterpiece of modern cinema", "ts": "2026-02-20 04:04:09"}
{"event": "SKIP", "row": 40, "media_id": 34, "reason": "already reviewed", "ts": "2026-02-20 04:04:09"}
{"event": "SUCCESS", "row": 45, "user_id": 9, "media_id": 64, "rating": 1, "comment": "Gripping from start to finish", "ts": "2026-02-20 04:04:09"}
{"event": "SUCCESS", "row": 43, "user_id": 9, "media_id": 75, "rating": 4, "comment": "Solid 4 out of 5", "ts": "2026-02-20 04:04:09"}
{"event": "SKIP", "row": 44, "media_id": 29, "reason": "already reviewed", "ts": "2026-02-20 04:04:09"}
{"event": "SUCCESS", "row": 48, "user_id": 9, "media_id": 55, "rating": 5, "comment": "Boring and slow paced", "ts": "2026-02-20 04:04:09"}
{"event": "SKIP", "row": 46, "media_id": 7, "reason": "already reviewed", "ts": "2026-02-20 04:04:09"}
{"event": "SUCCESS", "row": 38, "user_id": 9, "media_id": 84, "rating": 4, "comment": "Nothing special", "ts": "2026-02-20 04:04:09"}
{"event": "SKIP", "row": 42, "media_id": 34, "reason": "already reviewed", "ts": "2026-02-20 04:04:10"}
{"event": "SUCCESS", "row": 27, "user_id": 9, "media_id": 46, "rating": 2, "comment": "Hidden gem", "ts": "2026-02-20 04:04:10"}
{"event": "SUCCESS", "row": 41, "user_id": 9, "media_id": 96, "rating": 5, "comment": "Great background score", "ts": "2026-02-20 04:04:10"}
{"event": "SUCCESS", "row": 49, "user_id": 9, "media_id": 50, "rating": 4, "comment": "Groundbreaking stuff", "ts": "2026-02-20 04:04:10"}
{"event": "SUCCESS", "row": 47, "user_id": 9, "media_id": 81, "rating": 2, "comment": "Overhyped trash", "ts": "2026-02-20 04:04:10"}
{"event": "SUCCESS", "row": 19, "user_id": 9, "media_id": 49, "rating": 1, "comment": "Weak script", "ts": "2026-02-20 04:04:10"}
{"event": "SUCCESS", "row": 50, "user_id": 9, "media_id": 60, "rating": 5, "comment": "Predictable plot but fun", "ts": "2026-02-20 04:04:10"}
{"event": "SUCCESS", "row": 31, "user_id": 9, "media_id": 60, "rating": 4, "comment": "Stunning visuals", "ts": "2026-02-20 04:04:10"}
{"event": "SUCCESS", "row": 30, "user_id": 9, "media_id": 94, "rating": 2, "comment": "Overrated in my opinion", "ts": "2026-02-20 04:04:10"}
{"event": "SUCCESS", "row": 33, "user_id": 9, "media_id": 88, "rating": 3, "comment": "Lost interest halfway", "ts": "2026-02-20 04:04:10"}
{"event": "SUCCESS", "row": 39, "user_id": 9, "media_id": 83, "rating": 4, "comment": "Highly recommended", "ts": "2026-02-20 04:04:10"}
{"event": "SUCCESS", "row": 13, "user_id": 9, "media_id": 36, "rating": 2, "comment": "Masterpiece of modern cinema", "ts": "2026-02-20 04:04:10"}
{"event": "SUCCESS", "row": 9, "user_id": 9, "media_id": 92, "rating": 5, "comment": "Loved every minute", "ts": "2026-02-20 04:04:10"}
{"event": "SUCCESS", "row": 23, "user_id": 9, "media_id": 30, "rating": 3, "comment": "Must watch for everyone", "ts": "2026-02-20 04:04:10"}
{"event": "SUCCESS", "row": 11, "user_id": 9, "media_id": 36, "rating": 1, "comment": "Gripping from start to finish", "ts": "2026-02-20 04:04:10"}
{"event": "SUCCESS", "row": 25, "user_id": 9, "media_id": 36, "rating": 4, "comment": "Would watch again", "ts": "2026-02-20 04:04:10"}
{"event": "SUCCESS", "row": 24, "user_id": 9, "media_id": 30, "rating": 1, "comment": "Surprisingly good", "ts": "2026-02-20 04:04:10"}
{"event": "SUCCESS", "row": 28, "user_id": 9, "media_id": 35, "rating": 1, "comment": "Groundbreaking stuff", "ts": "2026-02-20 04:04:10"}
{"event": "SKIP", "row": 67, "media_id": 73, "reason": "already reviewed", "ts": "2026-02-20 04:04:10"}
{"event": "SKIP", "row": 60, "media_id": 65, "reason": "already reviewed", "ts": "2026-02-20 04:04:10"}
{"event": "SKIP", "row": 70, "media_id": 17, "reason": "already reviewed", "ts": "2026-02-20 04:04:10"}
{"event": "SKIP", "row": 59, "media_id": 14, "reason": "already reviewed", "ts": "2026-02-20 04:04:10"}
{"event": "SKIP", "row": 58, "media_id": 98, "reason": "already reviewed", "ts": "2026-02-20 04:04:10"}
{"event": "SKIP", "row": 55, "media_id": 38, "reason": "already reviewed", "ts": "2026-02-20 04:04:10"}
{"event": "SKIP", "row": 62, "media_id": 21, "reason": "already reviewed", "ts": "2026-02-20 04:04:10"}
{"event": "SKIP", "row": 56, "media_id": 59, "reason": "already reviewed", "ts": "2026-02-20 04:04:10"}
{"event": "SKIP", "row": 68, "media_id": 94, "reason": "already reviewed", "ts": "2026-02-20 04:04:10"}
{"event": "SUCCESS", "row": 63, "user_id": 9, "media_id": 68, "rating": 1, "comment": "Groundbreaking stuff", "ts": "2026-02-20 04:04:10"}
{"event": "SKIP", "row": 54, "media_id": 83, "reason": "already reviewed", "ts": "2026-02-20 04:04:10"}
{"event": "SKIP", "row": 72, "media_id": 34, "reason": "already reviewed", "ts": "2026-02-20 04:04:10"}
{"event": "SUCCESS", "row": 64, "user_id": 9, "media_id": 42, "rating": 4, "comment": "Total waste of time", "ts": "2026-02-20 04:04:10"}
{"event": "SUCCESS", "row": 80, "user_id": 9, "media_id": 71, "rating": 2, "comment": "Cheesy but enjoyable", "ts": "2026-02-20 04:04:10"}
{"event": "SKIP", "row": 76, "media_id": 84, "reason": "already reviewed", "ts": "2026-02-20 04:04:10"}
{"event": "SKIP", "row": 73, "media_id": 55, "reason": "already reviewed", "ts": "2026-02-20 04:04:10"}
{"event": "SUCCESS", "row": 79, "user_id": 9, "media_id": 44, "rating": 1, "comment": "Cheesy but enjoyable", "ts": "2026-02-20 04:04:10"}
{"event": "SKIP", "row": 83, "media_id": 9, "reason": "already reviewed", "ts": "2026-02-20 04:04:10"}
{"event": "SKIP", "row": 51, "media_id": 71, "reason": "already reviewed", "ts": "2026-02-20 04:04:10"}
{"event": "SKIP", "row": 69, "media_id": 98, "reason": "already reviewed", "ts": "2026-02-20 04:04:10"}
{"event": "SUCCESS", "row": 77, "user_id": 9, "media_id": 67, "rating": 4, "comment": "One of the best I have seen", "ts": "2026-02-20 04:04:10"}
{"event": "SUCCESS", "row": 86, "user_id": 9, "media_id": 70, "rating": 2, "comment": "Fresh and original", "ts": "2026-02-20 04:04:10"}
{"event": "SKIP", "row": 82, "media_id": 91, "reason": "already reviewed", "ts": "2026-02-20 04:04:10"}
{"event": "SKIP", "row": 87, "media_id": 74, "reason": "already reviewed", "ts": "2026-02-20 04:04:10"}
{"event": "SKIP", "row": 92, "media_id": 94, "reason": "already reviewed", "ts": "2026-02-20 04:04:10"}
{"event": "SKIP", "row": 85, "media_id": 36, "reason": "already reviewed", "ts": "2026-02-20 04:04:10"}
{"event": "SKIP", "row": 81, "media_id": 29, "reason": "already reviewed", "ts": "2026-02-20 04:04:11"}
{"event": "SKIP", "row": 97, "media_id": 55, "reason": "already reviewed", "ts": "2026-02-20 04:04:11"}
{"event": "SUCCESS", "row": 71, "user_id": 9, "media_id": 61, "rating": 5, "comment": "Overrated in my opinion", "ts": "2026-02-20 04:04:11"}
{"event": "SKIP", "row": 91, "media_id": 55, "reason": "already reviewed", "ts": "2026-02-20 04:04:11"}
{"event": "SUCCESS", "row": 53, "user_id": 9, "media_id": 69, "rating": 3, "comment": "Lost interest halfway", "ts": "2026-02-20 04:04:11"}
{"event": "SKIP", "row": 93, "media_id": 84, "reason": "already reviewed", "ts": "2026-02-20 04:04:11"}
{"event": "SUCCESS", "row": 74, "user_id": 9, "media_id": 97, "rating": 2, "comment": "Dry and lifeless", "ts": "2026-02-20 04:04:11"}
{"event": "SKIP", "row": 96, "media_id": 69, "reason": "already reviewed", "ts": "2026-02-20 04:04:11"}
{"event": "SUCCESS", "row": 89, "user_id": 9, "media_id": 25, "rating": 1, "comment": "Decent but could be better", "ts": "2026-02-20 04:04:11"}
{"event": "SKIP", "row": 98, "media_id": 60, "reason": "already reviewed", "ts": "2026-02-20 04:04:11"}
{"event": "SKIP", "row": 100, "media_id": 7, "reason": "already reviewed", "ts": "2026-02-20 04:04:11"}
{"event": "SUCCESS", "row": 61, "user_id": 9, "media_id": 20, "rating": 3, "comment": "Gripping from start to finish", "ts": "2026-02-20 04:04:11"}
{"event": "SUCCESS", "row": 94, "user_id": 9, "media_id": 52, "rating": 3, "comment": "Decent but could be better", "ts": "2026-02-20 04:04:11"}
{"event": "SUCCESS", "row": 65, "user_id": 9, "media_id": 15, "rating": 3, "comment": "Exceeded my expectations", "ts": "2026-02-20 04:04:11"}
{"event": "SUCCESS", "row": 99, "user_id": 9, "media_id": 57, "rating": 5, "comment": "Decent but could be better", "ts": "2026-02-20 04:04:11"}
{"event": "SUCCESS", "row": 78, "user_id": 9, "media_id": 32, "rating": 2, "comment": "Boring and slow paced", "ts": "2026-02-20 04:04:11"}
{"event": "SUCCESS", "row": 95, "user_id": 9, "media_id": 32, "rating": 2, "comment": "Average at best", "ts": "2026-02-20 04:04:11"}
{"event": "SUCCESS", "row": 90, "user_id": 9, "media_id": 85, "rating": 4, "comment": "Terrible ending ruined it", "ts": "2026-02-20 04:04:11"}
{"event": "SUCCESS", "row": 75, "user_id": 9, "media_id": 40, "rating": 4, "comment": "Hidden gem", "ts": "2026-02-20 04:04:11"}
{"event": "SUCCESS", "row": 57, "user_id": 9, "media_id": 93, "rating": 3, "comment": "Light hearted fun", "ts": "2026-02-20 04:04:11"}
{"event": "SUCCESS", "row": 88, "user_id": 9, "media_id": 32, "rating": 4, "comment": "Loved every minute", "ts": "2026-02-20 04:04:11"}
{"event": "SUCCESS", "row": 66, "user_id": 9, "media_id": 31, "rating": 1, "comment": "Kept me hooked throughout", "ts": "2026-02-20 04:04:11"}
{"event": "SUCCESS", "row": 52, "user_id": 9, "media_id": 93, "rating": 1, "comment": "Overhyped trash", "ts": "2026-02-20 04:04:11"}
{"event": "SUCCESS", "row": 84, "user_id": 9, "media_id": 10, "rating": 5, "comment": "Kept me hooked throughout", "ts": "2026-02-20 04:04:11"}
{"event": "SKIP", "row": 118, "media_id": 16, "reason": "already reviewed", "ts": "2026-02-20 04:04:11"}
{"event": "SKIP", "row": 101, "media_id": 12, "reason": "already reviewed", "ts": "2026-02-20 04:04:11"}
{"event": "SKIP", "row": 111, "media_id": 70, "reason": "already reviewed", "ts": "2026-02-20 04:04:11"}
{"event": "SKIP", "row": 105, "media_id": 50, "reason": "already reviewed", "ts": "2026-02-20 04:04:11"}
{"event": "SKIP", "row": 121, "media_id": 85, "reason": "already reviewed", "ts": "2026-02-20 04:04:11"}
{"event": "SKIP", "row": 122, "media_id": 67, "reason": "already reviewed", "ts": "2026-02-20 04:04:11"}
{"event": "SKIP", "row": 113, "media_id": 75, "reason": "already reviewed", "ts": "2026-02-20 04:04:11"}
{"event": "SKIP", "row": 117, "media_id": 87, "reason": "already reviewed", "ts": "2026-02-20 04:04:11"}
{"event": "SKIP", "row": 107, "media_id": 94, "reason": "already reviewed", "ts": "2026-02-20 04:04:11"}
{"event": "SKIP", "row": 124, "media_id": 34, "reason": "already reviewed", "ts": "2026-02-20 04:04:11"}
{"event": "SKIP", "row": 108, "media_id": 92, "reason": "already reviewed", "ts": "2026-02-20 04:04:11"}
{"event": "SKIP", "row": 116, "media_id": 9, "reason": "already reviewed", "ts": "2026-02-20 04:04:11"}
{"event": "SKIP", "row": 127, "media_id": 59, "reason": "already reviewed", "ts": "2026-02-20 04:04:11"}
{"event": "SKIP", "row": 102, "media_id": 53, "reason": "already reviewed", "ts": "2026-02-20 04:04:11"}
{"event": "SKIP", "row": 130, "media_id": 17, "reason": "already reviewed", "ts": "2026-02-20 04:04:11"}
{"event": "SKIP", "row": 129, "media_id": 28, "reason": "already reviewed", "ts": "2026-02-20 04:04:11"}
{"event": "SKIP", "row": 109, "media_id": 25, "reason": "already reviewed", "ts": "2026-02-20 04:04:11"}
{"event": "SUCCESS", "row": 103, "user_id": 9, "media_id": 28, "rating": 4, "comment": "Great storyline and acting", "ts": "2026-02-20 04:04:11"}
{"event": "SKIP", "row": 138, "media_id": 96, "reason": "already reviewed", "ts": "2026-02-20 04:04:11"}
{"event": "SKIP", "row": 133, "media_id": 91, "reason": "already reviewed", "ts": "2026-02-20 04:04:11"}
{"event": "SUCCESS", "row": 140, "user_id": 9, "media_id": 27, "rating": 3, "comment": "Masterpiece of modern cinema", "ts": "2026-02-20 04:04:11"}
{"event": "SKIP", "row": 132, "media_id": 21, "reason": "already reviewed", "ts": "2026-02-20 04:04:11"}
{"event": "SKIP", "row": 139, "media_id": 35, "reason": "already reviewed", "ts": "2026-02-20 04:04:11"}
{"event": "SKIP", "row": 119, "media_id": 75, "reason": "already reviewed", "ts": "2026-02-20 04:04:11"}
{"event": "SKIP", "row": 137, "media_id": 34, "reason": "already reviewed", "ts": "2026-02-20 04:04:11"}
{"event": "SUCCESS", "row": 144, "user_id": 9, "media_id": 6, "rating": 1, "comment": "Best thing I watched this year", "ts": "2026-02-20 04:04:11"}
{"event": "SKIP", "row": 143, "media_id": 12, "reason": "already reviewed", "ts": "2026-02-20 04:04:11"}
{"event": "SUCCESS", "row": 128, "user_id": 9, "media_id": 13, "rating": 1, "comment": "Great background score", "ts": "2026-02-20 04:04:11"}
{"event": "SUCCESS", "row": 142, "user_id": 9, "media_id": 63, "rating": 3, "comment": "Great storyline and acting", "ts": "2026-02-20 04:04:11"}
{"event": "SUCCESS", "row": 145, "user_id": 9, "media_id": 99, "rating": 2, "comment": "Would watch again", "ts": "2026-02-20 04:04:11"}
{"event": "SKIP", "row": 146, "media_id": 34, "reason": "already reviewed", "ts": "2026-02-20 04:04:11"}
{"event": "SKIP", "row": 147, "media_id": 57, "reason": "already reviewed", "ts": "2026-02-20 04:04:11"}
{"event": "SKIP", "row": 149, "media_id": 15, "reason": "already reviewed", "ts": "2026-02-20 04:04:11"}
{"event": "SKIP", "row": 141, "media_id": 88, "reason": "already reviewed", "ts": "2026-02-20 04:04:11"}
{"event": "SUCCESS", "row": 106, "user_id": 9, "media_id": 37, "rating": 4, "comment": "Emotional rollercoaster", "ts": "2026-02-20 04:04:11"}
{"event": "SKIP", "row": 150, "media_id": 20, "reason": "already reviewed", "ts": "2026-02-20 04:04:11"}
{"event": "SKIP", "row": 136, "media_id": 85, "reason": "already reviewed", "ts": "2026-02-20 04:04:11"}
{"event": "SKIP", "row": 148, "media_id": 55, "reason": "already reviewed", "ts": "2026-02-20 04:04:11"}
{"event": "SKIP", "row": 131, "media_id": 32, "reason": "already reviewed", "ts": "2026-02-20 04:04:11"}
{"event": "SKIP", "row": 134, "media_id": 84, "reason": "already reviewed", "ts": "2026-02-20 04:04:11"}
{"event": "SKIP", "row": 114, "media_id": 68, "reason": "already reviewed", "ts": "2026-02-20 04:04:11"}
{"event": "SUCCESS", "row": 115, "user_id": 9, "media_id": 66, "rating": 1, "comment": "Brilliant direction", "ts": "2026-02-20 04:04:11"}
{"event": "SUCCESS", "row": 104, "user_id": 9, "media_id": 22, "rating": 4, "comment": "Absolutely loved it", "ts": "2026-02-20 04:04:11"}
{"event": "SUCCESS", "row": 110, "user_id": 9, "media_id": 8, "rating": 5, "comment": "Feels recycled", "ts": "2026-02-20 04:04:11"}
{"event": "SUCCESS", "row": 112, "user_id": 9, "media_id": 41, "rating": 1, "comment": "Great storyline and acting", "ts": "2026-02-20 04:04:11"}
{"event": "SUCCESS", "row": 125, "user_id": 9, "media_id": 86, "rating": 3, "comment": "Mediocre at best", "ts": "2026-02-20 04:04:12"}
{"event": "SUCCESS", "row": 126, "user_id": 9, "media_id": 41, "rating": 1, "comment": "Absolutely loved it", "ts": "2026-02-20 04:04:12"}
{"event": "SUCCESS", "row": 135, "user_id": 9, "media_id": 86, "rating": 5, "comment": "Exceeded my expectations", "ts": "2026-02-20 04:04:12"}
{"event": "SUCCESS", "row": 123, "user_id": 9, "media_id": 27, "rating": 3, "comment": "Kept me hooked throughout", "ts": "2026-02-20 04:04:12"}
{"event": "SUCCESS", "row": 120, "user_id": 9, "media_id": 80, "rating": 1, "comment": "Loved every minute", "ts": "2026-02-20 04:04:12"}
{"event": "SKIP", "row": 170, "media_id": 83, "reason": "already reviewed", "ts": "2026-02-20 04:04:12"}
{"event": "SKIP", "row": 167, "media_id": 4, "reason": "already reviewed", "ts": "2026-02-20 04:04:12"}
{"event": "SKIP", "row": 164, "media_id": 5, "reason": "already reviewed", "ts": "2026-02-20 04:04:12"}
{"event": "SKIP", "row": 166, "media_id": 40, "reason": "already reviewed", "ts": "2026-02-20 04:04:12"}
{"event": "SKIP", "row": 155, "media_id": 88, "reason": "already reviewed", "ts": "2026-02-20 04:04:12"}
{"event": "SKIP", "row": 171, "media_id": 87, "reason": "already reviewed", "ts": "2026-02-20 04:04:12"}
{"event": "SUCCESS", "row": 151, "user_id": 9, "media_id": 48, "rating": 5, "comment": "Weak script", "ts": "2026-02-20 04:04:12"}
{"event": "SKIP", "row": 172, "media_id": 4, "reason": "already reviewed", "ts": "2026-02-20 04:04:12"}
{"event": "SKIP", "row": 163, "media_id": 21, "reason": "already reviewed", "ts": "2026-02-20 04:04:12"}
{"event": "SKIP", "row": 176, "media_id": 41, "reason": "already reviewed", "ts": "2026-02-20 04:04:12"}
{"event": "SKIP", "row": 162, "media_id": 95, "reason": "already reviewed", "ts": "2026-02-20 04:04:12"}
{"event": "SKIP", "row": 181, "media_id": 93, "reason": "already reviewed", "ts": "2026-02-20 04:04:12"}
{"event": "SKIP", "row": 177, "media_id": 66, "reason": "already reviewed", "ts": "2026-02-20 04:04:12"}
{"event": "SUCCESS", "row": 183, "user_id": 9, "media_id": 43, "rating": 5, "comment": "Fell asleep watching", "ts": "2026-02-20 04:04:12"}
{"event": "SKIP", "row": 184, "media_id": 85, "reason": "already reviewed", "ts": "2026-02-20 04:04:12"}
{"event": "SKIP", "row": 185, "media_id": 39, "reason": "already reviewed", "ts": "2026-02-20 04:04:12"}
{"event": "SKIP", "row": 186, "media_id": 86, "reason": "already reviewed", "ts": "2026-02-20 04:04:12"}
{"event": "SKIP", "row": 187, "media_id": 52, "reason": "already reviewed", "ts": "2026-02-20 04:04:12"}
{"event": "SKIP", "row": 188, "media_id": 17, "reason": "already reviewed", "ts": "2026-02-20 04:04:12"}
{"event": "SKIP", "row": 153, "media_id": 6, "reason": "already reviewed", "ts": "2026-02-20 04:04:12"}
{"event": "SKIP", "row": 179, "media_id": 6, "reason": "already reviewed", "ts": "2026-02-20 04:04:12"}
{"event": "SKIP", "row": 161, "media_id": 43, "reason": "already reviewed", "ts": "2026-02-20 04:04:12"}
{"event": "SKIP", "row": 159, "media_id": 21, "reason": "already reviewed", "ts": "2026-02-20 04:04:12"}
{"event": "SKIP", "row": 168, "media_id": 43, "reason": "already reviewed", "ts": "2026-02-20 04:04:12"}
{"event": "SKIP", "row": 156, "media_id": 14, "reason": "already reviewed", "ts": "2026-02-20 04:04:12"}
{"event": "SKIP", "row": 169, "media_id": 99, "reason": "already reviewed", "ts": "2026-02-20 04:04:12"}
{"event": "SKIP", "row": 160, "media_id": 4, "reason": "already reviewed", "ts": "2026-02-20 04:04:12"}
{"event": "SKIP", "row": 174, "media_id": 5, "reason": "already reviewed", "ts": "2026-02-20 04:04:12"}
{"event": "SKIP", "row": 154, "media_id": 6, "reason": "already reviewed", "ts": "2026-02-20 04:04:12"}
{"event": "SUCCESS", "row": 165, "user_id": 9, "media_id": 26, "rating": 4, "comment": "Terrible ending ruined it", "ts": "2026-02-20 04:04:12"}
{"event": "SKIP", "row": 191, "media_id": 73, "reason": "already reviewed", "ts": "2026-02-20 04:04:12"}
{"event": "SKIP", "row": 195, "media_id": 42, "reason": "already reviewed", "ts": "2026-02-20 04:04:12"}
{"event": "SKIP", "row": 194, "media_id": 75, "reason": "already reviewed", "ts": "2026-02-20 04:04:12"}
{"event": "SKIP", "row": 189, "media_id": 86, "reason": "already reviewed", "ts": "2026-02-20 04:04:12"}
{"event": "SKIP", "row": 178, "media_id": 74, "reason": "already reviewed", "ts": "2026-02-20 04:04:12"}
{"event": "SKIP", "row": 190, "media_id": 96, "reason": "already reviewed", "ts": "2026-02-20 04:04:12"}
{"event": "SKIP", "row": 197, "media_id": 61, "reason": "already reviewed", "ts": "2026-02-20 04:04:12"}
{"event": "SKIP", "row": 193, "media_id": 37, "reason": "already reviewed", "ts": "2026-02-20 04:04:12"}
{"event": "SKIP", "row": 196, "media_id": 57, "reason": "already reviewed", "ts": "2026-02-20 04:04:12"}
{"event": "SKIP", "row": 199, "media_id": 85, "reason": "already reviewed", "ts": "2026-02-20 04:04:12"}
{"event": "SKIP", "row": 192, "media_id": 71, "reason": "already reviewed", "ts": "2026-02-20 04:04:12"}
{"event": "SKIP", "row": 200, "media_id": 12, "reason": "already reviewed", "ts": "2026-02-20 04:04:12"}
{"event": "SKIP", "row": 158, "media_id": 96, "reason": "already reviewed", "ts": "2026-02-20 04:04:12"}
{"event": "SUCCESS", "row": 152, "user_id": 9, "media_id": 19, "rating": 4, "comment": "Very disappointing", "ts": "2026-02-20 04:04:12"}
{"event": "SKIP", "row": 180, "media_id": 67, "reason": "already reviewed", "ts": "2026-02-20 04:04:12"}
{"event": "SUCCESS", "row": 157, "user_id": 9, "media_id": 72, "rating": 4, "comment": "Not my cup of tea", "ts": "2026-02-20 04:04:12"}
{"event": "SUCCESS", "row": 182, "user_id": 9, "media_id": 56, "rating": 1, "comment": "Hidden gem", "ts": "2026-02-20 04:04:12"}
{"event": "SUCCESS", "row": 173, "user_id": 9, "media_id": 23, "rating": 5, "comment": "Predictable plot but fun", "ts": "2026-02-20 04:04:12"}
{"event": "SUCCESS", "row": 175, "user_id": 9, "media_id": 56, "rating": 3, "comment": "Fresh and original", "ts": "2026-02-20 04:04:12"}
{"event": "SUCCESS", "row": 198, "user_id": 9, "media_id": 11, "rating": 3, "comment": "Light hearted fun", "ts": "2026-02-20 04:04:12"}
{"event": "SKIP", "row": 206, "media_id": 92, "reason": "already reviewed", "ts": "2026-02-20 04:04:12"}
{"event": "SKIP", "row": 212, "media_id": 7, "reason": "already reviewed", "ts": "2026-02-20 04:04:12"}
{"event": "SKIP", "row": 208, "media_id": 84, "reason": "already reviewed", "ts": "2026-02-20 04:04:12"}
{"event": "SKIP", "row": 202, "media_id": 19, "reason": "already reviewed", "ts": "2026-02-20 04:04:12"}
{"event": "SKIP", "row": 201, "media_id": 40, "reason": "already reviewed", "ts": "2026-02-20 04:04:12"}
{"event": "SKIP", "row": 214, "media_id": 60, "reason": "already reviewed", "ts": "2026-02-20 04:04:12"}
{"event": "SKIP", "row": 204, "media_id": 99, "reason": "already reviewed", "ts": "2026-02-20 04:04:12"}
{"event": "SKIP", "row": 217, "media_id": 65, "reason": "already reviewed", "ts": "2026-02-20 04:04:12"}
{"event": "SKIP", "row": 207, "media_id": 52, "reason": "already reviewed", "ts": "2026-02-20 04:04:12"}
{"event": "SKIP", "row": 222, "media_id": 81, "reason": "already reviewed", "ts": "2026-02-20 04:04:12"}
{"event": "SKIP", "row": 213, "media_id": 16, "reason": "already reviewed", "ts": "2026-02-20 04:04:12"}
{"event": "SKIP", "row": 216, "media_id": 57, "reason": "already reviewed", "ts": "2026-02-20 04:04:12"}
{"event": "SKIP", "row": 221, "media_id": 36, "reason": "already reviewed", "ts": "2026-02-20 04:04:12"}
{"event": "SKIP", "row": 211, "media_id": 90, "reason": "already reviewed", "ts": "2026-02-20 04:04:12"}
{"event": "SKIP", "row": 228, "media_id": 20, "reason": "already reviewed", "ts": "2026-02-20 04:04:12"}
{"event": "SKIP", "row": 219, "media_id": 61, "reason": "already reviewed", "ts": "2026-02-20 04:04:12"}
{"event": "SKIP", "row": 203, "media_id": 32, "reason": "already reviewed", "ts": "2026-02-20 04:04:12"}
{"event": "SKIP", "row": 226, "media_id": 11, "reason": "already reviewed", "ts": "2026-02-20 04:04:12"}
{"event": "SKIP", "row": 224, "media_id": 37, "reason": "already reviewed", "ts": "2026-02-20 04:04:12"}
{"event": "SUCCESS", "row": 215, "user_id": 9, "media_id": 77, "rating": 3, "comment": "Gripping from start to finish", "ts": "2026-02-20 04:04:12"}
{"event": "SKIP", "row": 231, "media_id": 8, "reason": "already reviewed", "ts": "2026-02-20 04:04:12"}
{"event": "SKIP", "row": 230, "media_id": 70, "reason": "already reviewed", "ts": "2026-02-20 04:04:12"}
{"event": "SKIP", "row": 239, "media_id": 4, "reason": "already reviewed", "ts": "2026-02-20 04:04:12"}
{"event": "SUCCESS", "row": 243, "user_id": 9, "media_id": 51, "rating": 5, "comment": "Incredible performance by the lead", "ts": "2026-02-20 04:04:12"}
{"event": "SKIP", "row": 241, "media_id": 22, "reason": "already reviewed", "ts": "2026-02-20 04:04:12"}
{"event": "SKIP", "row": 242, "media_id": 80, "reason": "already reviewed", "ts": "2026-02-20 04:04:12"}
{"event": "SKIP", "row": 235, "media_id": 39, "reason": "already reviewed", "ts": "2026-02-20 04:04:12"}
{"event": "SKIP", "row": 227, "media_id": 30, "reason": "already reviewed", "ts": "2026-02-20 04:04:12"}
{"event": "SKIP", "row": 236, "media_id": 69, "reason": "already reviewed", "ts": "2026-02-20 04:04:12"}
{"event": "SKIP", "row": 225, "media_id": 43, "reason": "already reviewed", "ts": "2026-02-20 04:04:12"}
{"event": "SKIP", "row": 210, "media_id": 55, "reason": "already reviewed", "ts": "2026-02-20 04:04:12"}
{"event": "SKIP", "row": 237, "media_id": 29, "reason": "already reviewed", "ts": "2026-02-20 04:04:12"}
{"event": "SKIP", "row": 220, "media_id": 97, "reason": "already reviewed", "ts": "2026-02-20 04:04:12"}
{"event": "SUCCESS", "row": 205, "user_id": 9, "media_id": 54, "rating": 5, "comment": "Average at best", "ts": "2026-02-20 04:04:12"}
{"event": "SKIP", "row": 249, "media_id": 44, "reason": "already reviewed", "ts": "2026-02-20 04:04:12"}
{"event": "SKIP", "row": 245, "media_id": 83, "reason": "already reviewed", "ts": "2026-02-20 04:04:12"}
{"event": "SKIP", "row": 238, "media_id": 35, "reason": "already reviewed", "ts": "2026-02-20 04:04:12"}
{"event": "SKIP", "row": 209, "media_id": 99, "reason": "already reviewed", "ts": "2026-02-20 04:04:12"}
{"event": "SKIP", "row": 244, "media_id": 85, "reason": "already reviewed", "ts": "2026-02-20 04:04:12"}
{"event": "SKIP", "row": 248, "media_id": 28, "reason": "already reviewed", "ts": "2026-02-20 04:04:12"}
{"event": "SKIP", "row": 240, "media_id": 86, "reason": "already reviewed", "ts": "2026-02-20 04:04:12"}
{"event": "SKIP", "row": 232, "media_id": 50, "reason": "already reviewed", "ts": "2026-02-20 04:04:12"}
{"event": "SKIP", "row": 247, "media_id": 34, "reason": "already reviewed", "ts": "2026-02-20 04:04:12"}
{"event": "SUCCESS", "row": 218, "user_id": 9, "media_id": 58, "rating": 2, "comment": "Feels recycled", "ts": "2026-02-20 04:04:12"}
{"event": "SKIP", "row": 223, "media_id": 57, "reason": "already reviewed", "ts": "2026-02-20 04:04:12"}
{"event": "SUCCESS", "row": 233, "user_id": 9, "media_id": 3, "rating": 5, "comment": "Surprisingly good", "ts": "2026-02-20 04:04:12"}
{"event": "SKIP", "row": 250, "media_id": 97, "reason": "already reviewed", "ts": "2026-02-20 04:04:12"}
{"event": "SKIP", "row": 246, "media_id": 60, "reason": "already reviewed", "ts": "2026-02-20 04:04:12"}
{"event": "SUCCESS", "row": 229, "user_id": 9, "media_id": 54, "rating": 4, "comment": "Best thing I watched this year", "ts": "2026-02-20 04:04:12"}
{"event": "SUCCESS", "row": 234, "user_id": 9, "media_id": 62, "rating": 1, "comment": "Terrible ending ruined it", "ts": "2026-02-20 04:04:12"}
{"event": "SKIP", "row": 263, "media_id": 21, "reason": "already reviewed", "ts": "2026-02-20 04:04:12"}
{"event": "SKIP", "row": 256, "media_id": 3, "reason": "already reviewed", "ts": "2026-02-20 04:04:12"}
{"event": "SKIP", "row": 251, "media_id": 11, "reason": "already reviewed", "ts": "2026-02-20 04:04:12"}
{"event": "SKIP", "row": 259, "media_id": 28, "reason": "already reviewed", "ts": "2026-02-20 04:04:12"}
{"event": "SKIP", "row": 269, "media_id": 77, "reason": "already reviewed", "ts": "2026-02-20 04:04:12"}
{"event": "SKIP", "row": 270, "media_id": 6, "reason": "already reviewed", "ts": "2026-02-20 04:04:12"}
{"event": "SKIP", "row": 252, "media_id": 96, "reason": "already reviewed", "ts": "2026-02-20 04:04:12"}
{"event": "SKIP", "row": 264, "media_id": 75, "reason": "already reviewed", "ts": "2026-02-20 04:04:12"}
{"event": "SKIP", "row": 254, "media_id": 9, "reason": "already reviewed", "ts": "2026-02-20 04:04:12"}
{"event": "SKIP", "row": 267, "media_id": 76, "reason": "already reviewed", "ts": "2026-02-20 04:04:12"}
{"event": "SKIP", "row": 268, "media_id": 90, "reason": "already reviewed", "ts": "2026-02-20 04:04:12"}
{"event": "SKIP", "row": 273, "media_id": 54, "reason": "already reviewed", "ts": "2026-02-20 04:04:12"}
{"event": "SKIP", "row": 276, "media_id": 23, "reason": "already reviewed", "ts": "2026-02-20 04:04:12"}
{"event": "SKIP", "row": 266, "media_id": 92, "reason": "already reviewed", "ts": "2026-02-20 04:04:12"}
{"event": "SKIP", "row": 274, "media_id": 56, "reason": "already reviewed", "ts": "2026-02-20 04:04:12"}
{"event": "SKIP", "row": 272, "media_id": 65, "reason": "already reviewed", "ts": "2026-02-20 04:04:12"}
{"event": "SKIP", "row": 258, "media_id": 86, "reason": "already reviewed", "ts": "2026-02-20 04:04:12"}
{"event": "SKIP", "row": 262, "media_id": 92, "reason": "already reviewed", "ts": "2026-02-20 04:04:12"}
{"event": "SKIP", "row": 255, "media_id": 4, "reason": "already reviewed", "ts": "2026-02-20 04:04:12"}
{"event": "SKIP", "row": 280, "media_id": 42, "reason": "already reviewed", "ts": "2026-02-20 04:04:12"}
{"event": "SUCCESS", "row": 253, "user_id": 9, "media_id": 45, "rating": 2, "comment": "Once is enough", "ts": "2026-02-20 04:04:12"}
{"event": "SKIP", "row": 275, "media_id": 59, "reason": "already reviewed", "ts": "2026-02-20 04:04:12"}
{"event": "SKIP", "row": 287, "media_id": 36, "reason": "already reviewed", "ts": "2026-02-20 04:04:12"}
{"event": "SKIP", "row": 289, "media_id": 67, "reason": "already reviewed", "ts": "2026-02-20 04:04:12"}
{"event": "SKIP", "row": 290, "media_id": 31, "reason": "already reviewed", "ts": "2026-02-20 04:04:12"}
{"event": "SUCCESS", "row": 285, "user_id": 9, "media_id": 24, "rating": 4, "comment": "Masterpiece of modern cinema", "ts": "2026-02-20 04:04:12"}
{"event": "SKIP", "row": 293, "media_id": 3, "reason": "already reviewed", "ts": "2026-02-20 04:04:12"}
{"event": "SKIP", "row": 294, "media_id": 29, "reason": "already reviewed", "ts": "2026-02-20 04:04:12"}
{"event": "SKIP", "row": 295, "media_id": 32, "reason": "already reviewed", "ts": "2026-02-20 04:04:12"}
{"event": "SKIP", "row": 291, "media_id": 72, "reason": "already reviewed", "ts": "2026-02-20 04:04:12"}
{"event": "SKIP", "row": 292, "media_id": 61, "reason": "already reviewed", "ts": "2026-02-20 04:04:12"}
{"event": "SKIP", "row": 296, "media_id": 75, "reason": "already reviewed", "ts": "2026-02-20 04:04:12"}
{"event": "SKIP", "row": 297, "media_id": 71, "reason": "already reviewed", "ts": "2026-02-20 04:04:12"}
{"event": "SKIP", "row": 257, "media_id": 31, "reason": "already reviewed", "ts": "2026-02-20 04:04:12"}
{"event": "SKIP", "row": 277, "media_id": 35, "reason": "already reviewed", "ts": "2026-02-20 04:04:12"}
{"event": "SKIP", "row": 282, "media_id": 97, "reason": "already reviewed", "ts": "2026-02-20 04:04:12"}
{"event": "SKIP", "row": 271, "media_id": 55, "reason": "already reviewed", "ts": "2026-02-20 04:04:12"}
{"event": "SKIP", "row": 281, "media_id": 36, "reason": "already reviewed", "ts": "2026-02-20 04:04:12"}
{"event": "SKIP", "row": 286, "media_id": 46, "reason": "already reviewed", "ts": "2026-02-20 04:04:12"}
{"event": "SKIP", "row": 279, "media_id": 56, "reason": "already reviewed", "ts": "2026-02-20 04:04:12"}
{"event": "SKIP", "row": 278, "media_id": 100, "reason": "already reviewed", "ts": "2026-02-20 04:04:12"}
{"event": "SKIP", "row": 284, "media_id": 4, "reason": "already reviewed", "ts": "2026-02-20 04:04:12"}
{"event": "SUCCESS", "row": 261, "user_id": 9, "media_id": 78, "rating": 5, "comment": "Feels recycled", "ts": "2026-02-20 04:04:12"}
{"event": "SKIP", "row": 265, "media_id": 74, "reason": "already reviewed", "ts": "2026-02-20 04:04:12"}
{"event": "SKIP", "row": 299, "media_id": 46, "reason": "already reviewed", "ts": "2026-02-20 04:04:12"}
{"event": "SKIP", "row": 300, "media_id": 40, "reason": "already reviewed", "ts": "2026-02-20 04:04:12"}
{"event": "SKIP", "row": 298, "media_id": 55, "reason": "already reviewed", "ts": "2026-02-20 04:04:12"}
{"event": "SKIP", "row": 288, "media_id": 36, "reason": "already reviewed", "ts": "2026-02-20 04:04:12"}
{"event": "SUCCESS", "row": 260, "user_id": 9, "media_id": 33, "rating": 3, "comment": "Overrated in my opinion", "ts": "2026-02-20 04:04:12"}
{"event": "SUCCESS", "row": 283, "user_id": 9, "media_id": 79, "rating": 4, "comment": "Best thing I watched this year", "ts": "2026-02-20 04:04:12"}
{"event": "SKIP", "row": 311, "media_id": 6, "reason": "already reviewed", "ts": "2026-02-20 04:04:12"}
{"event": "SKIP", "row": 309, "media_id": 39, "reason": "already reviewed", "ts": "2026-02-20 04:04:12"}
{"event": "SKIP", "row": 321, "media_id": 20, "reason": "already reviewed", "ts": "2026-02-20 04:04:12"}
{"event": "SKIP", "row": 302, "media_id": 16, "reason": "already reviewed", "ts": "2026-02-20 04:04:12"}
{"event": "SKIP", "row": 312, "media_id": 38, "reason": "already reviewed", "ts": "2026-02-20 04:04:12"}
{"event": "SKIP", "row": 313, "media_id": 97, "reason": "already reviewed", "ts": "2026-02-20 04:04:12"}
{"event": "SKIP", "row": 322, "media_id": 11, "reason": "already reviewed", "ts": "2026-02-20 04:04:12"}
{"event": "SKIP", "row": 307, "media_id": 13, "reason": "already reviewed", "ts": "2026-02-20 04:04:12"}
{"event": "SKIP", "row": 316, "media_id": 44, "reason": "already reviewed", "ts": "2026-02-20 04:04:12"}
{"event": "SKIP", "row": 315, "media_id": 61, "reason": "already reviewed", "ts": "2026-02-20 04:04:12"}
{"event": "SKIP", "row": 317, "media_id": 33, "reason": "already reviewed", "ts": "2026-02-20 04:04:12"}
{"event": "SKIP", "row": 323, "media_id": 72, "reason": "already reviewed", "ts": "2026-02-20 04:04:12"}
{"event": "SKIP", "row": 306, "media_id": 68, "reason": "already reviewed", "ts": "2026-02-20 04:04:12"}
{"event": "SKIP", "row": 328, "media_id": 73, "reason": "already reviewed", "ts": "2026-02-20 04:04:12"}
{"event": "SKIP", "row": 305, "media_id": 93, "reason": "already reviewed", "ts": "2026-02-20 04:04:12"}
{"event": "SKIP", "row": 326, "media_id": 58, "reason": "already reviewed", "ts": "2026-02-20 04:04:12"}
{"event": "SKIP", "row": 301, "media_id": 16, "reason": "already reviewed", "ts": "2026-02-20 04:04:12"}
{"event": "SKIP", "row": 308, "media_id": 30, "reason": "already reviewed", "ts": "2026-02-20 04:04:12"}
{"event": "SKIP", "row": 324, "media_id": 77, "reason": "already reviewed", "ts": "2026-02-20 04:04:12"}
{"event": "SKIP", "row": 325, "media_id": 100, "reason": "already reviewed", "ts": "2026-02-20 04:04:12"}
{"event": "SKIP", "row": 334, "media_id": 53, "reason": "already reviewed", "ts": "2026-02-20 04:04:12"}
{"event": "SKIP", "row": 318, "media_id": 9, "reason": "already reviewed", "ts": "2026-02-20 04:04:12"}
{"event": "SKIP", "row": 310, "media_id": 69, "reason": "already reviewed", "ts": "2026-02-20 04:04:12"}
{"event": "SKIP", "row": 319, "media_id": 10, "reason": "already reviewed", "ts": "2026-02-20 04:04:12"}
{"event": "SKIP", "row": 320, "media_id": 88, "reason": "already reviewed", "ts": "2026-02-20 04:04:12"}
{"event": "SKIP", "row": 333, "media_id": 10, "reason": "already reviewed", "ts": "2026-02-20 04:04:12"}
{"event": "SKIP", "row": 330, "media_id": 27, "reason": "already reviewed", "ts": "2026-02-20 04:04:12"}
{"event": "SKIP", "row": 339, "media_id": 30, "reason": "already reviewed", "ts": "2026-02-20 04:04:12"}
{"event": "SKIP", "row": 327, "media_id": 76, "reason": "already reviewed", "ts": "2026-02-20 04:04:12"}
{"event": "SKIP", "row": 335, "media_id": 77, "reason": "already reviewed", "ts": "2026-02-20 04:04:12"}
{"event": "SKIP", "row": 340, "media_id": 76, "reason": "already reviewed", "ts": "2026-02-20 04:04:12"}
{"event": "SKIP", "row": 342, "media_id": 83, "reason": "already reviewed", "ts": "2026-02-20 04:04:12"}
{"event": "SKIP", "row": 329, "media_id": 79, "reason": "already reviewed", "ts": "2026-02-20 04:04:12"}
{"event": "SKIP", "row": 303, "media_id": 89, "reason": "already reviewed", "ts": "2026-02-20 04:04:12"}
{"event": "SKIP", "row": 332, "media_id": 31, "reason": "already reviewed", "ts": "2026-02-20 04:04:12"}
{"event": "SKIP", "row": 341, "media_id": 15, "reason": "already reviewed", "ts": "2026-02-20 04:04:12"}
{"event": "SKIP", "row": 331, "media_id": 85, "reason": "already reviewed", "ts": "2026-02-20 04:04:12"}
{"event": "SKIP", "row": 304, "media_id": 28, "reason": "already reviewed", "ts": "2026-02-20 04:04:12"}
{"event": "SKIP", "row": 348, "media_id": 52, "reason": "already reviewed", "ts": "2026-02-20 04:04:12"}
{"event": "SKIP", "row": 337, "media_id": 91, "reason": "already reviewed", "ts": "2026-02-20 04:04:12"}
{"event": "SKIP", "row": 350, "media_id": 11, "reason": "already reviewed", "ts": "2026-02-20 04:04:12"}
{"event": "SKIP", "row": 344, "media_id": 22, "reason": "already reviewed", "ts": "2026-02-20 04:04:12"}
{"event": "SUCCESS", "row": 314, "user_id": 9, "media_id": 2, "rating": 5, "comment": "Poor character development", "ts": "2026-02-20 04:04:12"}
{"event": "SKIP", "row": 336, "media_id": 5, "reason": "already reviewed", "ts": "2026-02-20 04:04:12"}
{"event": "SKIP", "row": 346, "media_id": 57, "reason": "already reviewed", "ts": "2026-02-20 04:04:12"}
{"event": "SKIP", "row": 347, "media_id": 89, "reason": "already reviewed", "ts": "2026-02-20 04:04:12"}
{"event": "SKIP", "row": 338, "media_id": 59, "reason": "already reviewed", "ts": "2026-02-20 04:04:12"}
{"event": "SKIP", "row": 345, "media_id": 96, "reason": "already reviewed", "ts": "2026-02-20 04:04:12"}
{"event": "SKIP", "row": 349, "media_id": 70, "reason": "already reviewed", "ts": "2026-02-20 04:04:13"}
{"event": "SKIP", "row": 343, "media_id": 19, "reason": "already reviewed", "ts": "2026-02-20 04:04:13"}
{"event": "SKIP", "row": 369, "media_id": 53, "reason": "already reviewed", "ts": "2026-02-20 04:04:13"}
{"event": "SKIP", "row": 351, "media_id": 56, "reason": "already reviewed", "ts": "2026-02-20 04:04:13"}
{"event": "SKIP", "row": 352, "media_id": 33, "reason": "already reviewed", "ts": "2026-02-20 04:04:13"}
{"event": "SKIP", "row": 359, "media_id": 61, "reason": "already reviewed", "ts": "2026-02-20 04:04:13"}
{"event": "SKIP", "row": 353, "media_id": 30, "reason": "already reviewed", "ts": "2026-02-20 04:04:13"}
{"event": "SKIP", "row": 357, "media_id": 24, "reason": "already reviewed", "ts": "2026-02-20 04:04:13"}
{"event": "SKIP", "row": 371, "media_id": 97, "reason": "already reviewed", "ts": "2026-02-20 04:04:13"}
{"event": "SKIP", "row": 368, "media_id": 85, "reason": "already reviewed", "ts": "2026-02-20 04:04:13"}
{"event": "SKIP", "row": 377, "media_id": 91, "reason": "already reviewed", "ts": "2026-02-20 04:04:13"}
{"event": "SKIP", "row": 361, "media_id": 14, "reason": "already reviewed", "ts": "2026-02-20 04:04:13"}
{"event": "SKIP", "row": 354, "media_id": 3, "reason": "already reviewed", "ts": "2026-02-20 04:04:13"}
{"event": "SKIP", "row": 366, "media_id": 42, "reason": "already reviewed", "ts": "2026-02-20 04:04:13"}
{"event": "SKIP", "row": 375, "media_id": 63, "reason": "already reviewed", "ts": "2026-02-20 04:04:13"}
{"event": "SKIP", "row": 362, "media_id": 53, "reason": "already reviewed", "ts": "2026-02-20 04:04:13"}
{"event": "SKIP", "row": 370, "media_id": 67, "reason": "already reviewed", "ts": "2026-02-20 04:04:13"}
{"event": "SKIP", "row": 365, "media_id": 12, "reason": "already reviewed", "ts": "2026-02-20 04:04:13"}
{"event": "SKIP", "row": 363, "media_id": 85, "reason": "already reviewed", "ts": "2026-02-20 04:04:13"}
{"event": "SKIP", "row": 376, "media_id": 81, "reason": "already reviewed", "ts": "2026-02-20 04:04:13"}
{"event": "SKIP", "row": 367, "media_id": 52, "reason": "already reviewed", "ts": "2026-02-20 04:04:13"}
{"event": "SKIP", "row": 355, "media_id": 6, "reason": "already reviewed", "ts": "2026-02-20 04:04:13"}
{"event": "SKIP", "row": 356, "media_id": 67, "reason": "already reviewed", "ts": "2026-02-20 04:04:13"}
{"event": "SKIP", "row": 384, "media_id": 62, "reason": "already reviewed", "ts": "2026-02-20 04:04:13"}
{"event": "SKIP", "row": 388, "media_id": 36, "reason": "already reviewed", "ts": "2026-02-20 04:04:13"}
{"event": "SKIP", "row": 391, "media_id": 75, "reason": "already reviewed", "ts": "2026-02-20 04:04:13"}
{"event": "SKIP", "row": 378, "media_id": 71, "reason": "already reviewed", "ts": "2026-02-20 04:04:13"}
{"event": "SKIP", "row": 383, "media_id": 91, "reason": "already reviewed", "ts": "2026-02-20 04:04:13"}
{"event": "SKIP", "row": 393, "media_id": 45, "reason": "already reviewed", "ts": "2026-02-20 04:04:13"}
{"event": "SKIP", "row": 386, "media_id": 50, "reason": "already reviewed", "ts": "2026-02-20 04:04:13"}
{"event": "SKIP", "row": 395, "media_id": 59, "reason": "already reviewed", "ts": "2026-02-20 04:04:13"}
{"event": "SKIP", "row": 381, "media_id": 83, "reason": "already reviewed", "ts": "2026-02-20 04:04:13"}
{"event": "SKIP", "row": 390, "media_id": 37, "reason": "already reviewed", "ts": "2026-02-20 04:04:13"}
{"event": "SKIP", "row": 382, "media_id": 92, "reason": "already reviewed", "ts": "2026-02-20 04:04:13"}
{"event": "SKIP", "row": 374, "media_id": 37, "reason": "already reviewed", "ts": "2026-02-20 04:04:13"}
{"event": "SKIP", "row": 364, "media_id": 71, "reason": "already reviewed", "ts": "2026-02-20 04:04:13"}
{"event": "SKIP", "row": 380, "media_id": 15, "reason": "already reviewed", "ts": "2026-02-20 04:04:13"}
{"event": "SKIP", "row": 373, "media_id": 35, "reason": "already reviewed", "ts": "2026-02-20 04:04:13"}
{"event": "SKIP", "row": 399, "media_id": 96, "reason": "already reviewed", "ts": "2026-02-20 04:04:13"}
{"event": "SKIP", "row": 392, "media_id": 58, "reason": "already reviewed", "ts": "2026-02-20 04:04:13"}
{"event": "SKIP", "row": 385, "media_id": 59, "reason": "already reviewed", "ts": "2026-02-20 04:04:13"}
{"event": "SKIP", "row": 396, "media_id": 90, "reason": "already reviewed", "ts": "2026-02-20 04:04:13"}
{"event": "SKIP", "row": 394, "media_id": 98, "reason": "already reviewed", "ts": "2026-02-20 04:04:13"}
{"event": "SKIP", "row": 397, "media_id": 50, "reason": "already reviewed", "ts": "2026-02-20 04:04:13"}
{"event": "SKIP", "row": 360, "media_id": 43, "reason": "already reviewed", "ts": "2026-02-20 04:04:13"}
{"event": "SKIP", "row": 358, "media_id": 82, "reason": "already reviewed", "ts": "2026-02-20 04:04:13"}
{"event": "SKIP", "row": 372, "media_id": 57, "reason": "already reviewed", "ts": "2026-02-20 04:04:13"}
{"event": "SKIP", "row": 387, "media_id": 66, "reason": "already reviewed", "ts": "2026-02-20 04:04:13"}
{"event": "SKIP", "row": 400, "media_id": 49, "reason": "already reviewed", "ts": "2026-02-20 04:04:13"}
{"event": "SKIP", "row": 389, "media_id": 65, "reason": "already reviewed", "ts": "2026-02-20 04:04:13"}
{"event": "SKIP", "row": 398, "media_id": 53, "reason": "already reviewed", "ts": "2026-02-20 04:04:13"}
{"event": "SKIP", "row": 379, "media_id": 53, "reason": "already reviewed", "ts": "2026-02-20 04:04:13"}
{"event": "SKIP", "row": 402, "media_id": 5, "reason": "already reviewed", "ts": "2026-02-20 04:04:13"}
{"event": "SKIP", "row": 403, "media_id": 76, "reason": "already reviewed", "ts": "2026-02-20 04:04:13"}
{"event": "SKIP", "row": 416, "media_id": 13, "reason": "already reviewed", "ts": "2026-02-20 04:04:13"}
{"event": "SKIP", "row": 414, "media_id": 31, "reason": "already reviewed", "ts": "2026-02-20 04:04:13"}
{"event": "SKIP", "row": 417, "media_id": 22, "reason": "already reviewed", "ts": "2026-02-20 04:04:13"}
{"event": "SKIP", "row": 408, "media_id": 34, "reason": "already reviewed", "ts": "2026-02-20 04:04:13"}
{"event": "SKIP", "row": 412, "media_id": 81, "reason": "already reviewed", "ts": "2026-02-20 04:04:13"}
{"event": "SKIP", "row": 404, "media_id": 57, "reason": "already reviewed", "ts": "2026-02-20 04:04:13"}
{"event": "SKIP", "row": 422, "media_id": 88, "reason": "already reviewed", "ts": "2026-02-20 04:04:13"}
{"event": "SKIP", "row": 401, "media_id": 84, "reason": "already reviewed", "ts": "2026-02-20 04:04:13"}
{"event": "SKIP", "row": 411, "media_id": 69, "reason": "already reviewed", "ts": "2026-02-20 04:04:13"}
{"event": "SKIP", "row": 415, "media_id": 96, "reason": "already reviewed", "ts": "2026-02-20 04:04:13"}
{"event": "SKIP", "row": 424, "media_id": 49, "reason": "already reviewed", "ts": "2026-02-20 04:04:13"}
{"event": "SKIP", "row": 418, "media_id": 6, "reason": "already reviewed", "ts": "2026-02-20 04:04:13"}
{"event": "SKIP", "row": 431, "media_id": 76, "reason": "already reviewed", "ts": "2026-02-20 04:04:13"}
{"event": "SKIP", "row": 405, "media_id": 59, "reason": "already reviewed", "ts": "2026-02-20 04:04:13"}
{"event": "SKIP", "row": 413, "media_id": 5, "reason": "already reviewed", "ts": "2026-02-20 04:04:13"}
{"event": "SKIP", "row": 428, "media_id": 33, "reason": "already reviewed", "ts": "2026-02-20 04:04:13"}
{"event": "SKIP", "row": 423, "media_id": 23, "reason": "already reviewed", "ts": "2026-02-20 04:04:13"}
{"event": "SKIP", "row": 419, "media_id": 38, "reason": "already reviewed", "ts": "2026-02-20 04:04:13"}
{"event": "SKIP", "row": 420, "media_id": 56, "reason": "already reviewed", "ts": "2026-02-20 04:04:13"}
{"event": "SKIP", "row": 425, "media_id": 31, "reason": "already reviewed", "ts": "2026-02-20 04:04:13"}
{"event": "SKIP", "row": 430, "media_id": 10, "reason": "already reviewed", "ts": "2026-02-20 04:04:13"}
{"event": "SKIP", "row": 437, "media_id": 38, "reason": "already reviewed", "ts": "2026-02-20 04:04:13"}
{"event": "SKIP", "row": 421, "media_id": 68, "reason": "already reviewed", "ts": "2026-02-20 04:04:13"}
{"event": "SKIP", "row": 436, "media_id": 74, "reason": "already reviewed", "ts": "2026-02-20 04:04:13"}
{"event": "SKIP", "row": 432, "media_id": 55, "reason": "already reviewed", "ts": "2026-02-20 04:04:13"}
{"event": "SKIP", "row": 440, "media_id": 96, "reason": "already reviewed", "ts": "2026-02-20 04:04:13"}
{"event": "SKIP", "row": 406, "media_id": 19, "reason": "already reviewed", "ts": "2026-02-20 04:04:13"}
{"event": "SKIP", "row": 429, "media_id": 37, "reason": "already reviewed", "ts": "2026-02-20 04:04:13"}
{"event": "SKIP", "row": 427, "media_id": 82, "reason": "already reviewed", "ts": "2026-02-20 04:04:13"}
{"event": "SKIP", "row": 434, "media_id": 62, "reason": "already reviewed", "ts": "2026-02-20 04:04:13"}
{"event": "SKIP", "row": 435, "media_id": 49, "reason": "already reviewed", "ts": "2026-02-20 04:04:13"}
{"event": "SKIP", "row": 449, "media_id": 54, "reason": "already reviewed", "ts": "2026-02-20 04:04:13"}
{"event": "SKIP", "row": 450, "media_id": 17, "reason": "already reviewed", "ts": "2026-02-20 04:04:13"}
{"event": "SKIP", "row": 445, "media_id": 13, "reason": "already reviewed", "ts": "2026-02-20 04:04:13"}
{"event": "SKIP", "row": 407, "media_id": 20, "reason": "already reviewed", "ts": "2026-02-20 04:04:13"}
{"event": "SKIP", "row": 438, "media_id": 51, "reason": "already reviewed", "ts": "2026-02-20 04:04:13"}
{"event": "SKIP", "row": 439, "media_id": 73, "reason": "already reviewed", "ts": "2026-02-20 04:04:13"}
{"event": "SKIP", "row": 426, "media_id": 19, "reason": "already reviewed", "ts": "2026-02-20 04:04:13"}
{"event": "SKIP", "row": 443, "media_id": 25, "reason": "already reviewed", "ts": "2026-02-20 04:04:13"}
{"event": "SKIP", "row": 446, "media_id": 57, "reason": "already reviewed", "ts": "2026-02-20 04:04:13"}
{"event": "SKIP", "row": 409, "media_id": 89, "reason": "already reviewed", "ts": "2026-02-20 04:04:13"}
{"event": "SKIP", "row": 444, "media_id": 87, "reason": "already reviewed", "ts": "2026-02-20 04:04:13"}
{"event": "SKIP", "row": 433, "media_id": 39, "reason": "already reviewed", "ts": "2026-02-20 04:04:13"}
{"event": "SKIP", "row": 410, "media_id": 11, "reason": "already reviewed", "ts": "2026-02-20 04:04:13"}
{"event": "SKIP", "row": 448, "media_id": 38, "reason": "already reviewed", "ts": "2026-02-20 04:04:13"}
{"event": "SKIP", "row": 442, "media_id": 46, "reason": "already reviewed", "ts": "2026-02-20 04:04:13"}
{"event": "SKIP", "row": 441, "media_id": 100, "reason": "already reviewed", "ts": "2026-02-20 04:04:13"}
{"event": "SKIP", "row": 447, "media_id": 47, "reason": "already reviewed", "ts": "2026-02-20 04:04:13"}
{"event": "SKIP", "row": 454, "media_id": 60, "reason": "already reviewed", "ts": "2026-02-20 04:04:13"}
{"event": "SKIP", "row": 456, "media_id": 93, "reason": "already reviewed", "ts": "2026-02-20 04:04:13"}
{"event": "SKIP", "row": 452, "media_id": 22, "reason": "already reviewed", "ts": "2026-02-20 04:04:13"}
{"event": "SKIP", "row": 467, "media_id": 53, "reason": "already reviewed", "ts": "2026-02-20 04:04:13"}
{"event": "SKIP", "row": 461, "media_id": 49, "reason": "already reviewed", "ts": "2026-02-20 04:04:13"}
{"event": "SKIP", "row": 460, "media_id": 87, "reason": "already reviewed", "ts": "2026-02-20 04:04:13"}
{"event": "SKIP", "row": 469, "media_id": 64, "reason": "already reviewed", "ts": "2026-02-20 04:04:13"}
{"event": "SKIP", "row": 455, "media_id": 97, "reason": "already reviewed", "ts": "2026-02-20 04:04:13"}
{"event": "SKIP", "row": 453, "media_id": 38, "reason": "already reviewed", "ts": "2026-02-20 04:04:13"}
{"event": "SKIP", "row": 464, "media_id": 42, "reason": "already reviewed", "ts": "2026-02-20 04:04:13"}
{"event": "SKIP", "row": 465, "media_id": 83, "reason": "already reviewed", "ts": "2026-02-20 04:04:13"}
{"event": "SKIP", "row": 472, "media_id": 86, "reason": "already reviewed", "ts": "2026-02-20 04:04:13"}
{"event": "SKIP", "row": 459, "media_id": 16, "reason": "already reviewed", "ts": "2026-02-20 04:04:13"}
{"event": "SKIP", "row": 470, "media_id": 31, "reason": "already reviewed", "ts": "2026-02-20 04:04:13"}
{"event": "SKIP", "row": 451, "media_id": 68, "reason": "already reviewed", "ts": "2026-02-20 04:04:13"}
{"event": "SKIP", "row": 468, "media_id": 6, "reason": "already reviewed", "ts": "2026-02-20 04:04:13"}
{"event": "SKIP", "row": 466, "media_id": 60, "reason": "already reviewed", "ts": "2026-02-20 04:04:13"}
{"event": "SKIP", "row": 474, "media_id": 84, "reason": "already reviewed", "ts": "2026-02-20 04:04:13"}
{"event": "SKIP", "row": 458, "media_id": 2, "reason": "already reviewed", "ts": "2026-02-20 04:04:13"}
{"event": "SKIP", "row": 462, "media_id": 87, "reason": "already reviewed", "ts": "2026-02-20 04:04:13"}
{"event": "SKIP", "row": 473, "media_id": 76, "reason": "already reviewed", "ts": "2026-02-20 04:04:13"}
{"event": "SKIP", "row": 457, "media_id": 47, "reason": "already reviewed", "ts": "2026-02-20 04:04:13"}
{"event": "SKIP", "row": 477, "media_id": 57, "reason": "already reviewed", "ts": "2026-02-20 04:04:13"}
{"event": "SKIP", "row": 463, "media_id": 4, "reason": "already reviewed", "ts": "2026-02-20 04:04:13"}
{"event": "SKIP", "row": 475, "media_id": 79, "reason": "already reviewed", "ts": "2026-02-20 04:04:13"}
{"event": "SKIP", "row": 486, "media_id": 9, "reason": "already reviewed", "ts": "2026-02-20 04:04:13"}
{"event": "SKIP", "row": 487, "media_id": 76, "reason": "already reviewed", "ts": "2026-02-20 04:04:13"}
{"event": "SKIP", "row": 476, "media_id": 5, "reason": "already reviewed", "ts": "2026-02-20 04:04:13"}
{"event": "SKIP", "row": 482, "media_id": 59, "reason": "already reviewed", "ts": "2026-02-20 04:04:13"}
{"event": "SKIP", "row": 490, "media_id": 17, "reason": "already reviewed", "ts": "2026-02-20 04:04:13"}
{"event": "SKIP", "row": 480, "media_id": 46, "reason": "already reviewed", "ts": "2026-02-20 04:04:13"}
{"event": "SKIP", "row": 488, "media_id": 43, "reason": "already reviewed", "ts": "2026-02-20 04:04:13"}
{"event": "SKIP", "row": 481, "media_id": 36, "reason": "already reviewed", "ts": "2026-02-20 04:04:13"}
{"event": "SKIP", "row": 485, "media_id": 17, "reason": "already reviewed", "ts": "2026-02-20 04:04:13"}
{"event": "SKIP", "row": 493, "media_id": 46, "reason": "already reviewed", "ts": "2026-02-20 04:04:13"}
{"event": "SKIP", "row": 497, "media_id": 15, "reason": "already reviewed", "ts": "2026-02-20 04:04:13"}
{"event": "SKIP", "row": 496, "media_id": 95, "reason": "already reviewed", "ts": "2026-02-20 04:04:13"}
{"event": "SKIP", "row": 483, "media_id": 28, "reason": "already reviewed", "ts": "2026-02-20 04:04:13"}
{"event": "SKIP", "row": 484, "media_id": 7, "reason": "already reviewed", "ts": "2026-02-20 04:04:13"}
{"event": "SKIP", "row": 479, "media_id": 48, "reason": "already reviewed", "ts": "2026-02-20 04:04:13"}
{"event": "SKIP", "row": 478, "media_id": 47, "reason": "already reviewed", "ts": "2026-02-20 04:04:13"}
{"event": "SKIP", "row": 491, "media_id": 23, "reason": "already reviewed", "ts": "2026-02-20 04:04:13"}
{"event": "SKIP", "row": 495, "media_id": 34, "reason": "already reviewed", "ts": "2026-02-20 04:04:13"}
{"event": "SKIP", "row": 500, "media_id": 65, "reason": "already reviewed", "ts": "2026-02-20 04:04:13"}
{"event": "SKIP", "row": 471, "media_id": 50, "reason": "already reviewed", "ts": "2026-02-20 04:04:13"}
{"event": "SKIP", "row": 492, "media_id": 4, "reason": "already reviewed", "ts": "2026-02-20 04:04:13"}
{"event": "SKIP", "row": 499, "media_id": 76, "reason": "already reviewed", "ts": "2026-02-20 04:04:13"}
{"event": "SUCCESS", "row": 489, "user_id": 9, "media_id": 1, "rating": 3, "comment": "Highly recommended", "ts": "2026-02-20 04:04:13"}
{"event": "SKIP", "row": 498, "media_id": 58, "reason": "already reviewed", "ts": "2026-02-20 04:04:13"}
{"event": "SKIP", "row": 494, "media_id": 42, "reason": "already reviewed", "ts": "2026-02-20 04:04:13"}
{"event": "SKIP", "row": 511, "media_id": 68, "reason": "already reviewed", "ts": "2026-02-20 04:04:13"}
{"event": "SKIP", "row": 505, "media_id": 92, "reason": "already reviewed", "ts": "2026-02-20 04:04:13"}
{"event": "SKIP", "row": 519, "media_id": 55, "reason": "already reviewed", "ts": "2026-02-20 04:04:13"}
{"event": "SKIP", "row": 514, "media_id": 84, "reason": "already reviewed", "ts": "2026-02-20 04:04:13"}
{"event": "SKIP", "row": 508, "media_id": 36, "reason": "already reviewed", "ts": "2026-02-20 04:04:13"}
{"event": "SKIP", "row": 502, "media_id": 59, "reason": "already reviewed", "ts": "2026-02-20 04:04:13"}
{"event": "SKIP", "row": 517, "media_id": 59, "reason": "already reviewed", "ts": "2026-02-20 04:04:13"}
{"event": "SKIP", "row": 506, "media_id": 11, "reason": "already reviewed", "ts": "2026-02-20 04:04:13"}
{"event": "SKIP", "row": 503, "media_id": 62, "reason": "already reviewed", "ts": "2026-02-20 04:04:13"}
{"event": "SKIP", "row": 520, "media_id": 33, "reason": "already reviewed", "ts": "2026-02-20 04:04:13"}
{"event": "SKIP", "row": 522, "media_id": 12, "reason": "already reviewed", "ts": "2026-02-20 04:04:13"}
{"event": "SKIP", "row": 501, "media_id": 6, "reason": "already reviewed", "ts": "2026-02-20 04:04:13"}
{"event": "SKIP", "row": 504, "media_id": 88, "reason": "already reviewed", "ts": "2026-02-20 04:04:13"}
{"event": "SKIP", "row": 513, "media_id": 13, "reason": "already reviewed", "ts": "2026-02-20 04:04:13"}
{"event": "SKIP", "row": 509, "media_id": 75, "reason": "already reviewed", "ts": "2026-02-20 04:04:13"}
{"event": "SKIP", "row": 518, "media_id": 94, "reason": "already reviewed", "ts": "2026-02-20 04:04:13"}
{"event": "SKIP", "row": 516, "media_id": 30, "reason": "already reviewed", "ts": "2026-02-20 04:04:13"}
{"event": "SKIP", "row": 521, "media_id": 88, "reason": "already reviewed", "ts": "2026-02-20 04:04:13"}
{"event": "SKIP", "row": 523, "media_id": 56, "reason": "already reviewed", "ts": "2026-02-20 04:04:13"}
{"event": "SKIP", "row": 512, "media_id": 65, "reason": "already reviewed", "ts": "2026-02-20 04:04:13"}
{"event": "SKIP", "row": 526, "media_id": 72, "reason": "already reviewed", "ts": "2026-02-20 04:04:13"}
{"event": "SKIP", "row": 528, "media_id": 46, "reason": "already reviewed", "ts": "2026-02-20 04:04:13"}
{"event": "SKIP", "row": 535, "media_id": 36, "reason": "already reviewed", "ts": "2026-02-20 04:04:13"}
{"event": "SKIP", "row": 524, "media_id": 95, "reason": "already reviewed", "ts": "2026-02-20 04:04:13"}
{"event": "SKIP", "row": 515, "media_id": 28, "reason": "already reviewed", "ts": "2026-02-20 04:04:13"}
{"event": "SKIP", "row": 507, "media_id": 19, "reason": "already reviewed", "ts": "2026-02-20 04:04:13"}
{"event": "SKIP", "row": 531, "media_id": 74, "reason": "already reviewed", "ts": "2026-02-20 04:04:13"}
{"event": "SKIP", "row": 534, "media_id": 48, "reason": "already reviewed", "ts": "2026-02-20 04:04:13"}
{"event": "SKIP", "row": 529, "media_id": 7, "reason": "already reviewed", "ts": "2026-02-20 04:04:13"}
{"event": "SKIP", "row": 510, "media_id": 42, "reason": "already reviewed", "ts": "2026-02-20 04:04:13"}
{"event": "SKIP", "row": 544, "media_id": 52, "reason": "already reviewed", "ts": "2026-02-20 04:04:13"}
{"event": "SKIP", "row": 543, "media_id": 19, "reason": "already reviewed", "ts": "2026-02-20 04:04:13"}
{"event": "SKIP", "row": 533, "media_id": 14, "reason": "already reviewed", "ts": "2026-02-20 04:04:13"}
{"event": "SKIP", "row": 527, "media_id": 86, "reason": "already reviewed", "ts": "2026-02-20 04:04:13"}
{"event": "SKIP", "row": 539, "media_id": 78, "reason": "already reviewed", "ts": "2026-02-20 04:04:13"}
{"event": "SKIP", "row": 536, "media_id": 55, "reason": "already reviewed", "ts": "2026-02-20 04:04:13"}
{"event": "SKIP", "row": 547, "media_id": 49, "reason": "already reviewed", "ts": "2026-02-20 04:04:13"}
{"event": "SKIP", "row": 541, "media_id": 98, "reason": "already reviewed", "ts": "2026-02-20 04:04:13"}
{"event": "SKIP", "row": 538, "media_id": 83, "reason": "already reviewed", "ts": "2026-02-20 04:04:13"}
{"event": "SKIP", "row": 540, "media_id": 24, "reason": "already reviewed", "ts": "2026-02-20 04:04:13"}
{"event": "SKIP", "row": 542, "media_id": 45, "reason": "already reviewed", "ts": "2026-02-20 04:04:13"}
{"event": "SKIP", "row": 530, "media_id": 40, "reason": "already reviewed", "ts": "2026-02-20 04:04:13"}
{"event": "SKIP", "row": 525, "media_id": 72, "reason": "already reviewed", "ts": "2026-02-20 04:04:13"}
{"event": "SKIP", "row": 546, "media_id": 96, "reason": "already reviewed", "ts": "2026-02-20 04:04:13"}
{"event": "SKIP", "row": 532, "media_id": 20, "reason": "already reviewed", "ts": "2026-02-20 04:04:13"}
{"event": "SKIP", "row": 545, "media_id": 95, "reason": "already reviewed", "ts": "2026-02-20 04:04:13"}
{"event": "SKIP", "row": 550, "media_id": 73, "reason": "already reviewed", "ts": "2026-02-20 04:04:13"}
{"event": "SKIP", "row": 548, "media_id": 44, "reason": "already reviewed", "ts": "2026-02-20 04:04:13"}
{"event": "SKIP", "row": 537, "media_id": 80, "reason": "already reviewed", "ts": "2026-02-20 04:04:13"}
{"event": "SKIP", "row": 549, "media_id": 40, "reason": "already reviewed", "ts": "2026-02-20 04:04:13"}
{"event": "SKIP", "row": 557, "media_id": 66, "reason": "already reviewed", "ts": "2026-02-20 04:04:13"}
{"event": "SKIP", "row": 554, "media_id": 57, "reason": "already reviewed", "ts": "2026-02-20 04:04:13"}
{"event": "SKIP", "row": 561, "media_id": 29, "reason": "already reviewed", "ts": "2026-02-20 04:04:13"}
{"event": "SKIP", "row": 555, "media_id": 78, "reason": "already reviewed", "ts": "2026-02-20 04:04:13"}
{"event": "SKIP", "row": 570, "media_id": 51, "reason": "already reviewed", "ts": "2026-02-20 04:04:13"}
{"event": "SKIP", "row": 567, "media_id": 17, "reason": "already reviewed", "ts": "2026-02-20 04:04:13"}
{"event": "SKIP", "row": 558, "media_id": 56, "reason": "already reviewed", "ts": "2026-02-20 04:04:13"}
{"event": "SKIP", "row": 551, "media_id": 7, "reason": "already reviewed", "ts": "2026-02-20 04:04:13"}
{"event": "SKIP", "row": 552, "media_id": 97, "reason": "already reviewed", "ts": "2026-02-20 04:04:13"}
{"event": "SKIP", "row": 569, "media_id": 72, "reason": "already reviewed", "ts": "2026-02-20 04:04:13"}
{"event": "SKIP", "row": 563, "media_id": 39, "reason": "already reviewed", "ts": "2026-02-20 04:04:13"}
{"event": "SKIP", "row": 572, "media_id": 41, "reason": "already reviewed", "ts": "2026-02-20 04:04:13"}
{"event": "SKIP", "row": 553, "media_id": 87, "reason": "already reviewed", "ts": "2026-02-20 04:04:13"}
{"event": "SKIP", "row": 566, "media_id": 64, "reason": "already reviewed", "ts": "2026-02-20 04:04:13"}
{"event": "SKIP", "row": 571, "media_id": 3, "reason": "already reviewed", "ts": "2026-02-20 04:04:13"}
{"event": "SKIP", "row": 556, "media_id": 35, "reason": "already reviewed", "ts": "2026-02-20 04:04:13"}
{"event": "SKIP", "row": 575, "media_id": 15, "reason": "already reviewed", "ts": "2026-02-20 04:04:13"}
{"event": "SKIP", "row": 562, "media_id": 8, "reason": "already reviewed", "ts": "2026-02-20 04:04:13"}
{"event": "SKIP", "row": 582, "media_id": 43, "reason": "already reviewed", "ts": "2026-02-20 04:04:13"}
{"event": "SKIP", "row": 576, "media_id": 42, "reason": "already reviewed", "ts": "2026-02-20 04:04:13"}
{"event": "SKIP", "row": 565, "media_id": 42, "reason": "already reviewed", "ts": "2026-02-20 04:04:13"}
{"event": "SKIP", "row": 573, "media_id": 74, "reason": "already reviewed", "ts": "2026-02-20 04:04:13"}
{"event": "SKIP", "row": 559, "media_id": 87, "reason": "already reviewed", "ts": "2026-02-20 04:04:13"}
{"event": "SKIP", "row": 574, "media_id": 82, "reason": "already reviewed", "ts": "2026-02-20 04:04:13"}
{"event": "SKIP", "row": 568, "media_id": 91, "reason": "already reviewed", "ts": "2026-02-20 04:04:13"}
{"event": "SKIP", "row": 577, "media_id": 59, "reason": "already reviewed", "ts": "2026-02-20 04:04:13"}
{"event": "SKIP", "row": 583, "media_id": 66, "reason": "already reviewed", "ts": "2026-02-20 04:04:13"}
{"event": "SKIP", "row": 581, "media_id": 40, "reason": "already reviewed", "ts": "2026-02-20 04:04:13"}
{"event": "SKIP", "row": 578, "media_id": 56, "reason": "already reviewed", "ts": "2026-02-20 04:04:13"}
{"event": "SKIP", "row": 560, "media_id": 68, "reason": "already reviewed", "ts": "2026-02-20 04:04:13"}
{"event": "SKIP", "row": 588, "media_id": 26, "reason": "already reviewed", "ts": "2026-02-20 04:04:13"}
{"event": "SKIP", "row": 589, "media_id": 20, "reason": "already reviewed", "ts": "2026-02-20 04:04:13"}
{"event": "SKIP", "row": 590, "media_id": 99, "reason": "already reviewed", "ts": "2026-02-20 04:04:13"}
{"event": "SKIP", "row": 592, "media_id": 75, "reason": "already reviewed", "ts": "2026-02-20 04:04:13"}
{"event": "SKIP", "row": 586, "media_id": 83, "reason": "already reviewed", "ts": "2026-02-20 04:04:13"}
{"event": "SKIP", "row": 587, "media_id": 14, "reason": "already reviewed", "ts": "2026-02-20 04:04:13"}
{"event": "SKIP", "row": 579, "media_id": 56, "reason": "already reviewed", "ts": "2026-02-20 04:04:13"}
{"event": "SKIP", "row": 591, "media_id": 97, "reason": "already reviewed", "ts": "2026-02-20 04:04:13"}
{"event": "SKIP", "row": 585, "media_id": 45, "reason": "already reviewed", "ts": "2026-02-20 04:04:13"}
{"event": "SUCCESS", "row": 564, "user_id": 9, "media_id": 18, "rating": 3, "comment": "Poor character development", "ts": "2026-02-20 04:04:13"}
{"event": "SKIP", "row": 594, "media_id": 81, "reason": "already reviewed", "ts": "2026-02-20 04:04:13"}
{"event": "SKIP", "row": 584, "media_id": 66, "reason": "already reviewed", "ts": "2026-02-20 04:04:13"}
{"event": "SKIP", "row": 598, "media_id": 65, "reason": "already reviewed", "ts": "2026-02-20 04:04:13"}
{"event": "SKIP", "row": 593, "media_id": 73, "reason": "already reviewed", "ts": "2026-02-20 04:04:13"}
{"event": "SKIP", "row": 600, "media_id": 8, "reason": "already reviewed", "ts": "2026-02-20 04:04:13"}
{"event": "SKIP", "row": 595, "media_id": 57, "reason": "already reviewed", "ts": "2026-02-20 04:04:13"}
{"event": "SKIP", "row": 597, "media_id": 76, "reason": "already reviewed", "ts": "2026-02-20 04:04:13"}
{"event": "SKIP", "row": 596, "media_id": 57, "reason": "already reviewed", "ts": "2026-02-20 04:04:13"}
{"event": "SKIP", "row": 580, "media_id": 68, "reason": "already reviewed", "ts": "2026-02-20 04:04:13"}
{"event": "SKIP", "row": 599, "media_id": 60, "reason": "already reviewed", "ts": "2026-02-20 04:04:13"}
{"event": "SKIP", "row": 614, "media_id": 37, "reason": "already reviewed", "ts": "2026-02-20 04:04:13"}
{"event": "SKIP", "row": 601, "media_id": 10, "reason": "already reviewed", "ts": "2026-02-20 04:04:13"}
{"event": "SKIP", "row": 610, "media_id": 23, "reason": "already reviewed", "ts": "2026-02-20 04:04:13"}
{"event": "SKIP", "row": 620, "media_id": 33, "reason": "already reviewed", "ts": "2026-02-20 04:04:13"}
{"event": "SKIP", "row": 612, "media_id": 68, "reason": "already reviewed", "ts": "2026-02-20 04:04:13"}
{"event": "SKIP", "row": 605, "media_id": 74, "reason": "already reviewed", "ts": "2026-02-20 04:04:13"}
{"event": "SKIP", "row": 618, "media_id": 43, "reason": "already reviewed", "ts": "2026-02-20 04:04:13"}
{"event": "SKIP", "row": 606, "media_id": 78, "reason": "already reviewed", "ts": "2026-02-20 04:04:13"}
{"event": "SKIP", "row": 613, "media_id": 21, "reason": "already reviewed", "ts": "2026-02-20 04:04:13"}
{"event": "SKIP", "row": 619, "media_id": 87, "reason": "already reviewed", "ts": "2026-02-20 04:04:13"}
{"event": "SKIP", "row": 603, "media_id": 60, "reason": "already reviewed", "ts": "2026-02-20 04:04:13"}
{"event": "SKIP", "row": 608, "media_id": 14, "reason": "already reviewed", "ts": "2026-02-20 04:04:13"}
{"event": "SKIP", "row": 607, "media_id": 20, "reason": "already reviewed", "ts": "2026-02-20 04:04:13"}
{"event": "SKIP", "row": 617, "media_id": 83, "reason": "already reviewed", "ts": "2026-02-20 04:04:13"}
{"event": "SKIP", "row": 623, "media_id": 40, "reason": "already reviewed", "ts": "2026-02-20 04:04:13"}
{"event": "SKIP", "row": 626, "media_id": 43, "reason": "already reviewed", "ts": "2026-02-20 04:04:13"}
{"event": "SKIP", "row": 628, "media_id": 83, "reason": "already reviewed", "ts": "2026-02-20 04:04:13"}
{"event": "SKIP", "row": 611, "media_id": 91, "reason": "already reviewed", "ts": "2026-02-20 04:04:13"}
{"event": "SKIP", "row": 627, "media_id": 90, "reason": "already reviewed", "ts": "2026-02-20 04:04:13"}
{"event": "SKIP", "row": 615, "media_id": 100, "reason": "already reviewed", "ts": "2026-02-20 04:04:13"}
{"event": "SKIP", "row": 604, "media_id": 95, "reason": "already reviewed", "ts": "2026-02-20 04:04:13"}
{"event": "SKIP", "row": 609, "media_id": 11, "reason": "already reviewed", "ts": "2026-02-20 04:04:13"}
{"event": "SKIP", "row": 622, "media_id": 85, "reason": "already reviewed", "ts": "2026-02-20 04:04:13"}
{"event": "SKIP", "row": 602, "media_id": 77, "reason": "already reviewed", "ts": "2026-02-20 04:04:13"}
{"event": "SKIP", "row": 624, "media_id": 77, "reason": "already reviewed", "ts": "2026-02-20 04:04:13"}
{"event": "SKIP", "row": 625, "media_id": 72, "reason": "already reviewed", "ts": "2026-02-20 04:04:13"}
{"event": "SKIP", "row": 631, "media_id": 44, "reason": "already reviewed", "ts": "2026-02-20 04:04:13"}
{"event": "SKIP", "row": 621, "media_id": 43, "reason": "already reviewed", "ts": "2026-02-20 04:04:13"}
{"event": "SKIP", "row": 630, "media_id": 40, "reason": "already reviewed", "ts": "2026-02-20 04:04:13"}
{"event": "SKIP", "row": 632, "media_id": 29, "reason": "already reviewed", "ts": "2026-02-20 04:04:13"}
{"event": "SKIP", "row": 616, "media_id": 77, "reason": "already reviewed", "ts": "2026-02-20 04:04:13"}
{"event": "SKIP", "row": 629, "media_id": 47, "reason": "already reviewed", "ts": "2026-02-20 04:04:13"}
{"event": "SKIP", "row": 633, "media_id": 10, "reason": "already reviewed", "ts": "2026-02-20 04:04:13"}
{"event": "SKIP", "row": 638, "media_id": 21, "reason": "already reviewed", "ts": "2026-02-20 04:04:13"}
{"event": "SKIP", "row": 634, "media_id": 65, "reason": "already reviewed", "ts": "2026-02-20 04:04:13"}
{"event": "SKIP", "row": 636, "media_id": 44, "reason": "already reviewed", "ts": "2026-02-20 04:04:13"}
{"event": "SKIP", "row": 639, "media_id": 99, "reason": "already reviewed", "ts": "2026-02-20 04:04:13"}
{"event": "SKIP", "row": 642, "media_id": 93, "reason": "already reviewed", "ts": "2026-02-20 04:04:13"}
{"event": "SKIP", "row": 635, "media_id": 68, "reason": "already reviewed", "ts": "2026-02-20 04:04:13"}
{"event": "SKIP", "row": 641, "media_id": 53, "reason": "already reviewed", "ts": "2026-02-20 04:04:13"}
{"event": "SKIP", "row": 650, "media_id": 54, "reason": "already reviewed", "ts": "2026-02-20 04:04:13"}
{"event": "SKIP", "row": 640, "media_id": 93, "reason": "already reviewed", "ts": "2026-02-20 04:04:13"}
{"event": "SKIP", "row": 637, "media_id": 77, "reason": "already reviewed", "ts": "2026-02-20 04:04:13"}
{"event": "SKIP", "row": 645, "media_id": 69, "reason": "already reviewed", "ts": "2026-02-20 04:04:13"}
{"event": "SKIP", "row": 648, "media_id": 60, "reason": "already reviewed", "ts": "2026-02-20 04:04:13"}
{"event": "SKIP", "row": 644, "media_id": 96, "reason": "already reviewed", "ts": "2026-02-20 04:04:13"}
{"event": "SKIP", "row": 649, "media_id": 49, "reason": "already reviewed", "ts": "2026-02-20 04:04:13"}
{"event": "SKIP", "row": 646, "media_id": 61, "reason": "already reviewed", "ts": "2026-02-20 04:04:13"}
{"event": "SKIP", "row": 647, "media_id": 87, "reason": "already reviewed", "ts": "2026-02-20 04:04:13"}
{"event": "SKIP", "row": 643, "media_id": 79, "reason": "already reviewed", "ts": "2026-02-20 04:04:13"}
{"event": "SKIP", "row": 662, "media_id": 29, "reason": "already reviewed", "ts": "2026-02-20 04:04:13"}
{"event": "SKIP", "row": 652, "media_id": 7, "reason": "already reviewed", "ts": "2026-02-20 04:04:13"}
{"event": "SKIP", "row": 663, "media_id": 13, "reason": "already reviewed", "ts": "2026-02-20 04:04:13"}
{"event": "SKIP", "row": 665, "media_id": 61, "reason": "already reviewed", "ts": "2026-02-20 04:04:13"}
{"event": "SKIP", "row": 667, "media_id": 79, "reason": "already reviewed", "ts": "2026-02-20 04:04:13"}
{"event": "SKIP", "row": 653, "media_id": 71, "reason": "already reviewed", "ts": "2026-02-20 04:04:13"}
{"event": "SKIP", "row": 659, "media_id": 54, "reason": "already reviewed", "ts": "2026-02-20 04:04:13"}
{"event": "SKIP", "row": 651, "media_id": 78, "reason": "already reviewed", "ts": "2026-02-20 04:04:13"}
{"event": "SKIP", "row": 655, "media_id": 11, "reason": "already reviewed", "ts": "2026-02-20 04:04:13"}
{"event": "SKIP", "row": 658, "media_id": 58, "reason": "already reviewed", "ts": "2026-02-20 04:04:13"}
{"event": "SKIP", "row": 660, "media_id": 65, "reason": "already reviewed", "ts": "2026-02-20 04:04:13"}
{"event": "SKIP", "row": 657, "media_id": 56, "reason": "already reviewed", "ts": "2026-02-20 04:04:13"}
{"event": "SKIP", "row": 654, "media_id": 67, "reason": "already reviewed", "ts": "2026-02-20 04:04:13"}
{"event": "SKIP", "row": 670, "media_id": 78, "reason": "already reviewed", "ts": "2026-02-20 04:04:13"}
{"event": "SKIP", "row": 673, "media_id": 31, "reason": "already reviewed", "ts": "2026-02-20 04:04:13"}
{"event": "SKIP", "row": 674, "media_id": 80, "reason": "already reviewed", "ts": "2026-02-20 04:04:13"}
{"event": "SKIP", "row": 661, "media_id": 50, "reason": "already reviewed", "ts": "2026-02-20 04:04:13"}
{"event": "SKIP", "row": 668, "media_id": 3, "reason": "already reviewed", "ts": "2026-02-20 04:04:13"}
{"event": "SKIP", "row": 666, "media_id": 91, "reason": "already reviewed", "ts": "2026-02-20 04:04:13"}
{"event": "SKIP", "row": 664, "media_id": 18, "reason": "already reviewed", "ts": "2026-02-20 04:04:13"}
{"event": "SKIP", "row": 656, "media_id": 58, "reason": "already reviewed", "ts": "2026-02-20 04:04:13"}
{"event": "SKIP", "row": 672, "media_id": 39, "reason": "already reviewed", "ts": "2026-02-20 04:04:13"}
{"event": "SKIP", "row": 669, "media_id": 20, "reason": "already reviewed", "ts": "2026-02-20 04:04:13"}
{"event": "SKIP", "row": 677, "media_id": 66, "reason": "already reviewed", "ts": "2026-02-20 04:04:13"}
{"event": "SKIP", "row": 686, "media_id": 61, "reason": "already reviewed", "ts": "2026-02-20 04:04:13"}
{"event": "SKIP", "row": 671, "media_id": 15, "reason": "already reviewed", "ts": "2026-02-20 04:04:13"}
{"event": "SKIP", "row": 675, "media_id": 15, "reason": "already reviewed", "ts": "2026-02-20 04:04:13"}
{"event": "SKIP", "row": 679, "media_id": 55, "reason": "already reviewed", "ts": "2026-02-20 04:04:13"}
{"event": "SKIP", "row": 678, "media_id": 92, "reason": "already reviewed", "ts": "2026-02-20 04:04:13"}
{"event": "SKIP", "row": 680, "media_id": 46, "reason": "already reviewed", "ts": "2026-02-20 04:04:13"}
{"event": "SKIP", "row": 688, "media_id": 96, "reason": "already reviewed", "ts": "2026-02-20 04:04:13"}
{"event": "SKIP", "row": 685, "media_id": 71, "reason": "already reviewed", "ts": "2026-02-20 04:04:13"}
{"event": "SKIP", "row": 681, "media_id": 54, "reason": "already reviewed", "ts": "2026-02-20 04:04:13"}
{"event": "SKIP", "row": 682, "media_id": 86, "reason": "already reviewed", "ts": "2026-02-20 04:04:13"}
{"event": "SKIP", "row": 692, "media_id": 6, "reason": "already reviewed", "ts": "2026-02-20 04:04:13"}
{"event": "SKIP", "row": 687, "media_id": 50, "reason": "already reviewed", "ts": "2026-02-20 04:04:13"}
{"event": "SKIP", "row": 693, "media_id": 44, "reason": "already reviewed", "ts": "2026-02-20 04:04:13"}
{"event": "SKIP", "row": 690, "media_id": 94, "reason": "already reviewed", "ts": "2026-02-20 04:04:13"}
{"event": "SKIP", "row": 696, "media_id": 9, "reason": "already reviewed", "ts": "2026-02-20 04:04:13"}
{"event": "SKIP", "row": 684, "media_id": 70, "reason": "already reviewed", "ts": "2026-02-20 04:04:13"}
{"event": "SKIP", "row": 691, "media_id": 75, "reason": "already reviewed", "ts": "2026-02-20 04:04:13"}
{"event": "SKIP", "row": 697, "media_id": 38, "reason": "already reviewed", "ts": "2026-02-20 04:04:13"}
{"event": "SKIP", "row": 695, "media_id": 62, "reason": "already reviewed", "ts": "2026-02-20 04:04:13"}
{"event": "SKIP", "row": 699, "media_id": 40, "reason": "already reviewed", "ts": "2026-02-20 04:04:13"}
{"event": "SKIP", "row": 694, "media_id": 88, "reason": "already reviewed", "ts": "2026-02-20 04:04:13"}
{"event": "SKIP", "row": 700, "media_id": 70, "reason": "already reviewed", "ts": "2026-02-20 04:04:13"}
{"event": "SKIP", "row": 698, "media_id": 26, "reason": "already reviewed", "ts": "2026-02-20 04:04:13"}
{"event": "SKIP", "row": 683, "media_id": 47, "reason": "already reviewed", "ts": "2026-02-20 04:04:13"}
{"event": "SKIP", "row": 689, "media_id": 9, "reason": "already reviewed", "ts": "2026-02-20 04:04:13"}
{"event": "SKIP", "row": 676, "media_id": 69, "reason": "already reviewed", "ts": "2026-02-20 04:04:13"}
{"event": "SKIP", "row": 709, "media_id": 94, "reason": "already reviewed", "ts": "2026-02-20 04:04:13"}
{"event": "SKIP", "row": 708, "media_id": 67, "reason": "already reviewed", "ts": "2026-02-20 04:04:13"}
{"event": "SKIP", "row": 705, "media_id": 96, "reason": "already reviewed", "ts": "2026-02-20 04:04:13"}
{"event": "SKIP", "row": 712, "media_id": 14, "reason": "already reviewed", "ts": "2026-02-20 04:04:13"}
{"event": "SKIP", "row": 710, "media_id": 56, "reason": "already reviewed", "ts": "2026-02-20 04:04:13"}
{"event": "SKIP", "row": 718, "media_id": 56, "reason": "already reviewed", "ts": "2026-02-20 04:04:13"}
{"event": "SKIP", "row": 702, "media_id": 46, "reason": "already reviewed", "ts": "2026-02-20 04:04:13"}
{"event": "SKIP", "row": 717, "media_id": 6, "reason": "already reviewed", "ts": "2026-02-20 04:04:13"}
{"event": "SKIP", "row": 706, "media_id": 44, "reason": "already reviewed", "ts": "2026-02-20 04:04:13"}
{"event": "SKIP", "row": 716, "media_id": 57, "reason": "already reviewed", "ts": "2026-02-20 04:04:13"}
{"event": "SKIP", "row": 701, "media_id": 5, "reason": "already reviewed", "ts": "2026-02-20 04:04:13"}
{"event": "SKIP", "row": 707, "media_id": 89, "reason": "already reviewed", "ts": "2026-02-20 04:04:13"}
{"event": "SKIP", "row": 711, "media_id": 70, "reason": "already reviewed", "ts": "2026-02-20 04:04:13"}
{"event": "SKIP", "row": 728, "media_id": 58, "reason": "already reviewed", "ts": "2026-02-20 04:04:13"}
{"event": "SKIP", "row": 723, "media_id": 57, "reason": "already reviewed", "ts": "2026-02-20 04:04:13"}
{"event": "SKIP", "row": 727, "media_id": 78, "reason": "already reviewed", "ts": "2026-02-20 04:04:13"}
{"event": "SKIP", "row": 724, "media_id": 9, "reason": "already reviewed", "ts": "2026-02-20 04:04:13"}
{"event": "SKIP", "row": 714, "media_id": 58, "reason": "already reviewed", "ts": "2026-02-20 04:04:13"}
{"event": "SKIP", "row": 704, "media_id": 48, "reason": "already reviewed", "ts": "2026-02-20 04:04:13"}
{"event": "SKIP", "row": 703, "media_id": 43, "reason": "already reviewed", "ts": "2026-02-20 04:04:13"}
{"event": "SKIP", "row": 720, "media_id": 82, "reason": "already reviewed", "ts": "2026-02-20 04:04:13"}
{"event": "SKIP", "row": 715, "media_id": 55, "reason": "already reviewed", "ts": "2026-02-20 04:04:13"}
{"event": "SKIP", "row": 719, "media_id": 8, "reason": "already reviewed", "ts": "2026-02-20 04:04:13"}
{"event": "SKIP", "row": 726, "media_id": 50, "reason": "already reviewed", "ts": "2026-02-20 04:04:13"}
{"event": "SKIP", "row": 735, "media_id": 16, "reason": "already reviewed", "ts": "2026-02-20 04:04:13"}
{"event": "SKIP", "row": 733, "media_id": 4, "reason": "already reviewed", "ts": "2026-02-20 04:04:13"}
{"event": "SKIP", "row": 739, "media_id": 18, "reason": "already reviewed", "ts": "2026-02-20 04:04:13"}
{"event": "SKIP", "row": 722, "media_id": 19, "reason": "already reviewed", "ts": "2026-02-20 04:04:13"}
{"event": "SKIP", "row": 731, "media_id": 51, "reason": "already reviewed", "ts": "2026-02-20 04:04:13"}
{"event": "SKIP", "row": 729, "media_id": 57, "reason": "already reviewed", "ts": "2026-02-20 04:04:13"}
{"event": "SKIP", "row": 742, "media_id": 45, "reason": "already reviewed", "ts": "2026-02-20 04:04:13"}
{"event": "SKIP", "row": 734, "media_id": 67, "reason": "already reviewed", "ts": "2026-02-20 04:04:13"}
{"event": "SKIP", "row": 725, "media_id": 83, "reason": "already reviewed", "ts": "2026-02-20 04:04:13"}
{"event": "SKIP", "row": 748, "media_id": 71, "reason": "already reviewed", "ts": "2026-02-20 04:04:13"}
{"event": "SKIP", "row": 713, "media_id": 85, "reason": "already reviewed", "ts": "2026-02-20 04:04:13"}
{"event": "SKIP", "row": 737, "media_id": 79, "reason": "already reviewed", "ts": "2026-02-20 04:04:13"}
{"event": "SKIP", "row": 743, "media_id": 70, "reason": "already reviewed", "ts": "2026-02-20 04:04:13"}
{"event": "SKIP", "row": 736, "media_id": 34, "reason": "already reviewed", "ts": "2026-02-20 04:04:13"}
{"event": "SKIP", "row": 738, "media_id": 63, "reason": "already reviewed", "ts": "2026-02-20 04:04:13"}
{"event": "SKIP", "row": 730, "media_id": 18, "reason": "already reviewed", "ts": "2026-02-20 04:04:13"}
{"event": "SKIP", "row": 747, "media_id": 64, "reason": "already reviewed", "ts": "2026-02-20 04:04:13"}
{"event": "SKIP", "row": 746, "media_id": 26, "reason": "already reviewed", "ts": "2026-02-20 04:04:13"}
{"event": "SKIP", "row": 740, "media_id": 23, "reason": "already reviewed", "ts": "2026-02-20 04:04:13"}
{"event": "SKIP", "row": 732, "media_id": 36, "reason": "already reviewed", "ts": "2026-02-20 04:04:13"}
{"event": "SKIP", "row": 721, "media_id": 66, "reason": "already reviewed", "ts": "2026-02-20 04:04:13"}
{"event": "SKIP", "row": 744, "media_id": 21, "reason": "already reviewed", "ts": "2026-02-20 04:04:13"}
{"event": "SKIP", "row": 750, "media_id": 79, "reason": "already reviewed", "ts": "2026-02-20 04:04:13"}
{"event": "SKIP", "row": 741, "media_id": 88, "reason": "already reviewed", "ts": "2026-02-20 04:04:13"}
{"event": "SKIP", "row": 749, "media_id": 60, "reason": "already reviewed", "ts": "2026-02-20 04:04:13"}
{"event": "SKIP", "row": 745, "media_id": 66, "reason": "already reviewed", "ts": "2026-02-20 04:04:13"}
{"event": "SKIP", "row": 765, "media_id": 26, "reason": "already reviewed", "ts": "2026-02-20 04:04:13"}
{"event": "SKIP", "row": 753, "media_id": 53, "reason": "already reviewed", "ts": "2026-02-20 04:04:13"}
{"event": "SKIP", "row": 770, "media_id": 85, "reason": "already reviewed", "ts": "2026-02-20 04:04:13"}
{"event": "SKIP", "row": 751, "media_id": 40, "reason": "already reviewed", "ts": "2026-02-20 04:04:13"}
{"event": "SKIP", "row": 761, "media_id": 20, "reason": "already reviewed", "ts": "2026-02-20 04:04:13"}
{"event": "SKIP", "row": 760, "media_id": 8, "reason": "already reviewed", "ts": "2026-02-20 04:04:13"}
{"event": "SKIP", "row": 755, "media_id": 83, "reason": "already reviewed", "ts": "2026-02-20 04:04:13"}
{"event": "SKIP", "row": 757, "media_id": 17, "reason": "already reviewed", "ts": "2026-02-20 04:04:13"}
{"event": "SKIP", "row": 763, "media_id": 29, "reason": "already reviewed", "ts": "2026-02-20 04:04:13"}
{"event": "SKIP", "row": 754, "media_id": 10, "reason": "already reviewed", "ts": "2026-02-20 04:04:13"}
{"event": "SKIP", "row": 762, "media_id": 21, "reason": "already reviewed", "ts": "2026-02-20 04:04:13"}
{"event": "SKIP", "row": 759, "media_id": 17, "reason": "already reviewed", "ts": "2026-02-20 04:04:13"}
{"event": "SKIP", "row": 773, "media_id": 6, "reason": "already reviewed", "ts": "2026-02-20 04:04:13"}
{"event": "SKIP", "row": 774, "media_id": 84, "reason": "already reviewed", "ts": "2026-02-20 04:04:13"}
{"event": "SKIP", "row": 772, "media_id": 6, "reason": "already reviewed", "ts": "2026-02-20 04:04:13"}
{"event": "SKIP", "row": 771, "media_id": 78, "reason": "already reviewed", "ts": "2026-02-20 04:04:13"}
{"event": "SKIP", "row": 766, "media_id": 17, "reason": "already reviewed", "ts": "2026-02-20 04:04:13"}
{"event": "SKIP", "row": 767, "media_id": 69, "reason": "already reviewed", "ts": "2026-02-20 04:04:13"}
{"event": "SKIP", "row": 782, "media_id": 54, "reason": "already reviewed", "ts": "2026-02-20 04:04:13"}
{"event": "SKIP", "row": 778, "media_id": 83, "reason": "already reviewed", "ts": "2026-02-20 04:04:13"}
{"event": "SKIP", "row": 756, "media_id": 60, "reason": "already reviewed", "ts": "2026-02-20 04:04:13"}
{"event": "SKIP", "row": 776, "media_id": 82, "reason": "already reviewed", "ts": "2026-02-20 04:04:13"}
{"event": "SKIP", "row": 783, "media_id": 27, "reason": "already reviewed", "ts": "2026-02-20 04:04:13"}
{"event": "SKIP", "row": 784, "media_id": 19, "reason": "already reviewed", "ts": "2026-02-20 04:04:13"}
{"event": "SKIP", "row": 786, "media_id": 17, "reason": "already reviewed", "ts": "2026-02-20 04:04:13"}
{"event": "SKIP", "row": 775, "media_id": 74, "reason": "already reviewed", "ts": "2026-02-20 04:04:13"}
{"event": "SKIP", "row": 769, "media_id": 75, "reason": "already reviewed", "ts": "2026-02-20 04:04:13"}
{"event": "SKIP", "row": 752, "media_id": 93, "reason": "already reviewed", "ts": "2026-02-20 04:04:13"}
{"event": "SKIP", "row": 768, "media_id": 83, "reason": "already reviewed", "ts": "2026-02-20 04:04:13"}
{"event": "SKIP", "row": 777, "media_id": 81, "reason": "already reviewed", "ts": "2026-02-20 04:04:13"}
{"event": "SKIP", "row": 758, "media_id": 76, "reason": "already reviewed", "ts": "2026-02-20 04:04:13"}
{"event": "SKIP", "row": 788, "media_id": 31, "reason": "already reviewed", "ts": "2026-02-20 04:04:13"}
{"event": "SKIP", "row": 780, "media_id": 59, "reason": "already reviewed", "ts": "2026-02-20 04:04:13"}
{"event": "SKIP", "row": 785, "media_id": 41, "reason": "already reviewed", "ts": "2026-02-20 04:04:13"}
{"event": "SKIP", "row": 796, "media_id": 60, "reason": "already reviewed", "ts": "2026-02-20 04:04:13"}
{"event": "SKIP", "row": 779, "media_id": 32, "reason": "already reviewed", "ts": "2026-02-20 04:04:13"}
{"event": "SKIP", "row": 787, "media_id": 72, "reason": "already reviewed", "ts": "2026-02-20 04:04:13"}
{"event": "SKIP", "row": 790, "media_id": 19, "reason": "already reviewed", "ts": "2026-02-20 04:04:13"}
{"event": "SKIP", "row": 764, "media_id": 37, "reason": "already reviewed", "ts": "2026-02-20 04:04:13"}
{"event": "SKIP", "row": 792, "media_id": 54, "reason": "already reviewed", "ts": "2026-02-20 04:04:13"}
{"event": "SKIP", "row": 799, "media_id": 31, "reason": "already reviewed", "ts": "2026-02-20 04:04:13"}
{"event": "SKIP", "row": 797, "media_id": 64, "reason": "already reviewed", "ts": "2026-02-20 04:04:13"}
{"event": "SKIP", "row": 794, "media_id": 41, "reason": "already reviewed", "ts": "2026-02-20 04:04:13"}
{"event": "SKIP", "row": 791, "media_id": 38, "reason": "already reviewed", "ts": "2026-02-20 04:04:13"}
{"event": "SKIP", "row": 795, "media_id": 21, "reason": "already reviewed", "ts": "2026-02-20 04:04:13"}
{"event": "SKIP", "row": 798, "media_id": 51, "reason": "already reviewed", "ts": "2026-02-20 04:04:13"}
{"event": "SKIP", "row": 793, "media_id": 42, "reason": "already reviewed", "ts": "2026-02-20 04:04:13"}
{"event": "SKIP", "row": 781, "media_id": 8, "reason": "already reviewed", "ts": "2026-02-20 04:04:13"}
{"event": "SKIP", "row": 800, "media_id": 46, "reason": "already reviewed", "ts": "2026-02-20 04:04:13"}
{"event": "SKIP", "row": 789, "media_id": 35, "reason": "already reviewed", "ts": "2026-02-20 04:04:13"}
{"event": "SKIP", "row": 809, "media_id": 71, "reason": "already reviewed", "ts": "2026-02-20 04:04:13"}
{"event": "SKIP", "row": 802, "media_id": 84, "reason": "already reviewed", "ts": "2026-02-20 04:04:13"}
{"event": "SKIP", "row": 813, "media_id": 17, "reason": "already reviewed", "ts": "2026-02-20 04:04:13"}
{"event": "SKIP", "row": 801, "media_id": 37, "reason": "already reviewed", "ts": "2026-02-20 04:04:13"}
{"event": "SKIP", "row": 803, "media_id": 69, "reason": "already reviewed", "ts": "2026-02-20 04:04:13"}
{"event": "SKIP", "row": 805, "media_id": 94, "reason": "already reviewed", "ts": "2026-02-20 04:04:13"}
{"event": "SKIP", "row": 806, "media_id": 52, "reason": "already reviewed", "ts": "2026-02-20 04:04:13"}
{"event": "SKIP", "row": 807, "media_id": 52, "reason": "already reviewed", "ts": "2026-02-20 04:04:13"}
{"event": "SKIP", "row": 816, "media_id": 78, "reason": "already reviewed", "ts": "2026-02-20 04:04:13"}
{"event": "SKIP", "row": 808, "media_id": 72, "reason": "already reviewed", "ts": "2026-02-20 04:04:13"}
{"event": "SKIP", "row": 817, "media_id": 65, "reason": "already reviewed", "ts": "2026-02-20 04:04:13"}
{"event": "SKIP", "row": 821, "media_id": 66, "reason": "already reviewed", "ts": "2026-02-20 04:04:13"}
{"event": "SKIP", "row": 815, "media_id": 47, "reason": "already reviewed", "ts": "2026-02-20 04:04:13"}
{"event": "SKIP", "row": 822, "media_id": 79, "reason": "already reviewed", "ts": "2026-02-20 04:04:13"}
{"event": "SKIP", "row": 811, "media_id": 98, "reason": "already reviewed", "ts": "2026-02-20 04:04:13"}
{"event": "SKIP", "row": 804, "media_id": 56, "reason": "already reviewed", "ts": "2026-02-20 04:04:13"}
{"event": "SKIP", "row": 812, "media_id": 80, "reason": "already reviewed", "ts": "2026-02-20 04:04:13"}
{"event": "SKIP", "row": 818, "media_id": 5, "reason": "already reviewed", "ts": "2026-02-20 04:04:13"}
{"event": "SKIP", "row": 814, "media_id": 48, "reason": "already reviewed", "ts": "2026-02-20 04:04:13"}
{"event": "SKIP", "row": 825, "media_id": 65, "reason": "already reviewed", "ts": "2026-02-20 04:04:13"}
{"event": "SKIP", "row": 834, "media_id": 62, "reason": "already reviewed", "ts": "2026-02-20 04:04:13"}
{"event": "SKIP", "row": 810, "media_id": 50, "reason": "already reviewed", "ts": "2026-02-20 04:04:13"}
{"event": "SKIP", "row": 831, "media_id": 61, "reason": "already reviewed", "ts": "2026-02-20 04:04:13"}
{"event": "SKIP", "row": 820, "media_id": 59, "reason": "already reviewed", "ts": "2026-02-20 04:04:13"}
{"event": "SKIP", "row": 828, "media_id": 43, "reason": "already reviewed", "ts": "2026-02-20 04:04:13"}
{"event": "SKIP", "row": 838, "media_id": 90, "reason": "already reviewed", "ts": "2026-02-20 04:04:13"}
{"event": "SKIP", "row": 832, "media_id": 100, "reason": "already reviewed", "ts": "2026-02-20 04:04:13"}
{"event": "SKIP", "row": 819, "media_id": 43, "reason": "already reviewed", "ts": "2026-02-20 04:04:13"}
{"event": "SKIP", "row": 833, "media_id": 30, "reason": "already reviewed", "ts": "2026-02-20 04:04:13"}
{"event": "SKIP", "row": 823, "media_id": 51, "reason": "already reviewed", "ts": "2026-02-20 04:04:13"}
{"event": "SKIP", "row": 826, "media_id": 63, "reason": "already reviewed", "ts": "2026-02-20 04:04:13"}
{"event": "SKIP", "row": 824, "media_id": 39, "reason": "already reviewed", "ts": "2026-02-20 04:04:13"}
{"event": "SKIP", "row": 829, "media_id": 75, "reason": "already reviewed", "ts": "2026-02-20 04:04:13"}
{"event": "SKIP", "row": 827, "media_id": 61, "reason": "already reviewed", "ts": "2026-02-20 04:04:13"}
{"event": "SKIP", "row": 830, "media_id": 89, "reason": "already reviewed", "ts": "2026-02-20 04:04:13"}
{"event": "SKIP", "row": 846, "media_id": 62, "reason": "already reviewed", "ts": "2026-02-20 04:04:13"}
{"event": "SKIP", "row": 837, "media_id": 32, "reason": "already reviewed", "ts": "2026-02-20 04:04:13"}
{"event": "SKIP", "row": 835, "media_id": 81, "reason": "already reviewed", "ts": "2026-02-20 04:04:13"}
{"event": "SKIP", "row": 848, "media_id": 69, "reason": "already reviewed", "ts": "2026-02-20 04:04:13"}
{"event": "SKIP", "row": 847, "media_id": 41, "reason": "already reviewed", "ts": "2026-02-20 04:04:13"}
{"event": "SKIP", "row": 845, "media_id": 72, "reason": "already reviewed", "ts": "2026-02-20 04:04:13"}
{"event": "SKIP", "row": 839, "media_id": 3, "reason": "already reviewed", "ts": "2026-02-20 04:04:13"}
{"event": "SKIP", "row": 843, "media_id": 95, "reason": "already reviewed", "ts": "2026-02-20 04:04:13"}
{"event": "SKIP", "row": 842, "media_id": 65, "reason": "already reviewed", "ts": "2026-02-20 04:04:13"}
{"event": "SKIP", "row": 840, "media_id": 54, "reason": "already reviewed", "ts": "2026-02-20 04:04:13"}
{"event": "SKIP", "row": 841, "media_id": 89, "reason": "already reviewed", "ts": "2026-02-20 04:04:13"}
{"event": "SKIP", "row": 844, "media_id": 18, "reason": "already reviewed", "ts": "2026-02-20 04:04:13"}
{"event": "SKIP", "row": 836, "media_id": 49, "reason": "already reviewed", "ts": "2026-02-20 04:04:13"}
{"event": "SKIP", "row": 849, "media_id": 46, "reason": "already reviewed", "ts": "2026-02-20 04:04:13"}
{"event": "SKIP", "row": 850, "media_id": 62, "reason": "already reviewed", "ts": "2026-02-20 04:04:13"}
{"event": "SKIP", "row": 862, "media_id": 84, "reason": "already reviewed", "ts": "2026-02-20 04:04:13"}
{"event": "SKIP", "row": 852, "media_id": 29, "reason": "already reviewed", "ts": "2026-02-20 04:04:13"}
{"event": "SKIP", "row": 853, "media_id": 37, "reason": "already reviewed", "ts": "2026-02-20 04:04:13"}
{"event": "SKIP", "row": 860, "media_id": 6, "reason": "already reviewed", "ts": "2026-02-20 04:04:13"}
{"event": "SKIP", "row": 866, "media_id": 14, "reason": "already reviewed", "ts": "2026-02-20 04:04:13"}
{"event": "SKIP", "row": 864, "media_id": 69, "reason": "already reviewed", "ts": "2026-02-20 04:04:13"}
{"event": "SKIP", "row": 855, "media_id": 62, "reason": "already reviewed", "ts": "2026-02-20 04:04:13"}
{"event": "SKIP", "row": 868, "media_id": 7, "reason": "already reviewed", "ts": "2026-02-20 04:04:13"}
{"event": "SKIP", "row": 870, "media_id": 13, "reason": "already reviewed", "ts": "2026-02-20 04:04:13"}
{"event": "SKIP", "row": 851, "media_id": 36, "reason": "already reviewed", "ts": "2026-02-20 04:04:13"}
{"event": "SKIP", "row": 867, "media_id": 76, "reason": "already reviewed", "ts": "2026-02-20 04:04:13"}
{"event": "SKIP", "row": 861, "media_id": 11, "reason": "already reviewed", "ts": "2026-02-20 04:04:13"}
{"event": "SKIP", "row": 869, "media_id": 82, "reason": "already reviewed", "ts": "2026-02-20 04:04:13"}
{"event": "SKIP", "row": 875, "media_id": 84, "reason": "already reviewed", "ts": "2026-02-20 04:04:13"}
{"event": "SKIP", "row": 856, "media_id": 93, "reason": "already reviewed", "ts": "2026-02-20 04:04:13"}
{"event": "SKIP", "row": 863, "media_id": 62, "reason": "already reviewed", "ts": "2026-02-20 04:04:13"}
{"event": "SKIP", "row": 876, "media_id": 37, "reason": "already reviewed", "ts": "2026-02-20 04:04:13"}
{"event": "SKIP", "row": 877, "media_id": 83, "reason": "already reviewed", "ts": "2026-02-20 04:04:13"}
{"event": "SKIP", "row": 871, "media_id": 92, "reason": "already reviewed", "ts": "2026-02-20 04:04:13"}
{"event": "SKIP", "row": 881, "media_id": 51, "reason": "already reviewed", "ts": "2026-02-20 04:04:13"}
{"event": "SKIP", "row": 859, "media_id": 45, "reason": "already reviewed", "ts": "2026-02-20 04:04:13"}
{"event": "SKIP", "row": 883, "media_id": 2, "reason": "already reviewed", "ts": "2026-02-20 04:04:13"}
{"event": "SKIP", "row": 854, "media_id": 91, "reason": "already reviewed", "ts": "2026-02-20 04:04:13"}
{"event": "SKIP", "row": 874, "media_id": 84, "reason": "already reviewed", "ts": "2026-02-20 04:04:13"}
{"event": "SKIP", "row": 880, "media_id": 54, "reason": "already reviewed", "ts": "2026-02-20 04:04:13"}
{"event": "SKIP", "row": 857, "media_id": 16, "reason": "already reviewed", "ts": "2026-02-20 04:04:13"}
{"event": "SKIP", "row": 872, "media_id": 88, "reason": "already reviewed", "ts": "2026-02-20 04:04:13"}
{"event": "SKIP", "row": 865, "media_id": 90, "reason": "already reviewed", "ts": "2026-02-20 04:04:13"}
{"event": "SKIP", "row": 873, "media_id": 71, "reason": "already reviewed", "ts": "2026-02-20 04:04:13"}
{"event": "SKIP", "row": 889, "media_id": 43, "reason": "already reviewed", "ts": "2026-02-20 04:04:13"}
{"event": "SKIP", "row": 888, "media_id": 35, "reason": "already reviewed", "ts": "2026-02-20 04:04:13"}
{"event": "SKIP", "row": 878, "media_id": 12, "reason": "already reviewed", "ts": "2026-02-20 04:04:13"}
{"event": "SKIP", "row": 885, "media_id": 37, "reason": "already reviewed", "ts": "2026-02-20 04:04:13"}
{"event": "SKIP", "row": 879, "media_id": 69, "reason": "already reviewed", "ts": "2026-02-20 04:04:13"}
{"event": "SKIP", "row": 887, "media_id": 18, "reason": "already reviewed", "ts": "2026-02-20 04:04:13"}
{"event": "SKIP", "row": 893, "media_id": 87, "reason": "already reviewed", "ts": "2026-02-20 04:04:13"}
{"event": "SKIP", "row": 894, "media_id": 79, "reason": "already reviewed", "ts": "2026-02-20 04:04:13"}
{"event": "SKIP", "row": 897, "media_id": 18, "reason": "already reviewed", "ts": "2026-02-20 04:04:13"}
{"event": "SKIP", "row": 884, "media_id": 78, "reason": "already reviewed", "ts": "2026-02-20 04:04:13"}
{"event": "SKIP", "row": 898, "media_id": 32, "reason": "already reviewed", "ts": "2026-02-20 04:04:13"}
{"event": "SKIP", "row": 900, "media_id": 97, "reason": "already reviewed", "ts": "2026-02-20 04:04:13"}
{"event": "SKIP", "row": 895, "media_id": 66, "reason": "already reviewed", "ts": "2026-02-20 04:04:13"}
{"event": "SKIP", "row": 886, "media_id": 70, "reason": "already reviewed", "ts": "2026-02-20 04:04:13"}
{"event": "SKIP", "row": 896, "media_id": 52, "reason": "already reviewed", "ts": "2026-02-20 04:04:13"}
{"event": "SKIP", "row": 892, "media_id": 44, "reason": "already reviewed", "ts": "2026-02-20 04:04:13"}
{"event": "SKIP", "row": 890, "media_id": 59, "reason": "already reviewed", "ts": "2026-02-20 04:04:13"}
{"event": "SKIP", "row": 858, "media_id": 70, "reason": "already reviewed", "ts": "2026-02-20 04:04:13"}
{"event": "SKIP", "row": 882, "media_id": 96, "reason": "already reviewed", "ts": "2026-02-20 04:04:13"}
{"event": "SKIP", "row": 899, "media_id": 50, "reason": "already reviewed", "ts": "2026-02-20 04:04:13"}
{"event": "SKIP", "row": 891, "media_id": 24, "reason": "already reviewed", "ts": "2026-02-20 04:04:13"}
{"event": "SKIP", "row": 906, "media_id": 21, "reason": "already reviewed", "ts": "2026-02-20 04:04:13"}
{"event": "SKIP", "row": 911, "media_id": 59, "reason": "already reviewed", "ts": "2026-02-20 04:04:13"}
{"event": "SKIP", "row": 908, "media_id": 16, "reason": "already reviewed", "ts": "2026-02-20 04:04:13"}
{"event": "SKIP", "row": 916, "media_id": 68, "reason": "already reviewed", "ts": "2026-02-20 04:04:13"}
{"event": "SKIP", "row": 914, "media_id": 28, "reason": "already reviewed", "ts": "2026-02-20 04:04:13"}
{"event": "SKIP", "row": 901, "media_id": 39, "reason": "already reviewed", "ts": "2026-02-20 04:04:13"}
{"event": "SKIP", "row": 902, "media_id": 74, "reason": "already reviewed", "ts": "2026-02-20 04:04:13"}
{"event": "SKIP", "row": 919, "media_id": 71, "reason": "already reviewed", "ts": "2026-02-20 04:04:13"}
{"event": "SKIP", "row": 913, "media_id": 97, "reason": "already reviewed", "ts": "2026-02-20 04:04:13"}
{"event": "SKIP", "row": 925, "media_id": 8, "reason": "already reviewed", "ts": "2026-02-20 04:04:13"}
{"event": "SKIP", "row": 904, "media_id": 31, "reason": "already reviewed", "ts": "2026-02-20 04:04:13"}
{"event": "SKIP", "row": 920, "media_id": 74, "reason": "already reviewed", "ts": "2026-02-20 04:04:13"}
{"event": "SKIP", "row": 928, "media_id": 60, "reason": "already reviewed", "ts": "2026-02-20 04:04:13"}
{"event": "SKIP", "row": 915, "media_id": 97, "reason": "already reviewed", "ts": "2026-02-20 04:04:13"}
{"event": "SKIP", "row": 905, "media_id": 16, "reason": "already reviewed", "ts": "2026-02-20 04:04:13"}
{"event": "SKIP", "row": 918, "media_id": 73, "reason": "already reviewed", "ts": "2026-02-20 04:04:13"}
{"event": "SKIP", "row": 912, "media_id": 54, "reason": "already reviewed", "ts": "2026-02-20 04:04:13"}
{"event": "SKIP", "row": 924, "media_id": 12, "reason": "already reviewed", "ts": "2026-02-20 04:04:13"}
{"event": "SKIP", "row": 917, "media_id": 91, "reason": "already reviewed", "ts": "2026-02-20 04:04:13"}
{"event": "SKIP", "row": 923, "media_id": 27, "reason": "already reviewed", "ts": "2026-02-20 04:04:13"}
{"event": "SKIP", "row": 910, "media_id": 18, "reason": "already reviewed", "ts": "2026-02-20 04:04:13"}
{"event": "SKIP", "row": 921, "media_id": 22, "reason": "already reviewed", "ts": "2026-02-20 04:04:13"}
{"event": "SKIP", "row": 922, "media_id": 57, "reason": "already reviewed", "ts": "2026-02-20 04:04:13"}
{"event": "SKIP", "row": 930, "media_id": 1, "reason": "already reviewed", "ts": "2026-02-20 04:04:13"}
{"event": "SKIP", "row": 909, "media_id": 79, "reason": "already reviewed", "ts": "2026-02-20 04:04:13"}
{"event": "SKIP", "row": 926, "media_id": 66, "reason": "already reviewed", "ts": "2026-02-20 04:04:13"}
{"event": "SKIP", "row": 903, "media_id": 84, "reason": "already reviewed", "ts": "2026-02-20 04:04:13"}
{"event": "SKIP", "row": 929, "media_id": 3, "reason": "already reviewed", "ts": "2026-02-20 04:04:13"}
{"event": "SKIP", "row": 936, "media_id": 83, "reason": "already reviewed", "ts": "2026-02-20 04:04:13"}
{"event": "SKIP", "row": 933, "media_id": 8, "reason": "already reviewed", "ts": "2026-02-20 04:04:13"}
{"event": "SKIP", "row": 907, "media_id": 65, "reason": "already reviewed", "ts": "2026-02-20 04:04:13"}
{"event": "SKIP", "row": 937, "media_id": 49, "reason": "already reviewed", "ts": "2026-02-20 04:04:13"}
{"event": "SKIP", "row": 941, "media_id": 23, "reason": "already reviewed", "ts": "2026-02-20 04:04:13"}
{"event": "SKIP", "row": 932, "media_id": 45, "reason": "already reviewed", "ts": "2026-02-20 04:04:13"}
{"event": "SKIP", "row": 927, "media_id": 73, "reason": "already reviewed", "ts": "2026-02-20 04:04:13"}
{"event": "SKIP", "row": 934, "media_id": 5, "reason": "already reviewed", "ts": "2026-02-20 04:04:13"}
{"event": "SKIP", "row": 942, "media_id": 68, "reason": "already reviewed", "ts": "2026-02-20 04:04:13"}
{"event": "SKIP", "row": 931, "media_id": 10, "reason": "already reviewed", "ts": "2026-02-20 04:04:13"}
{"event": "SKIP", "row": 938, "media_id": 49, "reason": "already reviewed", "ts": "2026-02-20 04:04:13"}
{"event": "SKIP", "row": 935, "media_id": 24, "reason": "already reviewed", "ts": "2026-02-20 04:04:13"}
{"event": "SKIP", "row": 948, "media_id": 20, "reason": "already reviewed", "ts": "2026-02-20 04:04:13"}
{"event": "SKIP", "row": 943, "media_id": 29, "reason": "already reviewed", "ts": "2026-02-20 04:04:13"}
{"event": "SKIP", "row": 940, "media_id": 84, "reason": "already reviewed", "ts": "2026-02-20 04:04:13"}
{"event": "SKIP", "row": 949, "media_id": 93, "reason": "already reviewed", "ts": "2026-02-20 04:04:13"}
{"event": "SKIP", "row": 946, "media_id": 69, "reason": "already reviewed", "ts": "2026-02-20 04:04:13"}
{"event": "SKIP", "row": 944, "media_id": 3, "reason": "already reviewed", "ts": "2026-02-20 04:04:13"}
{"event": "SKIP", "row": 945, "media_id": 87, "reason": "already reviewed", "ts": "2026-02-20 04:04:13"}
{"event": "SKIP", "row": 939, "media_id": 85, "reason": "already reviewed", "ts": "2026-02-20 04:04:13"}
{"event": "SKIP", "row": 950, "media_id": 85, "reason": "already reviewed", "ts": "2026-02-20 04:04:13"}
{"event": "SKIP", "row": 947, "media_id": 32, "reason": "already reviewed", "ts": "2026-02-20 04:04:13"}
{"event": "SKIP", "row": 968, "media_id": 83, "reason": "already reviewed", "ts": "2026-02-20 04:04:13"}
{"event": "SKIP", "row": 963, "media_id": 67, "reason": "already reviewed", "ts": "2026-02-20 04:04:13"}
{"event": "SKIP", "row": 967, "media_id": 64, "reason": "already reviewed", "ts": "2026-02-20 04:04:13"}
{"event": "SKIP", "row": 951, "media_id": 99, "reason": "already reviewed", "ts": "2026-02-20 04:04:13"}
{"event": "SKIP", "row": 952, "media_id": 27, "reason": "already reviewed", "ts": "2026-02-20 04:04:13"}
{"event": "SKIP", "row": 971, "media_id": 24, "reason": "already reviewed", "ts": "2026-02-20 04:04:13"}
{"event": "SKIP", "row": 953, "media_id": 77, "reason": "already reviewed", "ts": "2026-02-20 04:04:13"}
{"event": "SKIP", "row": 973, "media_id": 91, "reason": "already reviewed", "ts": "2026-02-20 04:04:13"}
{"event": "SKIP", "row": 956, "media_id": 57, "reason": "already reviewed", "ts": "2026-02-20 04:04:13"}
{"event": "SKIP", "row": 964, "media_id": 39, "reason": "already reviewed", "ts": "2026-02-20 04:04:13"}
{"event": "SKIP", "row": 962, "media_id": 39, "reason": "already reviewed", "ts": "2026-02-20 04:04:13"}
{"event": "SKIP", "row": 960, "media_id": 74, "reason": "already reviewed", "ts": "2026-02-20 04:04:13"}
{"event": "SKIP", "row": 961, "media_id": 87, "reason": "already reviewed", "ts": "2026-02-20 04:04:13"}
{"event": "SKIP", "row": 969, "media_id": 41, "reason": "already reviewed", "ts": "2026-02-20 04:04:13"}
{"event": "SKIP", "row": 965, "media_id": 72, "reason": "already reviewed", "ts": "2026-02-20 04:04:13"}
{"event": "SKIP", "row": 955, "media_id": 95, "reason": "already reviewed", "ts": "2026-02-20 04:04:13"}
{"event": "SKIP", "row": 959, "media_id": 94, "reason": "already reviewed", "ts": "2026-02-20 04:04:13"}
{"event": "SKIP", "row": 975, "media_id": 54, "reason": "already reviewed", "ts": "2026-02-20 04:04:13"}
{"event": "SKIP", "row": 957, "media_id": 28, "reason": "already reviewed", "ts": "2026-02-20 04:04:13"}
{"event": "SKIP", "row": 966, "media_id": 23, "reason": "already reviewed", "ts": "2026-02-20 04:04:13"}
{"event": "SKIP", "row": 974, "media_id": 8, "reason": "already reviewed", "ts": "2026-02-20 04:04:13"}
{"event": "SKIP", "row": 972, "media_id": 31, "reason": "already reviewed", "ts": "2026-02-20 04:04:13"}
{"event": "SKIP", "row": 983, "media_id": 10, "reason": "already reviewed", "ts": "2026-02-20 04:04:13"}
{"event": "SKIP", "row": 958, "media_id": 65, "reason": "already reviewed", "ts": "2026-02-20 04:04:13"}
{"event": "SKIP", "row": 981, "media_id": 35, "reason": "already reviewed", "ts": "2026-02-20 04:04:13"}
{"event": "SKIP", "row": 954, "media_id": 77, "reason": "already reviewed", "ts": "2026-02-20 04:04:13"}
{"event": "SKIP", "row": 988, "media_id": 97, "reason": "already reviewed", "ts": "2026-02-20 04:04:13"}
{"event": "SKIP", "row": 976, "media_id": 18, "reason": "already reviewed", "ts": "2026-02-20 04:04:13"}
{"event": "SKIP", "row": 980, "media_id": 93, "reason": "already reviewed", "ts": "2026-02-20 04:04:13"}
{"event": "SKIP", "row": 984, "media_id": 76, "reason": "already reviewed", "ts": "2026-02-20 04:04:13"}
{"event": "SKIP", "row": 989, "media_id": 90, "reason": "already reviewed", "ts": "2026-02-20 04:04:13"}
{"event": "SKIP", "row": 970, "media_id": 20, "reason": "already reviewed", "ts": "2026-02-20 04:04:13"}
{"event": "SKIP", "row": 982, "media_id": 78, "reason": "already reviewed", "ts": "2026-02-20 04:04:13"}
{"event": "SKIP", "row": 992, "media_id": 37, "reason": "already reviewed", "ts": "2026-02-20 04:04:13"}
{"event": "SKIP", "row": 986, "media_id": 39, "reason": "already reviewed", "ts": "2026-02-20 04:04:13"}
{"event": "SKIP", "row": 991, "media_id": 71, "reason": "already reviewed", "ts": "2026-02-20 04:04:13"}
{"event": "SKIP", "row": 999, "media_id": 73, "reason": "already reviewed", "ts": "2026-02-20 04:04:13"}
{"event": "SKIP", "row": 979, "media_id": 48, "reason": "already reviewed", "ts": "2026-02-20 04:04:13"}
{"event": "SKIP", "row": 985, "media_id": 62, "reason": "already reviewed", "ts": "2026-02-20 04:04:13"}
{"event": "SKIP", "row": 978, "media_id": 83, "reason": "already reviewed", "ts": "2026-02-20 04:04:13"}
{"event": "SKIP", "row": 998, "media_id": 41, "reason": "already reviewed", "ts": "2026-02-20 04:04:13"}
{"event": "SKIP", "row": 1000, "media_id": 19, "reason": "already reviewed", "ts": "2026-02-20 04:04:13"}
{"event": "SKIP", "row": 994, "media_id": 34, "reason": "already reviewed", "ts": "2026-02-20 04:04:13"}
{"event": "SKIP", "row": 977, "media_id": 33, "reason": "already reviewed", "ts": "2026-02-20 04:04:13"}
{"event": "SKIP", "row": 995, "media_id": 64, "reason": "already reviewed", "ts": "2026-02-20 04:04:13"}
{"event": "SKIP", "row": 997, "media_id": 41, "reason": "already reviewed", "ts": "2026-02-20 04:04:13"}
{"event": "SKIP", "row": 990, "media_id": 27, "reason": "already reviewed", "ts": "2026-02-20 04:04:13"}
{"event": "SKIP", "row": 987, "media_id": 25, "reason": "already reviewed", "ts": "2026-02-20 04:04:13"}
{"event": "SKIP", "row": 996, "media_id": 93, "reason": "already reviewed", "ts": "2026-02-20 04:04:13"}
{"event": "SKIP", "row": 993, "media_id": 69, "reason": "already reviewed", "ts": "2026-02-20 04:04:13"}
{"event": "BULK_DONE", "file": "reviews.csv", "total": 1000, "success": 101, "skipped": 899, "failed": 0, "elapsed_sec": 4.61, "ts": "2026-02-20 04:04:13"}
{"event": "BULK_START", "file": "reviews.csv", "total": 1000, "user_id": 51, "ts": "2026-02-20 06:47:03"}
{"event": "SUCCESS", "row": 2, "user_id": 51, "media_id": 95, "rating": 3, "comment": "Kept me hooked throughout", "ts": "2026-02-20 06:47:04"}
{"event": "SUCCESS", "row": 18, "user_id": 51, "media_id": 59, "rating": 5, "comment": "One of the best I have seen", "ts": "2026-02-20 06:47:04"}
{"event": "SUCCESS", "row": 6, "user_id": 51, "media_id": 4, "rating": 1, "comment": "Masterpiece of modern cinema", "ts": "2026-02-20 06:47:04"}
{"event": "SUCCESS", "row": 22, "user_id": 51, "media_id": 9, "rating": 1, "comment": "Hidden gem", "ts": "2026-02-20 06:47:04"}
{"event": "SUCCESS", "row": 5, "user_id": 51, "media_id": 76, "rating": 4, "comment": "Mind blowing experience", "ts": "2026-02-20 06:47:04"}
{"event": "SKIP", "row": 24, "media_id": 30, "reason": "already reviewed", "ts": "2026-02-20 06:47:04"}
{"event": "SUCCESS", "row": 19, "user_id": 51, "media_id": 49, "rating": 1, "comment": "Weak script", "ts": "2026-02-20 06:47:04"}
{"event": "SUCCESS", "row": 21, "user_id": 51, "media_id": 74, "rating": 2, "comment": "Dry and lifeless", "ts": "2026-02-20 06:47:04"}
{"event": "SKIP", "row": 23, "media_id": 30, "reason": "already reviewed", "ts": "2026-02-20 06:47:04"}
{"event": "SUCCESS", "row": 17, "user_id": 51, "media_id": 34, "rating": 1, "comment": "Fresh and original", "ts": "2026-02-20 06:47:04"}
{"event": "SUCCESS", "row": 26, "user_id": 51, "media_id": 47, "rating": 2, "comment": "Solid 4 out of 5", "ts": "2026-02-20 06:47:04"}
{"event": "SUCCESS", "row": 4, "user_id": 51, "media_id": 14, "rating": 5, "comment": "Must watch for everyone", "ts": "2026-02-20 06:47:04"}
{"event": "SUCCESS", "row": 31, "user_id": 51, "media_id": 60, "rating": 4, "comment": "Stunning visuals", "ts": "2026-02-20 06:47:04"}
{"event": "SUCCESS", "row": 28, "user_id": 51, "media_id": 35, "rating": 1, "comment": "Groundbreaking stuff", "ts": "2026-02-20 06:47:04"}
{"event": "SUCCESS", "row": 25, "user_id": 51, "media_id": 36, "rating": 4, "comment": "Would watch again", "ts": "2026-02-20 06:47:04"}
{"event": "SKIP", "row": 29, "media_id": 82, "reason": "already reviewed", "ts": "2026-02-20 06:47:04"}
{"event": "SKIP", "row": 32, "media_id": 82, "reason": "already reviewed", "ts": "2026-02-20 06:47:04"}
{"event": "SUCCESS", "row": 16, "user_id": 51, "media_id": 46, "rating": 3, "comment": "Groundbreaking stuff", "ts": "2026-02-20 06:47:04"}
{"event": "SKIP", "row": 36, "media_id": 35, "reason": "already reviewed", "ts": "2026-02-20 06:47:04"}
{"event": "SUCCESS", "row": 37, "user_id": 51, "media_id": 73, "rating": 3, "comment": "Masterpiece of modern cinema", "ts": "2026-02-20 06:47:04"}
{"event": "SUCCESS", "row": 35, "user_id": 51, "media_id": 5, "rating": 3, "comment": "Nothing special", "ts": "2026-02-20 06:47:04"}
{"event": "SUCCESS", "row": 30, "user_id": 51, "media_id": 94, "rating": 2, "comment": "Overrated in my opinion", "ts": "2026-02-20 06:47:04"}
{"event": "SUCCESS", "row": 38, "user_id": 51, "media_id": 84, "rating": 4, "comment": "Nothing special", "ts": "2026-02-20 06:47:04"}
{"event": "SUCCESS", "row": 3, "user_id": 51, "media_id": 29, "rating": 2, "comment": "Feels recycled", "ts": "2026-02-20 06:47:04"}
{"event": "SKIP", "row": 40, "media_id": 34, "reason": "already reviewed", "ts": "2026-02-20 06:47:04"}
{"event": "SKIP", "row": 42, "media_id": 34, "reason": "already reviewed", "ts": "2026-02-20 06:47:04"}
{"event": "SUCCESS", "row": 39, "user_id": 51, "media_id": 83, "rating": 4, "comment": "Highly recommended", "ts": "2026-02-20 06:47:04"}
{"event": "SKIP", "row": 44, "media_id": 29, "reason": "already reviewed", "ts": "2026-02-20 06:47:04"}
{"event": "SUCCESS", "row": 45, "user_id": 51, "media_id": 64, "rating": 1, "comment": "Gripping from start to finish", "ts": "2026-02-20 06:47:04"}
{"event": "SUCCESS", "row": 43, "user_id": 51, "media_id": 75, "rating": 4, "comment": "Solid 4 out of 5", "ts": "2026-02-20 06:47:04"}
{"event": "SUCCESS", "row": 46, "user_id": 51, "media_id": 7, "rating": 1, "comment": "Highly recommended", "ts": "2026-02-20 06:47:04"}
{"event": "SUCCESS", "row": 47, "user_id": 51, "media_id": 81, "rating": 2, "comment": "Overhyped trash", "ts": "2026-02-20 06:47:04"}
{"event": "SUCCESS", "row": 41, "user_id": 51, "media_id": 96, "rating": 5, "comment": "Great background score", "ts": "2026-02-20 06:47:04"}
{"event": "SUCCESS", "row": 27, "user_id": 51, "media_id": 46, "rating": 2, "comment": "Hidden gem", "ts": "2026-02-20 06:47:04"}
{"event": "SUCCESS", "row": 10, "user_id": 51, "media_id": 29, "rating": 4, "comment": "Cheesy but enjoyable", "ts": "2026-02-20 06:47:04"}
{"event": "SKIP", "row": 50, "media_id": 60, "reason": "already reviewed", "ts": "2026-02-20 06:47:04"}
{"event": "SUCCESS", "row": 48, "user_id": 51, "media_id": 55, "rating": 5, "comment": "Boring and slow paced", "ts": "2026-02-20 06:47:04"}
{"event": "SUCCESS", "row": 34, "user_id": 51, "media_id": 100, "rating": 1, "comment": "Not worth the hype", "ts": "2026-02-20 06:47:04"}
{"event": "SUCCESS", "row": 33, "user_id": 51, "media_id": 88, "rating": 3, "comment": "Lost interest halfway", "ts": "2026-02-20 06:47:04"}
{"event": "SUCCESS", "row": 14, "user_id": 51, "media_id": 98, "rating": 3, "comment": "Decent but could be better", "ts": "2026-02-20 06:47:04"}
{"event": "SUCCESS", "row": 20, "user_id": 51, "media_id": 38, "rating": 5, "comment": "Solid 4 out of 5", "ts": "2026-02-20 06:47:04"}
{"event": "SUCCESS", "row": 49, "user_id": 51, "media_id": 50, "rating": 4, "comment": "Groundbreaking stuff", "ts": "2026-02-20 06:47:04"}
{"event": "SUCCESS", "row": 15, "user_id": 51, "media_id": 12, "rating": 4, "comment": "Decent but could be better", "ts": "2026-02-20 06:47:04"}
{"event": "SUCCESS", "row": 12, "user_id": 51, "media_id": 21, "rating": 4, "comment": "Best thing I watched this year", "ts": "2026-02-20 06:47:04"}
{"event": "SUCCESS", "row": 11, "user_id": 51, "media_id": 36, "rating": 1, "comment": "Gripping from start to finish", "ts": "2026-02-20 06:47:04"}
{"event": "SUCCESS", "row": 8, "user_id": 51, "media_id": 4, "rating": 5, "comment": "Average at best", "ts": "2026-02-20 06:47:04"}
{"event": "SUCCESS", "row": 13, "user_id": 51, "media_id": 36, "rating": 2, "comment": "Masterpiece of modern cinema", "ts": "2026-02-20 06:47:04"}
{"event": "SUCCESS", "row": 1, "user_id": 51, "media_id": 82, "rating": 1, "comment": "Total waste of time", "ts": "2026-02-20 06:47:04"}
{"event": "SUCCESS", "row": 7, "user_id": 51, "media_id": 30, "rating": 5, "comment": "Groundbreaking stuff", "ts": "2026-02-20 06:47:04"}
{"event": "SUCCESS", "row": 9, "user_id": 51, "media_id": 92, "rating": 5, "comment": "Loved every minute", "ts": "2026-02-20 06:47:05"}
{"event": "SKIP", "row": 54, "media_id": 83, "reason": "already reviewed", "ts": "2026-02-20 06:47:05"}
{"event": "SKIP", "row": 69, "media_id": 98, "reason": "already reviewed", "ts": "2026-02-20 06:47:05"}
{"event": "SKIP", "row": 56, "media_id": 59, "reason": "already reviewed", "ts": "2026-02-20 06:47:05"}
{"event": "SUCCESS", "row": 60, "user_id": 51, "media_id": 65, "rating": 5, "comment": "Average at best", "ts": "2026-02-20 06:47:05"}
{"event": "SKIP", "row": 55, "media_id": 38, "reason": "already reviewed", "ts": "2026-02-20 06:47:05"}
{"event": "SUCCESS", "row": 75, "user_id": 51, "media_id": 40, "rating": 4, "comment": "Hidden gem", "ts": "2026-02-20 06:47:05"}
{"event": "SKIP", "row": 58, "media_id": 98, "reason": "already reviewed", "ts": "2026-02-20 06:47:05"}
{"event": "SKIP", "row": 72, "media_id": 34, "reason": "already reviewed", "ts": "2026-02-20 06:47:05"}
{"event": "SKIP", "row": 67, "media_id": 73, "reason": "already reviewed", "ts": "2026-02-20 06:47:05"}
{"event": "SKIP", "row": 73, "media_id": 55, "reason": "already reviewed", "ts": "2026-02-20 06:47:05"}
{"event": "SUCCESS", "row": 57, "user_id": 51, "media_id": 93, "rating": 3, "comment": "Light hearted fun", "ts": "2026-02-20 06:47:05"}
{"event": "SKIP", "row": 59, "media_id": 14, "reason": "already reviewed", "ts": "2026-02-20 06:47:05"}
{"event": "SUCCESS", "row": 63, "user_id": 51, "media_id": 68, "rating": 1, "comment": "Groundbreaking stuff", "ts": "2026-02-20 06:47:05"}
{"event": "SKIP", "row": 81, "media_id": 29, "reason": "already reviewed", "ts": "2026-02-20 06:47:05"}
{"event": "SKIP", "row": 68, "media_id": 94, "reason": "already reviewed", "ts": "2026-02-20 06:47:05"}
{"event": "SKIP", "row": 76, "media_id": 84, "reason": "already reviewed", "ts": "2026-02-20 06:47:05"}
{"event": "SKIP", "row": 62, "media_id": 21, "reason": "already reviewed", "ts": "2026-02-20 06:47:05"}
{"event": "SUCCESS", "row": 53, "user_id": 51, "media_id": 69, "rating": 3, "comment": "Lost interest halfway", "ts": "2026-02-20 06:47:05"}
{"event": "SUCCESS", "row": 84, "user_id": 51, "media_id": 10, "rating": 5, "comment": "Kept me hooked throughout", "ts": "2026-02-20 06:47:05"}
{"event": "SKIP", "row": 87, "media_id": 74, "reason": "already reviewed", "ts": "2026-02-20 06:47:05"}
{"event": "SUCCESS", "row": 66, "user_id": 51, "media_id": 31, "rating": 1, "comment": "Kept me hooked throughout", "ts": "2026-02-20 06:47:05"}
{"event": "SUCCESS", "row": 64, "user_id": 51, "media_id": 42, "rating": 4, "comment": "Total waste of time", "ts": "2026-02-20 06:47:05"}
{"event": "SUCCESS", "row": 89, "user_id": 51, "media_id": 25, "rating": 1, "comment": "Decent but could be better", "ts": "2026-02-20 06:47:05"}
{"event": "SKIP", "row": 85, "media_id": 36, "reason": "already reviewed", "ts": "2026-02-20 06:47:05"}
{"event": "SKIP", "row": 91, "media_id": 55, "reason": "already reviewed", "ts": "2026-02-20 06:47:05"}
{"event": "SKIP", "row": 92, "media_id": 94, "reason": "already reviewed", "ts": "2026-02-20 06:47:05"}
{"event": "SKIP", "row": 83, "media_id": 9, "reason": "already reviewed", "ts": "2026-02-20 06:47:05"}
{"event": "SUCCESS", "row": 65, "user_id": 51, "media_id": 15, "rating": 3, "comment": "Exceeded my expectations", "ts": "2026-02-20 06:47:05"}
{"event": "SUCCESS", "row": 52, "user_id": 51, "media_id": 93, "rating": 1, "comment": "Overhyped trash", "ts": "2026-02-20 06:47:05"}
{"event": "SKIP", "row": 97, "media_id": 55, "reason": "already reviewed", "ts": "2026-02-20 06:47:05"}
{"event": "SKIP", "row": 98, "media_id": 60, "reason": "already reviewed", "ts": "2026-02-20 06:47:05"}
{"event": "SUCCESS", "row": 74, "user_id": 51, "media_id": 97, "rating": 2, "comment": "Dry and lifeless", "ts": "2026-02-20 06:47:05"}
{"event": "SKIP", "row": 93, "media_id": 84, "reason": "already reviewed", "ts": "2026-02-20 06:47:05"}
{"event": "SKIP", "row": 96, "media_id": 69, "reason": "already reviewed", "ts": "2026-02-20 06:47:05"}
{"event": "SUCCESS", "row": 94, "user_id": 51, "media_id": 52, "rating": 3, "comment": "Decent but could be better", "ts": "2026-02-20 06:47:05"}
{"event": "SUCCESS", "row": 88, "user_id": 51, "media_id": 32, "rating": 4, "comment": "Loved every minute", "ts": "2026-02-20 06:47:05"}
{"event": "SKIP", "row": 100, "media_id": 7, "reason": "already reviewed", "ts": "2026-02-20 06:47:05"}
{"event": "SUCCESS", "row": 90, "user_id": 51, "media_id": 85, "rating": 4, "comment": "Terrible ending ruined it", "ts": "2026-02-20 06:47:05"}
{"event": "SUCCESS", "row": 77, "user_id": 51, "media_id": 67, "rating": 4, "comment": "One of the best I have seen", "ts": "2026-02-20 06:47:05"}
{"event": "SUCCESS", "row": 78, "user_id": 51, "media_id": 32, "rating": 2, "comment": "Boring and slow paced", "ts": "2026-02-20 06:47:05"}
{"event": "SUCCESS", "row": 99, "user_id": 51, "media_id": 57, "rating": 5, "comment": "Decent but could be better", "ts": "2026-02-20 06:47:05"}
{"event": "SUCCESS", "row": 61, "user_id": 51, "media_id": 20, "rating": 3, "comment": "Gripping from start to finish", "ts": "2026-02-20 06:47:05"}
{"event": "SUCCESS", "row": 80, "user_id": 51, "media_id": 71, "rating": 2, "comment": "Cheesy but enjoyable", "ts": "2026-02-20 06:47:05"}
{"event": "SUCCESS", "row": 79, "user_id": 51, "media_id": 44, "rating": 1, "comment": "Cheesy but enjoyable", "ts": "2026-02-20 06:47:05"}
{"event": "SUCCESS", "row": 70, "user_id": 51, "media_id": 17, "rating": 2, "comment": "Hidden gem", "ts": "2026-02-20 06:47:05"}
{"event": "SUCCESS", "row": 95, "user_id": 51, "media_id": 32, "rating": 2, "comment": "Average at best", "ts": "2026-02-20 06:47:05"}
{"event": "SUCCESS", "row": 71, "user_id": 51, "media_id": 61, "rating": 5, "comment": "Overrated in my opinion", "ts": "2026-02-20 06:47:05"}
{"event": "SUCCESS", "row": 82, "user_id": 51, "media_id": 91, "rating": 1, "comment": "Not worth the hype", "ts": "2026-02-20 06:47:05"}
{"event": "SUCCESS", "row": 86, "user_id": 51, "media_id": 70, "rating": 2, "comment": "Fresh and original", "ts": "2026-02-20 06:47:05"}
{"event": "SUCCESS", "row": 51, "user_id": 51, "media_id": 71, "rating": 1, "comment": "Overhyped trash", "ts": "2026-02-20 06:47:06"}
{"event": "SKIP", "row": 101, "media_id": 12, "reason": "already reviewed", "ts": "2026-02-20 06:47:06"}
{"event": "SKIP", "row": 105, "media_id": 50, "reason": "already reviewed", "ts": "2026-02-20 06:47:06"}
{"event": "SKIP", "row": 108, "media_id": 92, "reason": "already reviewed", "ts": "2026-02-20 06:47:06"}
{"event": "SKIP", "row": 113, "media_id": 75, "reason": "already reviewed", "ts": "2026-02-20 06:47:06"}
{"event": "SKIP", "row": 107, "media_id": 94, "reason": "already reviewed", "ts": "2026-02-20 06:47:06"}
{"event": "SUCCESS", "row": 115, "user_id": 51, "media_id": 66, "rating": 1, "comment": "Brilliant direction", "ts": "2026-02-20 06:47:06"}
{"event": "SKIP", "row": 109, "media_id": 25, "reason": "already reviewed", "ts": "2026-02-20 06:47:06"}
{"event": "SKIP", "row": 127, "media_id": 59, "reason": "already reviewed", "ts": "2026-02-20 06:47:06"}
{"event": "SUCCESS", "row": 125, "user_id": 51, "media_id": 86, "rating": 3, "comment": "Mediocre at best", "ts": "2026-02-20 06:47:06"}
{"event": "SUCCESS", "row": 126, "user_id": 51, "media_id": 41, "rating": 1, "comment": "Absolutely loved it", "ts": "2026-02-20 06:47:06"}
{"event": "SKIP", "row": 121, "media_id": 85, "reason": "already reviewed", "ts": "2026-02-20 06:47:06"}
{"event": "SKIP", "row": 119, "media_id": 75, "reason": "already reviewed", "ts": "2026-02-20 06:47:06"}
{"event": "SKIP", "row": 122, "media_id": 67, "reason": "already reviewed", "ts": "2026-02-20 06:47:06"}
{"event": "SKIP", "row": 116, "media_id": 9, "reason": "already reviewed", "ts": "2026-02-20 06:47:06"}
{"event": "SKIP", "row": 112, "media_id": 41, "reason": "already reviewed", "ts": "2026-02-20 06:47:06"}
{"event": "SUCCESS", "row": 102, "user_id": 51, "media_id": 53, "rating": 4, "comment": "Funny and entertaining", "ts": "2026-02-20 06:47:06"}
{"event": "SKIP", "row": 130, "media_id": 17, "reason": "already reviewed", "ts": "2026-02-20 06:47:06"}
{"event": "SKIP", "row": 124, "media_id": 34, "reason": "already reviewed", "ts": "2026-02-20 06:47:06"}
{"event": "SKIP", "row": 135, "media_id": 86, "reason": "already reviewed", "ts": "2026-02-20 06:47:06"}
{"event": "SKIP", "row": 114, "media_id": 68, "reason": "already reviewed", "ts": "2026-02-20 06:47:06"}
{"event": "SKIP", "row": 136, "media_id": 85, "reason": "already reviewed", "ts": "2026-02-20 06:47:06"}
{"event": "SUCCESS", "row": 120, "user_id": 51, "media_id": 80, "rating": 1, "comment": "Loved every minute", "ts": "2026-02-20 06:47:06"}
{"event": "SKIP", "row": 111, "media_id": 70, "reason": "already reviewed", "ts": "2026-02-20 06:47:06"}
{"event": "SKIP", "row": 137, "media_id": 34, "reason": "already reviewed", "ts": "2026-02-20 06:47:06"}
{"event": "SKIP", "row": 139, "media_id": 35, "reason": "already reviewed", "ts": "2026-02-20 06:47:06"}
{"event": "SKIP", "row": 133, "media_id": 91, "reason": "already reviewed", "ts": "2026-02-20 06:47:06"}
{"event": "SUCCESS", "row": 106, "user_id": 51, "media_id": 37, "rating": 4, "comment": "Emotional rollercoaster", "ts": "2026-02-20 06:47:06"}
{"event": "SKIP", "row": 132, "media_id": 21, "reason": "already reviewed", "ts": "2026-02-20 06:47:06"}
{"event": "SKIP", "row": 140, "media_id": 27, "reason": "already reviewed", "ts": "2026-02-20 06:47:06"}
{"event": "SKIP", "row": 134, "media_id": 84, "reason": "already reviewed", "ts": "2026-02-20 06:47:06"}
{"event": "SUCCESS", "row": 128, "user_id": 51, "media_id": 13, "rating": 1, "comment": "Great background score", "ts": "2026-02-20 06:47:06"}
{"event": "SKIP", "row": 148, "media_id": 55, "reason": "already reviewed", "ts": "2026-02-20 06:47:06"}
{"event": "SKIP", "row": 149, "media_id": 15, "reason": "already reviewed", "ts": "2026-02-20 06:47:06"}
{"event": "SKIP", "row": 150, "media_id": 20, "reason": "already reviewed", "ts": "2026-02-20 06:47:06"}
{"event": "SKIP", "row": 143, "media_id": 12, "reason": "already reviewed", "ts": "2026-02-20 06:47:06"}
{"event": "SKIP", "row": 147, "media_id": 57, "reason": "already reviewed", "ts": "2026-02-20 06:47:06"}
{"event": "SUCCESS", "row": 104, "user_id": 51, "media_id": 22, "rating": 4, "comment": "Absolutely loved it", "ts": "2026-02-20 06:47:06"}
{"event": "SKIP", "row": 131, "media_id": 32, "reason": "already reviewed", "ts": "2026-02-20 06:47:06"}
{"event": "SKIP", "row": 141, "media_id": 88, "reason": "already reviewed", "ts": "2026-02-20 06:47:06"}
{"event": "SUCCESS", "row": 118, "user_id": 51, "media_id": 16, "rating": 5, "comment": "Kept me hooked throughout", "ts": "2026-02-20 06:47:06"}
{"event": "SUCCESS", "row": 117, "user_id": 51, "media_id": 87, "rating": 2, "comment": "Nothing special", "ts": "2026-02-20 06:47:06"}
{"event": "SKIP", "row": 146, "media_id": 34, "reason": "already reviewed", "ts": "2026-02-20 06:47:06"}
{"event": "SUCCESS", "row": 103, "user_id": 51, "media_id": 28, "rating": 4, "comment": "Great storyline and acting", "ts": "2026-02-20 06:47:06"}
{"event": "SUCCESS", "row": 144, "user_id": 51, "media_id": 6, "rating": 1, "comment": "Best thing I watched this year", "ts": "2026-02-20 06:47:06"}
{"event": "SKIP", "row": 138, "media_id": 96, "reason": "already reviewed", "ts": "2026-02-20 06:47:06"}
{"event": "SUCCESS", "row": 145, "user_id": 51, "media_id": 99, "rating": 2, "comment": "Would watch again", "ts": "2026-02-20 06:47:06"}
{"event": "SUCCESS", "row": 129, "user_id": 51, "media_id": 28, "rating": 5, "comment": "Predictable plot but fun", "ts": "2026-02-20 06:47:06"}
{"event": "SUCCESS", "row": 123, "user_id": 51, "media_id": 27, "rating": 3, "comment": "Kept me hooked throughout", "ts": "2026-02-20 06:47:06"}
{"event": "SUCCESS", "row": 142, "user_id": 51, "media_id": 63, "rating": 3, "comment": "Great storyline and acting", "ts": "2026-02-20 06:47:06"}
{"event": "SUCCESS", "row": 110, "user_id": 51, "media_id": 8, "rating": 5, "comment": "Feels recycled", "ts": "2026-02-20 06:47:06"}
{"event": "SKIP", "row": 162, "media_id": 95, "reason": "already reviewed", "ts": "2026-02-20 06:47:06"}
{"event": "SKIP", "row": 159, "media_id": 21, "reason": "already reviewed", "ts": "2026-02-20 06:47:06"}
{"event": "SKIP", "row": 155, "media_id": 88, "reason": "already reviewed", "ts": "2026-02-20 06:47:06"}
{"event": "SKIP", "row": 153, "media_id": 6, "reason": "already reviewed", "ts": "2026-02-20 06:47:06"}
{"event": "SUCCESS", "row": 151, "user_id": 51, "media_id": 48, "rating": 5, "comment": "Weak script", "ts": "2026-02-20 06:47:06"}
{"event": "SKIP", "row": 172, "media_id": 4, "reason": "already reviewed", "ts": "2026-02-20 06:47:06"}
{"event": "SKIP", "row": 164, "media_id": 5, "reason": "already reviewed", "ts": "2026-02-20 06:47:06"}
{"event": "SKIP", "row": 170, "media_id": 83, "reason": "already reviewed", "ts": "2026-02-20 06:47:06"}
{"event": "SKIP", "row": 160, "media_id": 4, "reason": "already reviewed", "ts": "2026-02-20 06:47:06"}
{"event": "SKIP", "row": 169, "media_id": 99, "reason": "already reviewed", "ts": "2026-02-20 06:47:06"}
{"event": "SKIP", "row": 174, "media_id": 5, "reason": "already reviewed", "ts": "2026-02-20 06:47:06"}
{"event": "SKIP", "row": 158, "media_id": 96, "reason": "already reviewed", "ts": "2026-02-20 06:47:06"}
{"event": "SKIP", "row": 167, "media_id": 4, "reason": "already reviewed", "ts": "2026-02-20 06:47:06"}
{"event": "SUCCESS", "row": 173, "user_id": 51, "media_id": 23, "rating": 5, "comment": "Predictable plot but fun", "ts": "2026-02-20 06:47:06"}
{"event": "SKIP", "row": 176, "media_id": 41, "reason": "already reviewed", "ts": "2026-02-20 06:47:06"}
{"event": "SUCCESS", "row": 185, "user_id": 51, "media_id": 39, "rating": 5, "comment": "Exceeded my expectations", "ts": "2026-02-20 06:47:06"}
{"event": "SKIP", "row": 180, "media_id": 67, "reason": "already reviewed", "ts": "2026-02-20 06:47:06"}
{"event": "SKIP", "row": 184, "media_id": 85, "reason": "already reviewed", "ts": "2026-02-20 06:47:06"}
{"event": "SUCCESS", "row": 182, "user_id": 51, "media_id": 56, "rating": 1, "comment": "Hidden gem", "ts": "2026-02-20 06:47:06"}
{"event": "SKIP", "row": 186, "media_id": 86, "reason": "already reviewed", "ts": "2026-02-20 06:47:06"}
{"event": "SKIP", "row": 190, "media_id": 96, "reason": "already reviewed", "ts": "2026-02-20 06:47:06"}
{"event": "SKIP", "row": 191, "media_id": 73, "reason": "already reviewed", "ts": "2026-02-20 06:47:06"}
{"event": "SKIP", "row": 163, "media_id": 21, "reason": "already reviewed", "ts": "2026-02-20 06:47:06"}
{"event": "SKIP", "row": 178, "media_id": 74, "reason": "already reviewed", "ts": "2026-02-20 06:47:06"}
{"event": "SKIP", "row": 156, "media_id": 14, "reason": "already reviewed", "ts": "2026-02-20 06:47:06"}
{"event": "SKIP", "row": 154, "media_id": 6, "reason": "already reviewed", "ts": "2026-02-20 06:47:06"}
{"event": "SKIP", "row": 179, "media_id": 6, "reason": "already reviewed", "ts": "2026-02-20 06:47:06"}
{"event": "SKIP", "row": 175, "media_id": 56, "reason": "already reviewed", "ts": "2026-02-20 06:47:06"}
{"event": "SKIP", "row": 177, "media_id": 66, "reason": "already reviewed", "ts": "2026-02-20 06:47:06"}
{"event": "SKIP", "row": 192, "media_id": 71, "reason": "already reviewed", "ts": "2026-02-20 06:47:06"}
{"event": "SKIP", "row": 181, "media_id": 93, "reason": "already reviewed", "ts": "2026-02-20 06:47:06"}
{"event": "SUCCESS", "row": 165, "user_id": 51, "media_id": 26, "rating": 4, "comment": "Terrible ending ruined it", "ts": "2026-02-20 06:47:06"}
{"event": "SKIP", "row": 193, "media_id": 37, "reason": "already reviewed", "ts": "2026-02-20 06:47:06"}
{"event": "SKIP", "row": 171, "media_id": 87, "reason": "already reviewed", "ts": "2026-02-20 06:47:06"}
{"event": "SKIP", "row": 189, "media_id": 86, "reason": "already reviewed", "ts": "2026-02-20 06:47:06"}
{"event": "SUCCESS", "row": 198, "user_id": 51, "media_id": 11, "rating": 3, "comment": "Light hearted fun", "ts": "2026-02-20 06:47:06"}
{"event": "SKIP", "row": 196, "media_id": 57, "reason": "already reviewed", "ts": "2026-02-20 06:47:06"}
{"event": "SKIP", "row": 166, "media_id": 40, "reason": "already reviewed", "ts": "2026-02-20 06:47:06"}
{"event": "SKIP", "row": 197, "media_id": 61, "reason": "already reviewed", "ts": "2026-02-20 06:47:06"}
{"event": "SKIP", "row": 194, "media_id": 75, "reason": "already reviewed", "ts": "2026-02-20 06:47:06"}
{"event": "SUCCESS", "row": 161, "user_id": 51, "media_id": 43, "rating": 4, "comment": "Hidden gem", "ts": "2026-02-20 06:47:06"}
{"event": "SKIP", "row": 195, "media_id": 42, "reason": "already reviewed", "ts": "2026-02-20 06:47:06"}
{"event": "SKIP", "row": 187, "media_id": 52, "reason": "already reviewed", "ts": "2026-02-20 06:47:06"}
{"event": "SKIP", "row": 199, "media_id": 85, "reason": "already reviewed", "ts": "2026-02-20 06:47:06"}
{"event": "SKIP", "row": 183, "media_id": 43, "reason": "already reviewed", "ts": "2026-02-20 06:47:06"}
{"event": "SUCCESS", "row": 168, "user_id": 51, "media_id": 43, "rating": 3, "comment": "Boring and slow paced", "ts": "2026-02-20 06:47:06"}
{"event": "SKIP", "row": 188, "media_id": 17, "reason": "already reviewed", "ts": "2026-02-20 06:47:06"}
{"event": "SUCCESS", "row": 152, "user_id": 51, "media_id": 19, "rating": 4, "comment": "Very disappointing", "ts": "2026-02-20 06:47:06"}
{"event": "SKIP", "row": 200, "media_id": 12, "reason": "already reviewed", "ts": "2026-02-20 06:47:06"}
{"event": "SUCCESS", "row": 157, "user_id": 51, "media_id": 72, "rating": 4, "comment": "Not my cup of tea", "ts": "2026-02-20 06:47:06"}
{"event": "SKIP", "row": 206, "media_id": 92, "reason": "already reviewed", "ts": "2026-02-20 06:47:06"}
{"event": "SKIP", "row": 202, "media_id": 19, "reason": "already reviewed", "ts": "2026-02-20 06:47:06"}
{"event": "SKIP", "row": 203, "media_id": 32, "reason": "already reviewed", "ts": "2026-02-20 06:47:06"}
{"event": "SKIP", "row": 204, "media_id": 99, "reason": "already reviewed", "ts": "2026-02-20 06:47:06"}
{"event": "SKIP", "row": 217, "media_id": 65, "reason": "already reviewed", "ts": "2026-02-20 06:47:06"}
{"event": "SKIP", "row": 201, "media_id": 40, "reason": "already reviewed", "ts": "2026-02-20 06:47:06"}
{"event": "SKIP", "row": 208, "media_id": 84, "reason": "already reviewed", "ts": "2026-02-20 06:47:06"}
{"event": "SKIP", "row": 221, "media_id": 36, "reason": "already reviewed", "ts": "2026-02-20 06:47:06"}
{"event": "SKIP", "row": 207, "media_id": 52, "reason": "already reviewed", "ts": "2026-02-20 06:47:06"}
{"event": "SKIP", "row": 220, "media_id": 97, "reason": "already reviewed", "ts": "2026-02-20 06:47:06"}
{"event": "SKIP", "row": 223, "media_id": 57, "reason": "already reviewed", "ts": "2026-02-20 06:47:06"}
{"event": "SKIP", "row": 213, "media_id": 16, "reason": "already reviewed", "ts": "2026-02-20 06:47:06"}
{"event": "SKIP", "row": 222, "media_id": 81, "reason": "already reviewed", "ts": "2026-02-20 06:47:06"}
{"event": "SKIP", "row": 214, "media_id": 60, "reason": "already reviewed", "ts": "2026-02-20 06:47:06"}
{"event": "SKIP", "row": 224, "media_id": 37, "reason": "already reviewed", "ts": "2026-02-20 06:47:06"}
{"event": "SUCCESS", "row": 218, "user_id": 51, "media_id": 58, "rating": 2, "comment": "Feels recycled", "ts": "2026-02-20 06:47:06"}
{"event": "SKIP", "row": 212, "media_id": 7, "reason": "already reviewed", "ts": "2026-02-20 06:47:06"}
{"event": "SKIP", "row": 209, "media_id": 99, "reason": "already reviewed", "ts": "2026-02-20 06:47:06"}
{"event": "SKIP", "row": 225, "media_id": 43, "reason": "already reviewed", "ts": "2026-02-20 06:47:06"}
{"event": "SKIP", "row": 228, "media_id": 20, "reason": "already reviewed", "ts": "2026-02-20 06:47:06"}
{"event": "SKIP", "row": 210, "media_id": 55, "reason": "already reviewed", "ts": "2026-02-20 06:47:06"}
{"event": "SKIP", "row": 216, "media_id": 57, "reason": "already reviewed", "ts": "2026-02-20 06:47:06"}
{"event": "SKIP", "row": 230, "media_id": 70, "reason": "already reviewed", "ts": "2026-02-20 06:47:06"}
{"event": "SUCCESS", "row": 215, "user_id": 51, "media_id": 77, "rating": 3, "comment": "Gripping from start to finish", "ts": "2026-02-20 06:47:06"}
{"event": "SKIP", "row": 232, "media_id": 50, "reason": "already reviewed", "ts": "2026-02-20 06:47:06"}
{"event": "SKIP", "row": 235, "media_id": 39, "reason": "already reviewed", "ts": "2026-02-20 06:47:06"}
{"event": "SUCCESS", "row": 229, "user_id": 51, "media_id": 54, "rating": 4, "comment": "Best thing I watched this year", "ts": "2026-02-20 06:47:06"}
{"event": "SKIP", "row": 244, "media_id": 85, "reason": "already reviewed", "ts": "2026-02-20 06:47:06"}
{"event": "SKIP", "row": 238, "media_id": 35, "reason": "already reviewed", "ts": "2026-02-20 06:47:06"}
{"event": "SKIP", "row": 236, "media_id": 69, "reason": "already reviewed", "ts": "2026-02-20 06:47:06"}
{"event": "SKIP", "row": 231, "media_id": 8, "reason": "already reviewed", "ts": "2026-02-20 06:47:06"}
{"event": "SKIP", "row": 242, "media_id": 80, "reason": "already reviewed", "ts": "2026-02-20 06:47:06"}
{"event": "SKIP", "row": 227, "media_id": 30, "reason": "already reviewed", "ts": "2026-02-20 06:47:06"}
{"event": "SKIP", "row": 246, "media_id": 60, "reason": "already reviewed", "ts": "2026-02-20 06:47:06"}
{"event": "SUCCESS", "row": 233, "user_id": 51, "media_id": 3, "rating": 5, "comment": "Surprisingly good", "ts": "2026-02-20 06:47:06"}
{"event": "SKIP", "row": 219, "media_id": 61, "reason": "already reviewed", "ts": "2026-02-20 06:47:06"}
{"event": "SKIP", "row": 239, "media_id": 4, "reason": "already reviewed", "ts": "2026-02-20 06:47:06"}
{"event": "SKIP", "row": 250, "media_id": 97, "reason": "already reviewed", "ts": "2026-02-20 06:47:06"}
{"event": "SKIP", "row": 247, "media_id": 34, "reason": "already reviewed", "ts": "2026-02-20 06:47:06"}
{"event": "SKIP", "row": 248, "media_id": 28, "reason": "already reviewed", "ts": "2026-02-20 06:47:06"}
{"event": "SUCCESS", "row": 211, "user_id": 51, "media_id": 90, "rating": 5, "comment": "Mediocre at best", "ts": "2026-02-20 06:47:06"}
{"event": "SKIP", "row": 245, "media_id": 83, "reason": "already reviewed", "ts": "2026-02-20 06:47:06"}
{"event": "SKIP", "row": 226, "media_id": 11, "reason": "already reviewed", "ts": "2026-02-20 06:47:06"}
{"event": "SKIP", "row": 240, "media_id": 86, "reason": "already reviewed", "ts": "2026-02-20 06:47:06"}
{"event": "SKIP", "row": 237, "media_id": 29, "reason": "already reviewed", "ts": "2026-02-20 06:47:06"}
{"event": "SUCCESS", "row": 243, "user_id": 51, "media_id": 51, "rating": 5, "comment": "Incredible performance by the lead", "ts": "2026-02-20 06:47:07"}
{"event": "SKIP", "row": 249, "media_id": 44, "reason": "already reviewed", "ts": "2026-02-20 06:47:07"}
{"event": "SUCCESS", "row": 234, "user_id": 51, "media_id": 62, "rating": 1, "comment": "Terrible ending ruined it", "ts": "2026-02-20 06:47:07"}
{"event": "SUCCESS", "row": 205, "user_id": 51, "media_id": 54, "rating": 5, "comment": "Average at best", "ts": "2026-02-20 06:47:07"}
{"event": "SKIP", "row": 241, "media_id": 22, "reason": "already reviewed", "ts": "2026-02-20 06:47:07"}
{"event": "SKIP", "row": 262, "media_id": 92, "reason": "already reviewed", "ts": "2026-02-20 06:47:07"}
{"event": "SKIP", "row": 268, "media_id": 90, "reason": "already reviewed", "ts": "2026-02-20 06:47:07"}
{"event": "SKIP", "row": 269, "media_id": 77, "reason": "already reviewed", "ts": "2026-02-20 06:47:07"}
{"event": "SKIP", "row": 251, "media_id": 11, "reason": "already reviewed", "ts": "2026-02-20 06:47:07"}
{"event": "SKIP", "row": 256, "media_id": 3, "reason": "already reviewed", "ts": "2026-02-20 06:47:07"}
{"event": "SKIP", "row": 252, "media_id": 96, "reason": "already reviewed", "ts": "2026-02-20 06:47:07"}
{"event": "SKIP", "row": 259, "media_id": 28, "reason": "already reviewed", "ts": "2026-02-20 06:47:07"}
{"event": "SKIP", "row": 255, "media_id": 4, "reason": "already reviewed", "ts": "2026-02-20 06:47:07"}
{"event": "SKIP", "row": 266, "media_id": 92, "reason": "already reviewed", "ts": "2026-02-20 06:47:07"}
{"event": "SKIP", "row": 270, "media_id": 6, "reason": "already reviewed", "ts": "2026-02-20 06:47:07"}
{"event": "SKIP", "row": 267, "media_id": 76, "reason": "already reviewed", "ts": "2026-02-20 06:47:07"}
{"event": "SKIP", "row": 271, "media_id": 55, "reason": "already reviewed", "ts": "2026-02-20 06:47:07"}
{"event": "SKIP", "row": 263, "media_id": 21, "reason": "already reviewed", "ts": "2026-02-20 06:47:07"}
{"event": "SKIP", "row": 257, "media_id": 31, "reason": "already reviewed", "ts": "2026-02-20 06:47:07"}
{"event": "SKIP", "row": 276, "media_id": 23, "reason": "already reviewed", "ts": "2026-02-20 06:47:07"}
{"event": "SKIP", "row": 278, "media_id": 100, "reason": "already reviewed", "ts": "2026-02-20 06:47:07"}
{"event": "SKIP", "row": 254, "media_id": 9, "reason": "already reviewed", "ts": "2026-02-20 06:47:07"}
{"event": "SKIP", "row": 258, "media_id": 86, "reason": "already reviewed", "ts": "2026-02-20 06:47:07"}
{"event": "SKIP", "row": 274, "media_id": 56, "reason": "already reviewed", "ts": "2026-02-20 06:47:07"}
{"event": "SKIP", "row": 277, "media_id": 35, "reason": "already reviewed", "ts": "2026-02-20 06:47:07"}
{"event": "SKIP", "row": 265, "media_id": 74, "reason": "already reviewed", "ts": "2026-02-20 06:47:07"}
{"event": "SKIP", "row": 273, "media_id": 54, "reason": "already reviewed", "ts": "2026-02-20 06:47:07"}
{"event": "SKIP", "row": 275, "media_id": 59, "reason": "already reviewed", "ts": "2026-02-20 06:47:07"}
{"event": "SUCCESS", "row": 260, "user_id": 51, "media_id": 33, "rating": 3, "comment": "Overrated in my opinion", "ts": "2026-02-20 06:47:07"}
{"event": "SKIP", "row": 292, "media_id": 61, "reason": "already reviewed", "ts": "2026-02-20 06:47:07"}
{"event": "SKIP", "row": 293, "media_id": 3, "reason": "already reviewed", "ts": "2026-02-20 06:47:07"}
{"event": "SKIP", "row": 289, "media_id": 67, "reason": "already reviewed", "ts": "2026-02-20 06:47:07"}
{"event": "SKIP", "row": 290, "media_id": 31, "reason": "already reviewed", "ts": "2026-02-20 06:47:07"}
{"event": "SKIP", "row": 298, "media_id": 55, "reason": "already reviewed", "ts": "2026-02-20 06:47:07"}
{"event": "SKIP", "row": 294, "media_id": 29, "reason": "already reviewed", "ts": "2026-02-20 06:47:07"}
{"event": "SKIP", "row": 295, "media_id": 32, "reason": "already reviewed", "ts": "2026-02-20 06:47:07"}
{"event": "SKIP", "row": 296, "media_id": 75, "reason": "already reviewed", "ts": "2026-02-20 06:47:07"}
{"event": "SKIP", "row": 297, "media_id": 71, "reason": "already reviewed", "ts": "2026-02-20 06:47:07"}
{"event": "SKIP", "row": 291, "media_id": 72, "reason": "already reviewed", "ts": "2026-02-20 06:47:07"}
{"event": "SKIP", "row": 299, "media_id": 46, "reason": "already reviewed", "ts": "2026-02-20 06:47:07"}
{"event": "SKIP", "row": 300, "media_id": 40, "reason": "already reviewed", "ts": "2026-02-20 06:47:07"}
{"event": "SKIP", "row": 286, "media_id": 46, "reason": "already reviewed", "ts": "2026-02-20 06:47:07"}
{"event": "SKIP", "row": 279, "media_id": 56, "reason": "already reviewed", "ts": "2026-02-20 06:47:07"}
{"event": "SKIP", "row": 287, "media_id": 36, "reason": "already reviewed", "ts": "2026-02-20 06:47:07"}
{"event": "SKIP", "row": 284, "media_id": 4, "reason": "already reviewed", "ts": "2026-02-20 06:47:07"}
{"event": "SUCCESS", "row": 253, "user_id": 51, "media_id": 45, "rating": 2, "comment": "Once is enough", "ts": "2026-02-20 06:47:07"}
{"event": "SKIP", "row": 272, "media_id": 65, "reason": "already reviewed", "ts": "2026-02-20 06:47:07"}
{"event": "SKIP", "row": 282, "media_id": 97, "reason": "already reviewed", "ts": "2026-02-20 06:47:07"}
{"event": "SKIP", "row": 280, "media_id": 42, "reason": "already reviewed", "ts": "2026-02-20 06:47:07"}
{"event": "SKIP", "row": 288, "media_id": 36, "reason": "already reviewed", "ts": "2026-02-20 06:47:07"}
{"event": "SUCCESS", "row": 285, "user_id": 51, "media_id": 24, "rating": 4, "comment": "Masterpiece of modern cinema", "ts": "2026-02-20 06:47:07"}
{"event": "SKIP", "row": 264, "media_id": 75, "reason": "already reviewed", "ts": "2026-02-20 06:47:07"}
{"event": "SUCCESS", "row": 261, "user_id": 51, "media_id": 78, "rating": 5, "comment": "Feels recycled", "ts": "2026-02-20 06:47:07"}
{"event": "SKIP", "row": 281, "media_id": 36, "reason": "already reviewed", "ts": "2026-02-20 06:47:07"}
{"event": "SUCCESS", "row": 283, "user_id": 51, "media_id": 79, "rating": 4, "comment": "Best thing I watched this year", "ts": "2026-02-20 06:47:07"}
{"event": "SKIP", "row": 304, "media_id": 28, "reason": "already reviewed", "ts": "2026-02-20 06:47:07"}
{"event": "SKIP", "row": 301, "media_id": 16, "reason": "already reviewed", "ts": "2026-02-20 06:47:07"}
{"event": "SKIP", "row": 308, "media_id": 30, "reason": "already reviewed", "ts": "2026-02-20 06:47:07"}
{"event": "SKIP", "row": 305, "media_id": 93, "reason": "already reviewed", "ts": "2026-02-20 06:47:07"}
{"event": "SKIP", "row": 311, "media_id": 6, "reason": "already reviewed", "ts": "2026-02-20 06:47:07"}
{"event": "SKIP", "row": 317, "media_id": 33, "reason": "already reviewed", "ts": "2026-02-20 06:47:07"}
{"event": "SKIP", "row": 307, "media_id": 13, "reason": "already reviewed", "ts": "2026-02-20 06:47:07"}
{"event": "SKIP", "row": 310, "media_id": 69, "reason": "already reviewed", "ts": "2026-02-20 06:47:07"}
{"event": "SKIP", "row": 319, "media_id": 10, "reason": "already reviewed", "ts": "2026-02-20 06:47:07"}
{"event": "SKIP", "row": 320, "media_id": 88, "reason": "already reviewed", "ts": "2026-02-20 06:47:07"}
{"event": "SKIP", "row": 313, "media_id": 97, "reason": "already reviewed", "ts": "2026-02-20 06:47:07"}
{"event": "SKIP", "row": 325, "media_id": 100, "reason": "already reviewed", "ts": "2026-02-20 06:47:07"}
{"event": "SKIP", "row": 318, "media_id": 9, "reason": "already reviewed", "ts": "2026-02-20 06:47:07"}
{"event": "SKIP", "row": 322, "media_id": 11, "reason": "already reviewed", "ts": "2026-02-20 06:47:07"}
{"event": "SKIP", "row": 324, "media_id": 77, "reason": "already reviewed", "ts": "2026-02-20 06:47:07"}
{"event": "SKIP", "row": 323, "media_id": 72, "reason": "already reviewed", "ts": "2026-02-20 06:47:07"}
{"event": "SKIP", "row": 330, "media_id": 27, "reason": "already reviewed", "ts": "2026-02-20 06:47:07"}
{"event": "SKIP", "row": 315, "media_id": 61, "reason": "already reviewed", "ts": "2026-02-20 06:47:07"}
{"event": "SKIP", "row": 309, "media_id": 39, "reason": "already reviewed", "ts": "2026-02-20 06:47:07"}
{"event": "SKIP", "row": 327, "media_id": 76, "reason": "already reviewed", "ts": "2026-02-20 06:47:07"}
{"event": "SKIP", "row": 302, "media_id": 16, "reason": "already reviewed", "ts": "2026-02-20 06:47:07"}
{"event": "SKIP", "row": 328, "media_id": 73, "reason": "already reviewed", "ts": "2026-02-20 06:47:07"}
{"event": "SKIP", "row": 333, "media_id": 10, "reason": "already reviewed", "ts": "2026-02-20 06:47:07"}
{"event": "SKIP", "row": 326, "media_id": 58, "reason": "already reviewed", "ts": "2026-02-20 06:47:07"}
{"event": "SUCCESS", "row": 303, "user_id": 51, "media_id": 89, "rating": 2, "comment": "Average at best", "ts": "2026-02-20 06:47:07"}
{"event": "SKIP", "row": 342, "media_id": 83, "reason": "already reviewed", "ts": "2026-02-20 06:47:07"}
{"event": "SKIP", "row": 343, "media_id": 19, "reason": "already reviewed", "ts": "2026-02-20 06:47:07"}
{"event": "SKIP", "row": 344, "media_id": 22, "reason": "already reviewed", "ts": "2026-02-20 06:47:07"}
{"event": "SKIP", "row": 329, "media_id": 79, "reason": "already reviewed", "ts": "2026-02-20 06:47:07"}
{"event": "SKIP", "row": 341, "media_id": 15, "reason": "already reviewed", "ts": "2026-02-20 06:47:07"}
{"event": "SKIP", "row": 321, "media_id": 20, "reason": "already reviewed", "ts": "2026-02-20 06:47:07"}
{"event": "SKIP", "row": 332, "media_id": 31, "reason": "already reviewed", "ts": "2026-02-20 06:47:07"}
{"event": "SKIP", "row": 334, "media_id": 53, "reason": "already reviewed", "ts": "2026-02-20 06:47:07"}
{"event": "SKIP", "row": 335, "media_id": 77, "reason": "already reviewed", "ts": "2026-02-20 06:47:07"}
{"event": "SKIP", "row": 306, "media_id": 68, "reason": "already reviewed", "ts": "2026-02-20 06:47:07"}
{"event": "SKIP", "row": 312, "media_id": 38, "reason": "already reviewed", "ts": "2026-02-20 06:47:07"}
{"event": "SKIP", "row": 339, "media_id": 30, "reason": "already reviewed", "ts": "2026-02-20 06:47:07"}
{"event": "SKIP", "row": 331, "media_id": 85, "reason": "already reviewed", "ts": "2026-02-20 06:47:07"}
{"event": "SKIP", "row": 338, "media_id": 59, "reason": "already reviewed", "ts": "2026-02-20 06:47:07"}
{"event": "SKIP", "row": 345, "media_id": 96, "reason": "already reviewed", "ts": "2026-02-20 06:47:07"}
{"event": "SKIP", "row": 349, "media_id": 70, "reason": "already reviewed", "ts": "2026-02-20 06:47:07"}
{"event": "SKIP", "row": 350, "media_id": 11, "reason": "already reviewed", "ts": "2026-02-20 06:47:07"}
{"event": "SKIP", "row": 347, "media_id": 89, "reason": "already reviewed", "ts": "2026-02-20 06:47:07"}
{"event": "SKIP", "row": 346, "media_id": 57, "reason": "already reviewed", "ts": "2026-02-20 06:47:07"}
{"event": "SKIP", "row": 348, "media_id": 52, "reason": "already reviewed", "ts": "2026-02-20 06:47:07"}
{"event": "SKIP", "row": 316, "media_id": 44, "reason": "already reviewed", "ts": "2026-02-20 06:47:07"}
{"event": "SKIP", "row": 336, "media_id": 5, "reason": "already reviewed", "ts": "2026-02-20 06:47:07"}
{"event": "SKIP", "row": 337, "media_id": 91, "reason": "already reviewed", "ts": "2026-02-20 06:47:07"}
{"event": "SKIP", "row": 340, "media_id": 76, "reason": "already reviewed", "ts": "2026-02-20 06:47:07"}
{"event": "SKIP", "row": 314, "media_id": 2, "reason": "already reviewed", "ts": "2026-02-20 06:47:07"}
{"event": "SKIP", "row": 354, "media_id": 3, "reason": "already reviewed", "ts": "2026-02-20 06:47:07"}
{"event": "SKIP", "row": 352, "media_id": 33, "reason": "already reviewed", "ts": "2026-02-20 06:47:07"}
{"event": "SKIP", "row": 356, "media_id": 67, "reason": "already reviewed", "ts": "2026-02-20 06:47:07"}
{"event": "SKIP", "row": 368, "media_id": 85, "reason": "already reviewed", "ts": "2026-02-20 06:47:07"}
{"event": "SKIP", "row": 359, "media_id": 61, "reason": "already reviewed", "ts": "2026-02-20 06:47:07"}
{"event": "SKIP", "row": 367, "media_id": 52, "reason": "already reviewed", "ts": "2026-02-20 06:47:07"}
{"event": "SKIP", "row": 351, "media_id": 56, "reason": "already reviewed", "ts": "2026-02-20 06:47:07"}
{"event": "SKIP", "row": 363, "media_id": 85, "reason": "already reviewed", "ts": "2026-02-20 06:47:07"}
{"event": "SKIP", "row": 357, "media_id": 24, "reason": "already reviewed", "ts": "2026-02-20 06:47:07"}
{"event": "SKIP", "row": 355, "media_id": 6, "reason": "already reviewed", "ts": "2026-02-20 06:47:07"}
{"event": "SKIP", "row": 371, "media_id": 97, "reason": "already reviewed", "ts": "2026-02-20 06:47:07"}
{"event": "SKIP", "row": 369, "media_id": 53, "reason": "already reviewed", "ts": "2026-02-20 06:47:07"}
{"event": "SKIP", "row": 365, "media_id": 12, "reason": "already reviewed", "ts": "2026-02-20 06:47:07"}
{"event": "SKIP", "row": 362, "media_id": 53, "reason": "already reviewed", "ts": "2026-02-20 06:47:07"}
{"event": "SKIP", "row": 361, "media_id": 14, "reason": "already reviewed", "ts": "2026-02-20 06:47:07"}
{"event": "SKIP", "row": 374, "media_id": 37, "reason": "already reviewed", "ts": "2026-02-20 06:47:07"}
{"event": "SKIP", "row": 377, "media_id": 91, "reason": "already reviewed", "ts": "2026-02-20 06:47:07"}
{"event": "SKIP", "row": 373, "media_id": 35, "reason": "already reviewed", "ts": "2026-02-20 06:47:07"}
{"event": "SKIP", "row": 375, "media_id": 63, "reason": "already reviewed", "ts": "2026-02-20 06:47:07"}
{"event": "SKIP", "row": 381, "media_id": 83, "reason": "already reviewed", "ts": "2026-02-20 06:47:07"}
{"event": "SKIP", "row": 376, "media_id": 81, "reason": "already reviewed", "ts": "2026-02-20 06:47:07"}
{"event": "SKIP", "row": 382, "media_id": 92, "reason": "already reviewed", "ts": "2026-02-20 06:47:07"}
{"event": "SKIP", "row": 372, "media_id": 57, "reason": "already reviewed", "ts": "2026-02-20 06:47:07"}
{"event": "SKIP", "row": 366, "media_id": 42, "reason": "already reviewed", "ts": "2026-02-20 06:47:07"}
{"event": "SKIP", "row": 385, "media_id": 59, "reason": "already reviewed", "ts": "2026-02-20 06:47:07"}
{"event": "SKIP", "row": 383, "media_id": 91, "reason": "already reviewed", "ts": "2026-02-20 06:47:07"}
{"event": "SKIP", "row": 389, "media_id": 65, "reason": "already reviewed", "ts": "2026-02-20 06:47:07"}
{"event": "SKIP", "row": 388, "media_id": 36, "reason": "already reviewed", "ts": "2026-02-20 06:47:07"}
{"event": "SKIP", "row": 360, "media_id": 43, "reason": "already reviewed", "ts": "2026-02-20 06:47:07"}
{"event": "SKIP", "row": 358, "media_id": 82, "reason": "already reviewed", "ts": "2026-02-20 06:47:07"}
{"event": "SKIP", "row": 390, "media_id": 37, "reason": "already reviewed", "ts": "2026-02-20 06:47:07"}
{"event": "SKIP", "row": 378, "media_id": 71, "reason": "already reviewed", "ts": "2026-02-20 06:47:07"}
{"event": "SKIP", "row": 395, "media_id": 59, "reason": "already reviewed", "ts": "2026-02-20 06:47:07"}
{"event": "SKIP", "row": 384, "media_id": 62, "reason": "already reviewed", "ts": "2026-02-20 06:47:07"}
{"event": "SKIP", "row": 386, "media_id": 50, "reason": "already reviewed", "ts": "2026-02-20 06:47:07"}
{"event": "SKIP", "row": 387, "media_id": 66, "reason": "already reviewed", "ts": "2026-02-20 06:47:07"}
{"event": "SKIP", "row": 391, "media_id": 75, "reason": "already reviewed", "ts": "2026-02-20 06:47:07"}
{"event": "SKIP", "row": 364, "media_id": 71, "reason": "already reviewed", "ts": "2026-02-20 06:47:07"}
{"event": "SKIP", "row": 394, "media_id": 98, "reason": "already reviewed", "ts": "2026-02-20 06:47:07"}
{"event": "SKIP", "row": 392, "media_id": 58, "reason": "already reviewed", "ts": "2026-02-20 06:47:07"}
{"event": "SKIP", "row": 379, "media_id": 53, "reason": "already reviewed", "ts": "2026-02-20 06:47:07"}
{"event": "SKIP", "row": 393, "media_id": 45, "reason": "already reviewed", "ts": "2026-02-20 06:47:07"}
{"event": "SKIP", "row": 398, "media_id": 53, "reason": "already reviewed", "ts": "2026-02-20 06:47:07"}
{"event": "SKIP", "row": 353, "media_id": 30, "reason": "already reviewed", "ts": "2026-02-20 06:47:07"}
{"event": "SKIP", "row": 370, "media_id": 67, "reason": "already reviewed", "ts": "2026-02-20 06:47:07"}
{"event": "SKIP", "row": 399, "media_id": 96, "reason": "already reviewed", "ts": "2026-02-20 06:47:07"}
{"event": "SKIP", "row": 396, "media_id": 90, "reason": "already reviewed", "ts": "2026-02-20 06:47:07"}
{"event": "SKIP", "row": 400, "media_id": 49, "reason": "already reviewed", "ts": "2026-02-20 06:47:07"}
{"event": "SKIP", "row": 380, "media_id": 15, "reason": "already reviewed", "ts": "2026-02-20 06:47:07"}
{"event": "SKIP", "row": 397, "media_id": 50, "reason": "already reviewed", "ts": "2026-02-20 06:47:07"}
{"event": "SKIP", "row": 402, "media_id": 5, "reason": "already reviewed", "ts": "2026-02-20 06:47:07"}
{"event": "SKIP", "row": 401, "media_id": 84, "reason": "already reviewed", "ts": "2026-02-20 06:47:07"}
{"event": "SKIP", "row": 418, "media_id": 6, "reason": "already reviewed", "ts": "2026-02-20 06:47:07"}
{"event": "SKIP", "row": 407, "media_id": 20, "reason": "already reviewed", "ts": "2026-02-20 06:47:07"}
{"event": "SKIP", "row": 405, "media_id": 59, "reason": "already reviewed", "ts": "2026-02-20 06:47:07"}
{"event": "SKIP", "row": 411, "media_id": 69, "reason": "already reviewed", "ts": "2026-02-20 06:47:07"}
{"event": "SKIP", "row": 406, "media_id": 19, "reason": "already reviewed", "ts": "2026-02-20 06:47:07"}
{"event": "SKIP", "row": 421, "media_id": 68, "reason": "already reviewed", "ts": "2026-02-20 06:47:07"}
{"event": "SKIP", "row": 404, "media_id": 57, "reason": "already reviewed", "ts": "2026-02-20 06:47:07"}
{"event": "SKIP", "row": 414, "media_id": 31, "reason": "already reviewed", "ts": "2026-02-20 06:47:07"}
{"event": "SKIP", "row": 420, "media_id": 56, "reason": "already reviewed", "ts": "2026-02-20 06:47:07"}
{"event": "SKIP", "row": 416, "media_id": 13, "reason": "already reviewed", "ts": "2026-02-20 06:47:07"}
{"event": "SKIP", "row": 403, "media_id": 76, "reason": "already reviewed", "ts": "2026-02-20 06:47:07"}
{"event": "SKIP", "row": 413, "media_id": 5, "reason": "already reviewed", "ts": "2026-02-20 06:47:07"}
{"event": "SKIP", "row": 408, "media_id": 34, "reason": "already reviewed", "ts": "2026-02-20 06:47:07"}
{"event": "SKIP", "row": 425, "media_id": 31, "reason": "already reviewed", "ts": "2026-02-20 06:47:07"}
{"event": "SKIP", "row": 410, "media_id": 11, "reason": "already reviewed", "ts": "2026-02-20 06:47:07"}
{"event": "SKIP", "row": 423, "media_id": 23, "reason": "already reviewed", "ts": "2026-02-20 06:47:07"}
{"event": "SKIP", "row": 422, "media_id": 88, "reason": "already reviewed", "ts": "2026-02-20 06:47:07"}
{"event": "SKIP", "row": 417, "media_id": 22, "reason": "already reviewed", "ts": "2026-02-20 06:47:07"}
{"event": "SKIP", "row": 433, "media_id": 39, "reason": "already reviewed", "ts": "2026-02-20 06:47:07"}
{"event": "SKIP", "row": 419, "media_id": 38, "reason": "already reviewed", "ts": "2026-02-20 06:47:07"}
{"event": "SKIP", "row": 412, "media_id": 81, "reason": "already reviewed", "ts": "2026-02-20 06:47:07"}
{"event": "SKIP", "row": 430, "media_id": 10, "reason": "already reviewed", "ts": "2026-02-20 06:47:07"}
{"event": "SKIP", "row": 409, "media_id": 89, "reason": "already reviewed", "ts": "2026-02-20 06:47:07"}
{"event": "SKIP", "row": 428, "media_id": 33, "reason": "already reviewed", "ts": "2026-02-20 06:47:07"}
{"event": "SKIP", "row": 434, "media_id": 62, "reason": "already reviewed", "ts": "2026-02-20 06:47:07"}
{"event": "SKIP", "row": 439, "media_id": 73, "reason": "already reviewed", "ts": "2026-02-20 06:47:07"}
{"event": "SKIP", "row": 432, "media_id": 55, "reason": "already reviewed", "ts": "2026-02-20 06:47:07"}
{"event": "SKIP", "row": 437, "media_id": 38, "reason": "already reviewed", "ts": "2026-02-20 06:47:07"}
{"event": "SKIP", "row": 415, "media_id": 96, "reason": "already reviewed", "ts": "2026-02-20 06:47:07"}
{"event": "SKIP", "row": 440, "media_id": 96, "reason": "already reviewed", "ts": "2026-02-20 06:47:07"}
{"event": "SKIP", "row": 424, "media_id": 49, "reason": "already reviewed", "ts": "2026-02-20 06:47:07"}
{"event": "SKIP", "row": 435, "media_id": 49, "reason": "already reviewed", "ts": "2026-02-20 06:47:07"}
{"event": "SKIP", "row": 427, "media_id": 82, "reason": "already reviewed", "ts": "2026-02-20 06:47:07"}
{"event": "SKIP", "row": 438, "media_id": 51, "reason": "already reviewed", "ts": "2026-02-20 06:47:07"}
{"event": "SKIP", "row": 431, "media_id": 76, "reason": "already reviewed", "ts": "2026-02-20 06:47:07"}
{"event": "SKIP", "row": 446, "media_id": 57, "reason": "already reviewed", "ts": "2026-02-20 06:47:07"}
{"event": "SKIP", "row": 429, "media_id": 37, "reason": "already reviewed", "ts": "2026-02-20 06:47:07"}
{"event": "SKIP", "row": 436, "media_id": 74, "reason": "already reviewed", "ts": "2026-02-20 06:47:07"}
{"event": "SKIP", "row": 444, "media_id": 87, "reason": "already reviewed", "ts": "2026-02-20 06:47:07"}
{"event": "SKIP", "row": 426, "media_id": 19, "reason": "already reviewed", "ts": "2026-02-20 06:47:07"}
{"event": "SKIP", "row": 447, "media_id": 47, "reason": "already reviewed", "ts": "2026-02-20 06:47:07"}
{"event": "SKIP", "row": 445, "media_id": 13, "reason": "already reviewed", "ts": "2026-02-20 06:47:07"}
{"event": "SKIP", "row": 450, "media_id": 17, "reason": "already reviewed", "ts": "2026-02-20 06:47:07"}
{"event": "SKIP", "row": 448, "media_id": 38, "reason": "already reviewed", "ts": "2026-02-20 06:47:07"}
{"event": "SKIP", "row": 443, "media_id": 25, "reason": "already reviewed", "ts": "2026-02-20 06:47:07"}
{"event": "SKIP", "row": 442, "media_id": 46, "reason": "already reviewed", "ts": "2026-02-20 06:47:07"}
{"event": "SKIP", "row": 441, "media_id": 100, "reason": "already reviewed", "ts": "2026-02-20 06:47:07"}
{"event": "SKIP", "row": 449, "media_id": 54, "reason": "already reviewed", "ts": "2026-02-20 06:47:07"}
{"event": "SKIP", "row": 452, "media_id": 22, "reason": "already reviewed", "ts": "2026-02-20 06:47:07"}
{"event": "SKIP", "row": 462, "media_id": 87, "reason": "already reviewed", "ts": "2026-02-20 06:47:07"}
{"event": "SKIP", "row": 451, "media_id": 68, "reason": "already reviewed", "ts": "2026-02-20 06:47:07"}
{"event": "SKIP", "row": 460, "media_id": 87, "reason": "already reviewed", "ts": "2026-02-20 06:47:07"}
{"event": "SKIP", "row": 457, "media_id": 47, "reason": "already reviewed", "ts": "2026-02-20 06:47:07"}
{"event": "SKIP", "row": 466, "media_id": 60, "reason": "already reviewed", "ts": "2026-02-20 06:47:07"}
{"event": "SKIP", "row": 454, "media_id": 60, "reason": "already reviewed", "ts": "2026-02-20 06:47:07"}
{"event": "SKIP", "row": 465, "media_id": 83, "reason": "already reviewed", "ts": "2026-02-20 06:47:07"}
{"event": "SKIP", "row": 456, "media_id": 93, "reason": "already reviewed", "ts": "2026-02-20 06:47:07"}
{"event": "SKIP", "row": 455, "media_id": 97, "reason": "already reviewed", "ts": "2026-02-20 06:47:07"}
{"event": "SKIP", "row": 468, "media_id": 6, "reason": "already reviewed", "ts": "2026-02-20 06:47:07"}
{"event": "SKIP", "row": 470, "media_id": 31, "reason": "already reviewed", "ts": "2026-02-20 06:47:07"}
{"event": "SKIP", "row": 473, "media_id": 76, "reason": "already reviewed", "ts": "2026-02-20 06:47:07"}
{"event": "SKIP", "row": 461, "media_id": 49, "reason": "already reviewed", "ts": "2026-02-20 06:47:07"}
{"event": "SKIP", "row": 469, "media_id": 64, "reason": "already reviewed", "ts": "2026-02-20 06:47:07"}
{"event": "SKIP", "row": 472, "media_id": 86, "reason": "already reviewed", "ts": "2026-02-20 06:47:07"}
{"event": "SKIP", "row": 471, "media_id": 50, "reason": "already reviewed", "ts": "2026-02-20 06:47:07"}
{"event": "SKIP", "row": 464, "media_id": 42, "reason": "already reviewed", "ts": "2026-02-20 06:47:07"}
{"event": "SKIP", "row": 484, "media_id": 7, "reason": "already reviewed", "ts": "2026-02-20 06:47:07"}
{"event": "SKIP", "row": 476, "media_id": 5, "reason": "already reviewed", "ts": "2026-02-20 06:47:07"}
{"event": "SKIP", "row": 477, "media_id": 57, "reason": "already reviewed", "ts": "2026-02-20 06:47:07"}
{"event": "SKIP", "row": 482, "media_id": 59, "reason": "already reviewed", "ts": "2026-02-20 06:47:07"}
{"event": "SKIP", "row": 475, "media_id": 79, "reason": "already reviewed", "ts": "2026-02-20 06:47:07"}
{"event": "SKIP", "row": 463, "media_id": 4, "reason": "already reviewed", "ts": "2026-02-20 06:47:07"}
{"event": "SKIP", "row": 467, "media_id": 53, "reason": "already reviewed", "ts": "2026-02-20 06:47:07"}
{"event": "SKIP", "row": 480, "media_id": 46, "reason": "already reviewed", "ts": "2026-02-20 06:47:07"}
{"event": "SKIP", "row": 474, "media_id": 84, "reason": "already reviewed", "ts": "2026-02-20 06:47:07"}
{"event": "SKIP", "row": 485, "media_id": 17, "reason": "already reviewed", "ts": "2026-02-20 06:47:07"}
{"event": "SKIP", "row": 453, "media_id": 38, "reason": "already reviewed", "ts": "2026-02-20 06:47:07"}
{"event": "SKIP", "row": 483, "media_id": 28, "reason": "already reviewed", "ts": "2026-02-20 06:47:07"}
{"event": "SKIP", "row": 459, "media_id": 16, "reason": "already reviewed", "ts": "2026-02-20 06:47:07"}
{"event": "SKIP", "row": 491, "media_id": 23, "reason": "already reviewed", "ts": "2026-02-20 06:47:07"}
{"event": "SKIP", "row": 458, "media_id": 2, "reason": "already reviewed", "ts": "2026-02-20 06:47:07"}
{"event": "SKIP", "row": 493, "media_id": 46, "reason": "already reviewed", "ts": "2026-02-20 06:47:07"}
{"event": "SKIP", "row": 486, "media_id": 9, "reason": "already reviewed", "ts": "2026-02-20 06:47:07"}
{"event": "SKIP", "row": 487, "media_id": 76, "reason": "already reviewed", "ts": "2026-02-20 06:47:07"}
{"event": "SKIP", "row": 488, "media_id": 43, "reason": "already reviewed", "ts": "2026-02-20 06:47:07"}
{"event": "SKIP", "row": 498, "media_id": 58, "reason": "already reviewed", "ts": "2026-02-20 06:47:07"}
{"event": "SKIP", "row": 492, "media_id": 4, "reason": "already reviewed", "ts": "2026-02-20 06:47:07"}
{"event": "SKIP", "row": 479, "media_id": 48, "reason": "already reviewed", "ts": "2026-02-20 06:47:07"}
{"event": "SKIP", "row": 496, "media_id": 95, "reason": "already reviewed", "ts": "2026-02-20 06:47:07"}
{"event": "SKIP", "row": 478, "media_id": 47, "reason": "already reviewed", "ts": "2026-02-20 06:47:07"}
{"event": "SKIP", "row": 490, "media_id": 17, "reason": "already reviewed", "ts": "2026-02-20 06:47:07"}
{"event": "SKIP", "row": 497, "media_id": 15, "reason": "already reviewed", "ts": "2026-02-20 06:47:07"}
{"event": "SKIP", "row": 481, "media_id": 36, "reason": "already reviewed", "ts": "2026-02-20 06:47:07"}
{"event": "SKIP", "row": 495, "media_id": 34, "reason": "already reviewed", "ts": "2026-02-20 06:47:07"}
{"event": "SKIP", "row": 494, "media_id": 42, "reason": "already reviewed", "ts": "2026-02-20 06:47:07"}
{"event": "SKIP", "row": 499, "media_id": 76, "reason": "already reviewed", "ts": "2026-02-20 06:47:07"}
{"event": "SKIP", "row": 500, "media_id": 65, "reason": "already reviewed", "ts": "2026-02-20 06:47:07"}
{"event": "SUCCESS", "row": 489, "user_id": 51, "media_id": 1, "rating": 3, "comment": "Highly recommended", "ts": "2026-02-20 06:47:07"}
{"event": "SKIP", "row": 502, "media_id": 59, "reason": "already reviewed", "ts": "2026-02-20 06:47:07"}
{"event": "SKIP", "row": 507, "media_id": 19, "reason": "already reviewed", "ts": "2026-02-20 06:47:07"}
{"event": "SKIP", "row": 503, "media_id": 62, "reason": "already reviewed", "ts": "2026-02-20 06:47:07"}
{"event": "SKIP", "row": 508, "media_id": 36, "reason": "already reviewed", "ts": "2026-02-20 06:47:07"}
{"event": "SKIP", "row": 516, "media_id": 30, "reason": "already reviewed", "ts": "2026-02-20 06:47:07"}
{"event": "SKIP", "row": 511, "media_id": 68, "reason": "already reviewed", "ts": "2026-02-20 06:47:07"}
{"event": "SKIP", "row": 517, "media_id": 59, "reason": "already reviewed", "ts": "2026-02-20 06:47:07"}
{"event": "SKIP", "row": 501, "media_id": 6, "reason": "already reviewed", "ts": "2026-02-20 06:47:07"}
{"event": "SKIP", "row": 506, "media_id": 11, "reason": "already reviewed", "ts": "2026-02-20 06:47:07"}
{"event": "SKIP", "row": 510, "media_id": 42, "reason": "already reviewed", "ts": "2026-02-20 06:47:07"}
{"event": "SKIP", "row": 513, "media_id": 13, "reason": "already reviewed", "ts": "2026-02-20 06:47:07"}
{"event": "SKIP", "row": 520, "media_id": 33, "reason": "already reviewed", "ts": "2026-02-20 06:47:07"}
{"event": "SKIP", "row": 505, "media_id": 92, "reason": "already reviewed", "ts": "2026-02-20 06:47:07"}
{"event": "SKIP", "row": 504, "media_id": 88, "reason": "already reviewed", "ts": "2026-02-20 06:47:07"}
{"event": "SKIP", "row": 523, "media_id": 56, "reason": "already reviewed", "ts": "2026-02-20 06:47:07"}
{"event": "SKIP", "row": 518, "media_id": 94, "reason": "already reviewed", "ts": "2026-02-20 06:47:07"}
{"event": "SKIP", "row": 521, "media_id": 88, "reason": "already reviewed", "ts": "2026-02-20 06:47:07"}
{"event": "SKIP", "row": 509, "media_id": 75, "reason": "already reviewed", "ts": "2026-02-20 06:47:07"}
{"event": "SKIP", "row": 529, "media_id": 7, "reason": "already reviewed", "ts": "2026-02-20 06:47:07"}
{"event": "SKIP", "row": 526, "media_id": 72, "reason": "already reviewed", "ts": "2026-02-20 06:47:07"}
{"event": "SKIP", "row": 525, "media_id": 72, "reason": "already reviewed", "ts": "2026-02-20 06:47:07"}
{"event": "SKIP", "row": 524, "media_id": 95, "reason": "already reviewed", "ts": "2026-02-20 06:47:07"}
{"event": "SKIP", "row": 528, "media_id": 46, "reason": "already reviewed", "ts": "2026-02-20 06:47:07"}
{"event": "SKIP", "row": 515, "media_id": 28, "reason": "already reviewed", "ts": "2026-02-20 06:47:07"}
{"event": "SKIP", "row": 522, "media_id": 12, "reason": "already reviewed", "ts": "2026-02-20 06:47:07"}
{"event": "SKIP", "row": 530, "media_id": 40, "reason": "already reviewed", "ts": "2026-02-20 06:47:07"}
{"event": "SKIP", "row": 532, "media_id": 20, "reason": "already reviewed", "ts": "2026-02-20 06:47:07"}
{"event": "SKIP", "row": 537, "media_id": 80, "reason": "already reviewed", "ts": "2026-02-20 06:47:07"}
{"event": "SKIP", "row": 527, "media_id": 86, "reason": "already reviewed", "ts": "2026-02-20 06:47:07"}
{"event": "SKIP", "row": 512, "media_id": 65, "reason": "already reviewed", "ts": "2026-02-20 06:47:07"}
{"event": "SKIP", "row": 531, "media_id": 74, "reason": "already reviewed", "ts": "2026-02-20 06:47:07"}
{"event": "SKIP", "row": 539, "media_id": 78, "reason": "already reviewed", "ts": "2026-02-20 06:47:07"}
{"event": "SKIP", "row": 533, "media_id": 14, "reason": "already reviewed", "ts": "2026-02-20 06:47:07"}
{"event": "SKIP", "row": 514, "media_id": 84, "reason": "already reviewed", "ts": "2026-02-20 06:47:07"}
{"event": "SKIP", "row": 543, "media_id": 19, "reason": "already reviewed", "ts": "2026-02-20 06:47:07"}
{"event": "SKIP", "row": 534, "media_id": 48, "reason": "already reviewed", "ts": "2026-02-20 06:47:07"}
{"event": "SKIP", "row": 548, "media_id": 44, "reason": "already reviewed", "ts": "2026-02-20 06:47:07"}
{"event": "SKIP", "row": 538, "media_id": 83, "reason": "already reviewed", "ts": "2026-02-20 06:47:07"}
{"event": "SKIP", "row": 541, "media_id": 98, "reason": "already reviewed", "ts": "2026-02-20 06:47:07"}
{"event": "SKIP", "row": 545, "media_id": 95, "reason": "already reviewed", "ts": "2026-02-20 06:47:07"}
{"event": "SKIP", "row": 519, "media_id": 55, "reason": "already reviewed", "ts": "2026-02-20 06:47:07"}
{"event": "SKIP", "row": 547, "media_id": 49, "reason": "already reviewed", "ts": "2026-02-20 06:47:07"}
{"event": "SKIP", "row": 550, "media_id": 73, "reason": "already reviewed", "ts": "2026-02-20 06:47:07"}
{"event": "SKIP", "row": 544, "media_id": 52, "reason": "already reviewed", "ts": "2026-02-20 06:47:07"}
{"event": "SKIP", "row": 540, "media_id": 24, "reason": "already reviewed", "ts": "2026-02-20 06:47:07"}
{"event": "SKIP", "row": 542, "media_id": 45, "reason": "already reviewed", "ts": "2026-02-20 06:47:07"}
{"event": "SKIP", "row": 546, "media_id": 96, "reason": "already reviewed", "ts": "2026-02-20 06:47:07"}
{"event": "SKIP", "row": 536, "media_id": 55, "reason": "already reviewed", "ts": "2026-02-20 06:47:07"}
{"event": "SKIP", "row": 549, "media_id": 40, "reason": "already reviewed", "ts": "2026-02-20 06:47:07"}
{"event": "SKIP", "row": 535, "media_id": 36, "reason": "already reviewed", "ts": "2026-02-20 06:47:07"}
{"event": "SKIP", "row": 569, "media_id": 72, "reason": "already reviewed", "ts": "2026-02-20 06:47:07"}
{"event": "SKIP", "row": 562, "media_id": 8, "reason": "already reviewed", "ts": "2026-02-20 06:47:07"}
{"event": "SKIP", "row": 554, "media_id": 57, "reason": "already reviewed", "ts": "2026-02-20 06:47:07"}
{"event": "SKIP", "row": 561, "media_id": 29, "reason": "already reviewed", "ts": "2026-02-20 06:47:07"}
{"event": "SKIP", "row": 556, "media_id": 35, "reason": "already reviewed", "ts": "2026-02-20 06:47:07"}
{"event": "SKIP", "row": 553, "media_id": 87, "reason": "already reviewed", "ts": "2026-02-20 06:47:07"}
{"event": "SKIP", "row": 565, "media_id": 42, "reason": "already reviewed", "ts": "2026-02-20 06:47:07"}
{"event": "SKIP", "row": 563, "media_id": 39, "reason": "already reviewed", "ts": "2026-02-20 06:47:07"}
{"event": "SKIP", "row": 566, "media_id": 64, "reason": "already reviewed", "ts": "2026-02-20 06:47:07"}
{"event": "SKIP", "row": 570, "media_id": 51, "reason": "already reviewed", "ts": "2026-02-20 06:47:07"}
{"event": "SKIP", "row": 551, "media_id": 7, "reason": "already reviewed", "ts": "2026-02-20 06:47:07"}
{"event": "SKIP", "row": 558, "media_id": 56, "reason": "already reviewed", "ts": "2026-02-20 06:47:07"}
{"event": "SKIP", "row": 567, "media_id": 17, "reason": "already reviewed", "ts": "2026-02-20 06:47:07"}
{"event": "SKIP", "row": 568, "media_id": 91, "reason": "already reviewed", "ts": "2026-02-20 06:47:07"}
{"event": "SKIP", "row": 552, "media_id": 97, "reason": "already reviewed", "ts": "2026-02-20 06:47:07"}
{"event": "SKIP", "row": 572, "media_id": 41, "reason": "already reviewed", "ts": "2026-02-20 06:47:07"}
{"event": "SKIP", "row": 555, "media_id": 78, "reason": "already reviewed", "ts": "2026-02-20 06:47:07"}
{"event": "SKIP", "row": 575, "media_id": 15, "reason": "already reviewed", "ts": "2026-02-20 06:47:07"}
{"event": "SKIP", "row": 571, "media_id": 3, "reason": "already reviewed", "ts": "2026-02-20 06:47:07"}
{"event": "SKIP", "row": 574, "media_id": 82, "reason": "already reviewed", "ts": "2026-02-20 06:47:07"}
{"event": "SKIP", "row": 580, "media_id": 68, "reason": "already reviewed", "ts": "2026-02-20 06:47:07"}
{"event": "SKIP", "row": 578, "media_id": 56, "reason": "already reviewed", "ts": "2026-02-20 06:47:07"}
{"event": "SKIP", "row": 573, "media_id": 74, "reason": "already reviewed", "ts": "2026-02-20 06:47:07"}
{"event": "SKIP", "row": 582, "media_id": 43, "reason": "already reviewed", "ts": "2026-02-20 06:47:07"}
{"event": "SKIP", "row": 576, "media_id": 42, "reason": "already reviewed", "ts": "2026-02-20 06:47:07"}
{"event": "SKIP", "row": 560, "media_id": 68, "reason": "already reviewed", "ts": "2026-02-20 06:47:07"}
{"event": "SUCCESS", "row": 564, "user_id": 51, "media_id": 18, "rating": 3, "comment": "Poor character development", "ts": "2026-02-20 06:47:07"}
{"event": "SKIP", "row": 577, "media_id": 59, "reason": "already reviewed", "ts": "2026-02-20 06:47:07"}
{"event": "SKIP", "row": 595, "media_id": 57, "reason": "already reviewed", "ts": "2026-02-20 06:47:07"}
{"event": "SKIP", "row": 596, "media_id": 57, "reason": "already reviewed", "ts": "2026-02-20 06:47:07"}
{"event": "SKIP", "row": 594, "media_id": 81, "reason": "already reviewed", "ts": "2026-02-20 06:47:07"}
{"event": "SKIP", "row": 559, "media_id": 87, "reason": "already reviewed", "ts": "2026-02-20 06:47:07"}
{"event": "SKIP", "row": 583, "media_id": 66, "reason": "already reviewed", "ts": "2026-02-20 06:47:07"}
{"event": "SKIP", "row": 581, "media_id": 40, "reason": "already reviewed", "ts": "2026-02-20 06:47:07"}
{"event": "SKIP", "row": 557, "media_id": 66, "reason": "already reviewed", "ts": "2026-02-20 06:47:07"}
{"event": "SKIP", "row": 587, "media_id": 14, "reason": "already reviewed", "ts": "2026-02-20 06:47:07"}
{"event": "SKIP", "row": 593, "media_id": 73, "reason": "already reviewed", "ts": "2026-02-20 06:47:07"}
{"event": "SKIP", "row": 588, "media_id": 26, "reason": "already reviewed", "ts": "2026-02-20 06:47:07"}
{"event": "SKIP", "row": 592, "media_id": 75, "reason": "already reviewed", "ts": "2026-02-20 06:47:07"}
{"event": "SKIP", "row": 584, "media_id": 66, "reason": "already reviewed", "ts": "2026-02-20 06:47:07"}
{"event": "SKIP", "row": 589, "media_id": 20, "reason": "already reviewed", "ts": "2026-02-20 06:47:07"}
{"event": "SKIP", "row": 597, "media_id": 76, "reason": "already reviewed", "ts": "2026-02-20 06:47:07"}
{"event": "SKIP", "row": 585, "media_id": 45, "reason": "already reviewed", "ts": "2026-02-20 06:47:07"}
{"event": "SKIP", "row": 599, "media_id": 60, "reason": "already reviewed", "ts": "2026-02-20 06:47:07"}
{"event": "SKIP", "row": 591, "media_id": 97, "reason": "already reviewed", "ts": "2026-02-20 06:47:07"}
{"event": "SKIP", "row": 598, "media_id": 65, "reason": "already reviewed", "ts": "2026-02-20 06:47:07"}
{"event": "SKIP", "row": 590, "media_id": 99, "reason": "already reviewed", "ts": "2026-02-20 06:47:07"}
{"event": "SKIP", "row": 600, "media_id": 8, "reason": "already reviewed", "ts": "2026-02-20 06:47:07"}
{"event": "SKIP", "row": 579, "media_id": 56, "reason": "already reviewed", "ts": "2026-02-20 06:47:07"}
{"event": "SKIP", "row": 586, "media_id": 83, "reason": "already reviewed", "ts": "2026-02-20 06:47:07"}
{"event": "SKIP", "row": 601, "media_id": 10, "reason": "already reviewed", "ts": "2026-02-20 06:47:07"}
{"event": "SKIP", "row": 609, "media_id": 11, "reason": "already reviewed", "ts": "2026-02-20 06:47:07"}
{"event": "SKIP", "row": 603, "media_id": 60, "reason": "already reviewed", "ts": "2026-02-20 06:47:07"}
{"event": "SKIP", "row": 613, "media_id": 21, "reason": "already reviewed", "ts": "2026-02-20 06:47:07"}
{"event": "SKIP", "row": 615, "media_id": 100, "reason": "already reviewed", "ts": "2026-02-20 06:47:07"}
{"event": "SKIP", "row": 620, "media_id": 33, "reason": "already reviewed", "ts": "2026-02-20 06:47:07"}
{"event": "SKIP", "row": 606, "media_id": 78, "reason": "already reviewed", "ts": "2026-02-20 06:47:07"}
{"event": "SKIP", "row": 619, "media_id": 87, "reason": "already reviewed", "ts": "2026-02-20 06:47:07"}
{"event": "SKIP", "row": 622, "media_id": 85, "reason": "already reviewed", "ts": "2026-02-20 06:47:07"}
{"event": "SKIP", "row": 614, "media_id": 37, "reason": "already reviewed", "ts": "2026-02-20 06:47:07"}
{"event": "SKIP", "row": 610, "media_id": 23, "reason": "already reviewed", "ts": "2026-02-20 06:47:07"}
{"event": "SKIP", "row": 604, "media_id": 95, "reason": "already reviewed", "ts": "2026-02-20 06:47:07"}
{"event": "SKIP", "row": 605, "media_id": 74, "reason": "already reviewed", "ts": "2026-02-20 06:47:07"}
{"event": "SKIP", "row": 602, "media_id": 77, "reason": "already reviewed", "ts": "2026-02-20 06:47:07"}
{"event": "SKIP", "row": 616, "media_id": 77, "reason": "already reviewed", "ts": "2026-02-20 06:47:07"}
{"event": "SKIP", "row": 607, "media_id": 20, "reason": "already reviewed", "ts": "2026-02-20 06:47:07"}
{"event": "SKIP", "row": 618, "media_id": 43, "reason": "already reviewed", "ts": "2026-02-20 06:47:07"}
{"event": "SKIP", "row": 628, "media_id": 83, "reason": "already reviewed", "ts": "2026-02-20 06:47:07"}
{"event": "SKIP", "row": 621, "media_id": 43, "reason": "already reviewed", "ts": "2026-02-20 06:47:07"}
{"event": "SKIP", "row": 623, "media_id": 40, "reason": "already reviewed", "ts": "2026-02-20 06:47:07"}
{"event": "SKIP", "row": 626, "media_id": 43, "reason": "already reviewed", "ts": "2026-02-20 06:47:07"}
{"event": "SKIP", "row": 617, "media_id": 83, "reason": "already reviewed", "ts": "2026-02-20 06:47:07"}
{"event": "SKIP", "row": 611, "media_id": 91, "reason": "already reviewed", "ts": "2026-02-20 06:47:07"}
{"event": "SKIP", "row": 627, "media_id": 90, "reason": "already reviewed", "ts": "2026-02-20 06:47:07"}
{"event": "SKIP", "row": 624, "media_id": 77, "reason": "already reviewed", "ts": "2026-02-20 06:47:07"}
{"event": "SKIP", "row": 608, "media_id": 14, "reason": "already reviewed", "ts": "2026-02-20 06:47:07"}
{"event": "SKIP", "row": 612, "media_id": 68, "reason": "already reviewed", "ts": "2026-02-20 06:47:07"}
{"event": "SKIP", "row": 637, "media_id": 77, "reason": "already reviewed", "ts": "2026-02-20 06:47:07"}
{"event": "SKIP", "row": 630, "media_id": 40, "reason": "already reviewed", "ts": "2026-02-20 06:47:07"}
{"event": "SKIP", "row": 636, "media_id": 44, "reason": "already reviewed", "ts": "2026-02-20 06:47:07"}
{"event": "SKIP", "row": 634, "media_id": 65, "reason": "already reviewed", "ts": "2026-02-20 06:47:07"}
{"event": "SKIP", "row": 631, "media_id": 44, "reason": "already reviewed", "ts": "2026-02-20 06:47:07"}
{"event": "SKIP", "row": 633, "media_id": 10, "reason": "already reviewed", "ts": "2026-02-20 06:47:07"}
{"event": "SKIP", "row": 644, "media_id": 96, "reason": "already reviewed", "ts": "2026-02-20 06:47:07"}
{"event": "SKIP", "row": 639, "media_id": 99, "reason": "already reviewed", "ts": "2026-02-20 06:47:07"}
{"event": "SKIP", "row": 635, "media_id": 68, "reason": "already reviewed", "ts": "2026-02-20 06:47:07"}
{"event": "SKIP", "row": 638, "media_id": 21, "reason": "already reviewed", "ts": "2026-02-20 06:47:07"}
{"event": "SKIP", "row": 641, "media_id": 53, "reason": "already reviewed", "ts": "2026-02-20 06:47:07"}
{"event": "SKIP", "row": 647, "media_id": 87, "reason": "already reviewed", "ts": "2026-02-20 06:47:07"}
{"event": "SKIP", "row": 640, "media_id": 93, "reason": "already reviewed", "ts": "2026-02-20 06:47:07"}
{"event": "SKIP", "row": 643, "media_id": 79, "reason": "already reviewed", "ts": "2026-02-20 06:47:07"}
{"event": "SKIP", "row": 646, "media_id": 61, "reason": "already reviewed", "ts": "2026-02-20 06:47:07"}
{"event": "SKIP", "row": 650, "media_id": 54, "reason": "already reviewed", "ts": "2026-02-20 06:47:07"}
{"event": "SKIP", "row": 642, "media_id": 93, "reason": "already reviewed", "ts": "2026-02-20 06:47:07"}
{"event": "SKIP", "row": 629, "media_id": 47, "reason": "already reviewed", "ts": "2026-02-20 06:47:07"}
{"event": "SKIP", "row": 625, "media_id": 72, "reason": "already reviewed", "ts": "2026-02-20 06:47:07"}
{"event": "SKIP", "row": 648, "media_id": 60, "reason": "already reviewed", "ts": "2026-02-20 06:47:07"}
{"event": "SKIP", "row": 632, "media_id": 29, "reason": "already reviewed", "ts": "2026-02-20 06:47:07"}
{"event": "SKIP", "row": 645, "media_id": 69, "reason": "already reviewed", "ts": "2026-02-20 06:47:07"}
{"event": "SKIP", "row": 649, "media_id": 49, "reason": "already reviewed", "ts": "2026-02-20 06:47:07"}
{"event": "SKIP", "row": 659, "media_id": 54, "reason": "already reviewed", "ts": "2026-02-20 06:47:07"}
{"event": "SKIP", "row": 665, "media_id": 61, "reason": "already reviewed", "ts": "2026-02-20 06:47:07"}
{"event": "SKIP", "row": 664, "media_id": 18, "reason": "already reviewed", "ts": "2026-02-20 06:47:07"}
{"event": "SKIP", "row": 656, "media_id": 58, "reason": "already reviewed", "ts": "2026-02-20 06:47:07"}
{"event": "SKIP", "row": 655, "media_id": 11, "reason": "already reviewed", "ts": "2026-02-20 06:47:07"}
{"event": "SKIP", "row": 668, "media_id": 3, "reason": "already reviewed", "ts": "2026-02-20 06:47:07"}
{"event": "SKIP", "row": 669, "media_id": 20, "reason": "already reviewed", "ts": "2026-02-20 06:47:07"}
{"event": "SKIP", "row": 670, "media_id": 78, "reason": "already reviewed", "ts": "2026-02-20 06:47:07"}
{"event": "SKIP", "row": 658, "media_id": 58, "reason": "already reviewed", "ts": "2026-02-20 06:47:07"}
{"event": "SKIP", "row": 671, "media_id": 15, "reason": "already reviewed", "ts": "2026-02-20 06:47:07"}
{"event": "SKIP", "row": 673, "media_id": 31, "reason": "already reviewed", "ts": "2026-02-20 06:47:07"}
{"event": "SKIP", "row": 675, "media_id": 15, "reason": "already reviewed", "ts": "2026-02-20 06:47:07"}
{"event": "SKIP", "row": 666, "media_id": 91, "reason": "already reviewed", "ts": "2026-02-20 06:47:07"}
{"event": "SKIP", "row": 679, "media_id": 55, "reason": "already reviewed", "ts": "2026-02-20 06:47:07"}
{"event": "SKIP", "row": 652, "media_id": 7, "reason": "already reviewed", "ts": "2026-02-20 06:47:07"}
{"event": "SKIP", "row": 662, "media_id": 29, "reason": "already reviewed", "ts": "2026-02-20 06:47:07"}
{"event": "SKIP", "row": 657, "media_id": 56, "reason": "already reviewed", "ts": "2026-02-20 06:47:07"}
{"event": "SKIP", "row": 651, "media_id": 78, "reason": "already reviewed", "ts": "2026-02-20 06:47:07"}
{"event": "SKIP", "row": 672, "media_id": 39, "reason": "already reviewed", "ts": "2026-02-20 06:47:07"}
{"event": "SKIP", "row": 682, "media_id": 86, "reason": "already reviewed", "ts": "2026-02-20 06:47:07"}
{"event": "SKIP", "row": 676, "media_id": 69, "reason": "already reviewed", "ts": "2026-02-20 06:47:07"}
{"event": "SKIP", "row": 661, "media_id": 50, "reason": "already reviewed", "ts": "2026-02-20 06:47:07"}
{"event": "SKIP", "row": 683, "media_id": 47, "reason": "already reviewed", "ts": "2026-02-20 06:47:07"}
{"event": "SKIP", "row": 678, "media_id": 92, "reason": "already reviewed", "ts": "2026-02-20 06:47:07"}
{"event": "SKIP", "row": 663, "media_id": 13, "reason": "already reviewed", "ts": "2026-02-20 06:47:07"}
{"event": "SKIP", "row": 680, "media_id": 46, "reason": "already reviewed", "ts": "2026-02-20 06:47:07"}
{"event": "SKIP", "row": 667, "media_id": 79, "reason": "already reviewed", "ts": "2026-02-20 06:47:07"}
{"event": "SKIP", "row": 654, "media_id": 67, "reason": "already reviewed", "ts": "2026-02-20 06:47:07"}
{"event": "SKIP", "row": 688, "media_id": 96, "reason": "already reviewed", "ts": "2026-02-20 06:47:07"}
{"event": "SKIP", "row": 674, "media_id": 80, "reason": "already reviewed", "ts": "2026-02-20 06:47:07"}
{"event": "SKIP", "row": 677, "media_id": 66, "reason": "already reviewed", "ts": "2026-02-20 06:47:07"}
{"event": "SKIP", "row": 687, "media_id": 50, "reason": "already reviewed", "ts": "2026-02-20 06:47:07"}
{"event": "SKIP", "row": 689, "media_id": 9, "reason": "already reviewed", "ts": "2026-02-20 06:47:07"}
{"event": "SKIP", "row": 694, "media_id": 88, "reason": "already reviewed", "ts": "2026-02-20 06:47:07"}
{"event": "SKIP", "row": 660, "media_id": 65, "reason": "already reviewed", "ts": "2026-02-20 06:47:07"}
{"event": "SKIP", "row": 653, "media_id": 71, "reason": "already reviewed", "ts": "2026-02-20 06:47:07"}
{"event": "SKIP", "row": 693, "media_id": 44, "reason": "already reviewed", "ts": "2026-02-20 06:47:07"}
{"event": "SKIP", "row": 699, "media_id": 40, "reason": "already reviewed", "ts": "2026-02-20 06:47:07"}
{"event": "SKIP", "row": 697, "media_id": 38, "reason": "already reviewed", "ts": "2026-02-20 06:47:07"}
{"event": "SKIP", "row": 696, "media_id": 9, "reason": "already reviewed", "ts": "2026-02-20 06:47:07"}
{"event": "SKIP", "row": 690, "media_id": 94, "reason": "already reviewed", "ts": "2026-02-20 06:47:07"}
{"event": "SKIP", "row": 685, "media_id": 71, "reason": "already reviewed", "ts": "2026-02-20 06:47:07"}
{"event": "SKIP", "row": 691, "media_id": 75, "reason": "already reviewed", "ts": "2026-02-20 06:47:07"}
{"event": "SKIP", "row": 692, "media_id": 6, "reason": "already reviewed", "ts": "2026-02-20 06:47:07"}
{"event": "SKIP", "row": 686, "media_id": 61, "reason": "already reviewed", "ts": "2026-02-20 06:47:07"}
{"event": "SKIP", "row": 700, "media_id": 70, "reason": "already reviewed", "ts": "2026-02-20 06:47:07"}
{"event": "SKIP", "row": 698, "media_id": 26, "reason": "already reviewed", "ts": "2026-02-20 06:47:07"}
{"event": "SKIP", "row": 695, "media_id": 62, "reason": "already reviewed", "ts": "2026-02-20 06:47:07"}
{"event": "SKIP", "row": 681, "media_id": 54, "reason": "already reviewed", "ts": "2026-02-20 06:47:07"}
{"event": "SKIP", "row": 684, "media_id": 70, "reason": "already reviewed", "ts": "2026-02-20 06:47:07"}
{"event": "SKIP", "row": 707, "media_id": 89, "reason": "already reviewed", "ts": "2026-02-20 06:47:07"}
{"event": "SKIP", "row": 701, "media_id": 5, "reason": "already reviewed", "ts": "2026-02-20 06:47:07"}
{"event": "SKIP", "row": 704, "media_id": 48, "reason": "already reviewed", "ts": "2026-02-20 06:47:07"}
{"event": "SKIP", "row": 706, "media_id": 44, "reason": "already reviewed", "ts": "2026-02-20 06:47:07"}
{"event": "SKIP", "row": 702, "media_id": 46, "reason": "already reviewed", "ts": "2026-02-20 06:47:07"}
{"event": "SKIP", "row": 710, "media_id": 56, "reason": "already reviewed", "ts": "2026-02-20 06:47:07"}
{"event": "SKIP", "row": 712, "media_id": 14, "reason": "already reviewed", "ts": "2026-02-20 06:47:07"}
{"event": "SKIP", "row": 717, "media_id": 6, "reason": "already reviewed", "ts": "2026-02-20 06:47:07"}
{"event": "SKIP", "row": 719, "media_id": 8, "reason": "already reviewed", "ts": "2026-02-20 06:47:07"}
{"event": "SKIP", "row": 708, "media_id": 67, "reason": "already reviewed", "ts": "2026-02-20 06:47:07"}
{"event": "SKIP", "row": 705, "media_id": 96, "reason": "already reviewed", "ts": "2026-02-20 06:47:07"}
{"event": "SKIP", "row": 718, "media_id": 56, "reason": "already reviewed", "ts": "2026-02-20 06:47:07"}
{"event": "SKIP", "row": 722, "media_id": 19, "reason": "already reviewed", "ts": "2026-02-20 06:47:07"}
{"event": "SKIP", "row": 723, "media_id": 57, "reason": "already reviewed", "ts": "2026-02-20 06:47:07"}
{"event": "SKIP", "row": 714, "media_id": 58, "reason": "already reviewed", "ts": "2026-02-20 06:47:07"}
{"event": "SKIP", "row": 721, "media_id": 66, "reason": "already reviewed", "ts": "2026-02-20 06:47:07"}
{"event": "SKIP", "row": 715, "media_id": 55, "reason": "already reviewed", "ts": "2026-02-20 06:47:07"}
{"event": "SKIP", "row": 724, "media_id": 9, "reason": "already reviewed", "ts": "2026-02-20 06:47:07"}
{"event": "SKIP", "row": 711, "media_id": 70, "reason": "already reviewed", "ts": "2026-02-20 06:47:07"}
{"event": "SKIP", "row": 709, "media_id": 94, "reason": "already reviewed", "ts": "2026-02-20 06:47:07"}
{"event": "SKIP", "row": 725, "media_id": 83, "reason": "already reviewed", "ts": "2026-02-20 06:47:07"}
{"event": "SKIP", "row": 703, "media_id": 43, "reason": "already reviewed", "ts": "2026-02-20 06:47:07"}
{"event": "SKIP", "row": 726, "media_id": 50, "reason": "already reviewed", "ts": "2026-02-20 06:47:07"}
{"event": "SKIP", "row": 728, "media_id": 58, "reason": "already reviewed", "ts": "2026-02-20 06:47:07"}
{"event": "SKIP", "row": 733, "media_id": 4, "reason": "already reviewed", "ts": "2026-02-20 06:47:07"}
{"event": "SKIP", "row": 729, "media_id": 57, "reason": "already reviewed", "ts": "2026-02-20 06:47:07"}
{"event": "SKIP", "row": 735, "media_id": 16, "reason": "already reviewed", "ts": "2026-02-20 06:47:07"}
{"event": "SKIP", "row": 727, "media_id": 78, "reason": "already reviewed", "ts": "2026-02-20 06:47:07"}
{"event": "SKIP", "row": 734, "media_id": 67, "reason": "already reviewed", "ts": "2026-02-20 06:47:07"}
{"event": "SKIP", "row": 738, "media_id": 63, "reason": "already reviewed", "ts": "2026-02-20 06:47:07"}
{"event": "SKIP", "row": 740, "media_id": 23, "reason": "already reviewed", "ts": "2026-02-20 06:47:07"}
{"event": "SKIP", "row": 730, "media_id": 18, "reason": "already reviewed", "ts": "2026-02-20 06:47:07"}
{"event": "SKIP", "row": 716, "media_id": 57, "reason": "already reviewed", "ts": "2026-02-20 06:47:07"}
{"event": "SKIP", "row": 732, "media_id": 36, "reason": "already reviewed", "ts": "2026-02-20 06:47:07"}
{"event": "SKIP", "row": 745, "media_id": 66, "reason": "already reviewed", "ts": "2026-02-20 06:47:07"}
{"event": "SKIP", "row": 736, "media_id": 34, "reason": "already reviewed", "ts": "2026-02-20 06:47:07"}
{"event": "SKIP", "row": 737, "media_id": 79, "reason": "already reviewed", "ts": "2026-02-20 06:47:07"}
{"event": "SKIP", "row": 741, "media_id": 88, "reason": "already reviewed", "ts": "2026-02-20 06:47:07"}
{"event": "SKIP", "row": 713, "media_id": 85, "reason": "already reviewed", "ts": "2026-02-20 06:47:07"}
{"event": "SKIP", "row": 744, "media_id": 21, "reason": "already reviewed", "ts": "2026-02-20 06:47:07"}
{"event": "SKIP", "row": 731, "media_id": 51, "reason": "already reviewed", "ts": "2026-02-20 06:47:07"}
{"event": "SKIP", "row": 739, "media_id": 18, "reason": "already reviewed", "ts": "2026-02-20 06:47:07"}
{"event": "SKIP", "row": 747, "media_id": 64, "reason": "already reviewed", "ts": "2026-02-20 06:47:07"}
{"event": "SKIP", "row": 720, "media_id": 82, "reason": "already reviewed", "ts": "2026-02-20 06:47:07"}
{"event": "SKIP", "row": 748, "media_id": 71, "reason": "already reviewed", "ts": "2026-02-20 06:47:07"}
{"event": "SKIP", "row": 742, "media_id": 45, "reason": "already reviewed", "ts": "2026-02-20 06:47:07"}
{"event": "SKIP", "row": 743, "media_id": 70, "reason": "already reviewed", "ts": "2026-02-20 06:47:07"}
{"event": "SKIP", "row": 749, "media_id": 60, "reason": "already reviewed", "ts": "2026-02-20 06:47:07"}
{"event": "SKIP", "row": 746, "media_id": 26, "reason": "already reviewed", "ts": "2026-02-20 06:47:07"}
{"event": "SKIP", "row": 750, "media_id": 79, "reason": "already reviewed", "ts": "2026-02-20 06:47:07"}
{"event": "SKIP", "row": 751, "media_id": 40, "reason": "already reviewed", "ts": "2026-02-20 06:47:07"}
{"event": "SKIP", "row": 756, "media_id": 60, "reason": "already reviewed", "ts": "2026-02-20 06:47:07"}
{"event": "SKIP", "row": 754, "media_id": 10, "reason": "already reviewed", "ts": "2026-02-20 06:47:07"}
{"event": "SKIP", "row": 760, "media_id": 8, "reason": "already reviewed", "ts": "2026-02-20 06:47:07"}
{"event": "SKIP", "row": 757, "media_id": 17, "reason": "already reviewed", "ts": "2026-02-20 06:47:07"}
{"event": "SKIP", "row": 768, "media_id": 83, "reason": "already reviewed", "ts": "2026-02-20 06:47:07"}
{"event": "SKIP", "row": 769, "media_id": 75, "reason": "already reviewed", "ts": "2026-02-20 06:47:07"}
{"event": "SKIP", "row": 766, "media_id": 17, "reason": "already reviewed", "ts": "2026-02-20 06:47:07"}
{"event": "SKIP", "row": 762, "media_id": 21, "reason": "already reviewed", "ts": "2026-02-20 06:47:07"}
{"event": "SKIP", "row": 753, "media_id": 53, "reason": "already reviewed", "ts": "2026-02-20 06:47:07"}
{"event": "SKIP", "row": 759, "media_id": 17, "reason": "already reviewed", "ts": "2026-02-20 06:47:07"}
{"event": "SKIP", "row": 763, "media_id": 29, "reason": "already reviewed", "ts": "2026-02-20 06:47:07"}
{"event": "SKIP", "row": 758, "media_id": 76, "reason": "already reviewed", "ts": "2026-02-20 06:47:07"}
{"event": "SKIP", "row": 764, "media_id": 37, "reason": "already reviewed", "ts": "2026-02-20 06:47:07"}
{"event": "SKIP", "row": 752, "media_id": 93, "reason": "already reviewed", "ts": "2026-02-20 06:47:07"}
{"event": "SKIP", "row": 755, "media_id": 83, "reason": "already reviewed", "ts": "2026-02-20 06:47:07"}
{"event": "SKIP", "row": 770, "media_id": 85, "reason": "already reviewed", "ts": "2026-02-20 06:47:07"}
{"event": "SKIP", "row": 779, "media_id": 32, "reason": "already reviewed", "ts": "2026-02-20 06:47:07"}
{"event": "SKIP", "row": 773, "media_id": 6, "reason": "already reviewed", "ts": "2026-02-20 06:47:07"}
{"event": "SKIP", "row": 765, "media_id": 26, "reason": "already reviewed", "ts": "2026-02-20 06:47:07"}
{"event": "SKIP", "row": 771, "media_id": 78, "reason": "already reviewed", "ts": "2026-02-20 06:47:07"}
{"event": "SKIP", "row": 767, "media_id": 69, "reason": "already reviewed", "ts": "2026-02-20 06:47:07"}
{"event": "SKIP", "row": 774, "media_id": 84, "reason": "already reviewed", "ts": "2026-02-20 06:47:07"}
{"event": "SKIP", "row": 778, "media_id": 83, "reason": "already reviewed", "ts": "2026-02-20 06:47:08"}
{"event": "SKIP", "row": 783, "media_id": 27, "reason": "already reviewed", "ts": "2026-02-20 06:47:08"}
{"event": "SKIP", "row": 776, "media_id": 82, "reason": "already reviewed", "ts": "2026-02-20 06:47:08"}
{"event": "SKIP", "row": 761, "media_id": 20, "reason": "already reviewed", "ts": "2026-02-20 06:47:08"}
{"event": "SKIP", "row": 782, "media_id": 54, "reason": "already reviewed", "ts": "2026-02-20 06:47:08"}
{"event": "SKIP", "row": 775, "media_id": 74, "reason": "already reviewed", "ts": "2026-02-20 06:47:08"}
{"event": "SKIP", "row": 788, "media_id": 31, "reason": "already reviewed", "ts": "2026-02-20 06:47:08"}
{"event": "SKIP", "row": 785, "media_id": 41, "reason": "already reviewed", "ts": "2026-02-20 06:47:08"}
{"event": "SKIP", "row": 772, "media_id": 6, "reason": "already reviewed", "ts": "2026-02-20 06:47:08"}
{"event": "SKIP", "row": 784, "media_id": 19, "reason": "already reviewed", "ts": "2026-02-20 06:47:08"}
{"event": "SKIP", "row": 781, "media_id": 8, "reason": "already reviewed", "ts": "2026-02-20 06:47:08"}
{"event": "SKIP", "row": 793, "media_id": 42, "reason": "already reviewed", "ts": "2026-02-20 06:47:08"}
{"event": "SKIP", "row": 789, "media_id": 35, "reason": "already reviewed", "ts": "2026-02-20 06:47:08"}
{"event": "SKIP", "row": 790, "media_id": 19, "reason": "already reviewed", "ts": "2026-02-20 06:47:08"}
{"event": "SKIP", "row": 792, "media_id": 54, "reason": "already reviewed", "ts": "2026-02-20 06:47:08"}
{"event": "SKIP", "row": 786, "media_id": 17, "reason": "already reviewed", "ts": "2026-02-20 06:47:08"}
{"event": "SKIP", "row": 799, "media_id": 31, "reason": "already reviewed", "ts": "2026-02-20 06:47:08"}
{"event": "SKIP", "row": 800, "media_id": 46, "reason": "already reviewed", "ts": "2026-02-20 06:47:08"}
{"event": "SKIP", "row": 780, "media_id": 59, "reason": "already reviewed", "ts": "2026-02-20 06:47:08"}
{"event": "SKIP", "row": 795, "media_id": 21, "reason": "already reviewed", "ts": "2026-02-20 06:47:08"}
{"event": "SKIP", "row": 794, "media_id": 41, "reason": "already reviewed", "ts": "2026-02-20 06:47:08"}
{"event": "SKIP", "row": 796, "media_id": 60, "reason": "already reviewed", "ts": "2026-02-20 06:47:08"}
{"event": "SKIP", "row": 787, "media_id": 72, "reason": "already reviewed", "ts": "2026-02-20 06:47:08"}
{"event": "SKIP", "row": 797, "media_id": 64, "reason": "already reviewed", "ts": "2026-02-20 06:47:08"}
{"event": "SKIP", "row": 798, "media_id": 51, "reason": "already reviewed", "ts": "2026-02-20 06:47:08"}
{"event": "SKIP", "row": 791, "media_id": 38, "reason": "already reviewed", "ts": "2026-02-20 06:47:08"}
{"event": "SKIP", "row": 777, "media_id": 81, "reason": "already reviewed", "ts": "2026-02-20 06:47:08"}
{"event": "SKIP", "row": 807, "media_id": 52, "reason": "already reviewed", "ts": "2026-02-20 06:47:08"}
{"event": "SKIP", "row": 802, "media_id": 84, "reason": "already reviewed", "ts": "2026-02-20 06:47:08"}
{"event": "SKIP", "row": 819, "media_id": 43, "reason": "already reviewed", "ts": "2026-02-20 06:47:08"}
{"event": "SKIP", "row": 801, "media_id": 37, "reason": "already reviewed", "ts": "2026-02-20 06:47:08"}
{"event": "SKIP", "row": 809, "media_id": 71, "reason": "already reviewed", "ts": "2026-02-20 06:47:08"}
{"event": "SKIP", "row": 808, "media_id": 72, "reason": "already reviewed", "ts": "2026-02-20 06:47:08"}
{"event": "SKIP", "row": 823, "media_id": 51, "reason": "already reviewed", "ts": "2026-02-20 06:47:08"}
{"event": "SKIP", "row": 814, "media_id": 48, "reason": "already reviewed", "ts": "2026-02-20 06:47:08"}
{"event": "SKIP", "row": 805, "media_id": 94, "reason": "already reviewed", "ts": "2026-02-20 06:47:08"}
{"event": "SKIP", "row": 821, "media_id": 66, "reason": "already reviewed", "ts": "2026-02-20 06:47:08"}
{"event": "SKIP", "row": 817, "media_id": 65, "reason": "already reviewed", "ts": "2026-02-20 06:47:08"}
{"event": "SKIP", "row": 810, "media_id": 50, "reason": "already reviewed", "ts": "2026-02-20 06:47:08"}
{"event": "SKIP", "row": 820, "media_id": 59, "reason": "already reviewed", "ts": "2026-02-20 06:47:08"}
{"event": "SKIP", "row": 818, "media_id": 5, "reason": "already reviewed", "ts": "2026-02-20 06:47:08"}
{"event": "SKIP", "row": 825, "media_id": 65, "reason": "already reviewed", "ts": "2026-02-20 06:47:08"}
{"event": "SKIP", "row": 822, "media_id": 79, "reason": "already reviewed", "ts": "2026-02-20 06:47:08"}
{"event": "SKIP", "row": 824, "media_id": 39, "reason": "already reviewed", "ts": "2026-02-20 06:47:08"}
{"event": "SKIP", "row": 811, "media_id": 98, "reason": "already reviewed", "ts": "2026-02-20 06:47:08"}
{"event": "SKIP", "row": 826, "media_id": 63, "reason": "already reviewed", "ts": "2026-02-20 06:47:08"}
{"event": "SKIP", "row": 812, "media_id": 80, "reason": "already reviewed", "ts": "2026-02-20 06:47:08"}
{"event": "SKIP", "row": 816, "media_id": 78, "reason": "already reviewed", "ts": "2026-02-20 06:47:08"}
{"event": "SKIP", "row": 804, "media_id": 56, "reason": "already reviewed", "ts": "2026-02-20 06:47:08"}
{"event": "SKIP", "row": 828, "media_id": 43, "reason": "already reviewed", "ts": "2026-02-20 06:47:08"}
{"event": "SKIP", "row": 831, "media_id": 61, "reason": "already reviewed", "ts": "2026-02-20 06:47:08"}
{"event": "SKIP", "row": 806, "media_id": 52, "reason": "already reviewed", "ts": "2026-02-20 06:47:08"}
{"event": "SKIP", "row": 813, "media_id": 17, "reason": "already reviewed", "ts": "2026-02-20 06:47:08"}
{"event": "SKIP", "row": 832, "media_id": 100, "reason": "already reviewed", "ts": "2026-02-20 06:47:08"}
{"event": "SKIP", "row": 827, "media_id": 61, "reason": "already reviewed", "ts": "2026-02-20 06:47:08"}
{"event": "SKIP", "row": 830, "media_id": 89, "reason": "already reviewed", "ts": "2026-02-20 06:47:08"}
{"event": "SKIP", "row": 839, "media_id": 3, "reason": "already reviewed", "ts": "2026-02-20 06:47:08"}
{"event": "SKIP", "row": 829, "media_id": 75, "reason": "already reviewed", "ts": "2026-02-20 06:47:08"}
{"event": "SKIP", "row": 833, "media_id": 30, "reason": "already reviewed", "ts": "2026-02-20 06:47:08"}
{"event": "SKIP", "row": 815, "media_id": 47, "reason": "already reviewed", "ts": "2026-02-20 06:47:08"}
{"event": "SKIP", "row": 848, "media_id": 69, "reason": "already reviewed", "ts": "2026-02-20 06:47:08"}
{"event": "SKIP", "row": 836, "media_id": 49, "reason": "already reviewed", "ts": "2026-02-20 06:47:08"}
{"event": "SKIP", "row": 835, "media_id": 81, "reason": "already reviewed", "ts": "2026-02-20 06:47:08"}
{"event": "SKIP", "row": 834, "media_id": 62, "reason": "already reviewed", "ts": "2026-02-20 06:47:08"}
{"event": "SKIP", "row": 840, "media_id": 54, "reason": "already reviewed", "ts": "2026-02-20 06:47:08"}
{"event": "SKIP", "row": 844, "media_id": 18, "reason": "already reviewed", "ts": "2026-02-20 06:47:08"}
{"event": "SKIP", "row": 837, "media_id": 32, "reason": "already reviewed", "ts": "2026-02-20 06:47:08"}
{"event": "SKIP", "row": 849, "media_id": 46, "reason": "already reviewed", "ts": "2026-02-20 06:47:08"}
{"event": "SKIP", "row": 845, "media_id": 72, "reason": "already reviewed", "ts": "2026-02-20 06:47:08"}
{"event": "SKIP", "row": 843, "media_id": 95, "reason": "already reviewed", "ts": "2026-02-20 06:47:08"}
{"event": "SKIP", "row": 803, "media_id": 69, "reason": "already reviewed", "ts": "2026-02-20 06:47:08"}
{"event": "SKIP", "row": 850, "media_id": 62, "reason": "already reviewed", "ts": "2026-02-20 06:47:08"}
{"event": "SKIP", "row": 841, "media_id": 89, "reason": "already reviewed", "ts": "2026-02-20 06:47:08"}
{"event": "SKIP", "row": 846, "media_id": 62, "reason": "already reviewed", "ts": "2026-02-20 06:47:08"}
{"event": "SKIP", "row": 847, "media_id": 41, "reason": "already reviewed", "ts": "2026-02-20 06:47:08"}
{"event": "SKIP", "row": 838, "media_id": 90, "reason": "already reviewed", "ts": "2026-02-20 06:47:08"}
{"event": "SKIP", "row": 842, "media_id": 65, "reason": "already reviewed", "ts": "2026-02-20 06:47:08"}
{"event": "SKIP", "row": 851, "media_id": 36, "reason": "already reviewed", "ts": "2026-02-20 06:47:08"}
{"event": "SKIP", "row": 861, "media_id": 11, "reason": "already reviewed", "ts": "2026-02-20 06:47:08"}
{"event": "SKIP", "row": 854, "media_id": 91, "reason": "already reviewed", "ts": "2026-02-20 06:47:08"}
{"event": "SKIP", "row": 865, "media_id": 90, "reason": "already reviewed", "ts": "2026-02-20 06:47:08"}
{"event": "SKIP", "row": 852, "media_id": 29, "reason": "already reviewed", "ts": "2026-02-20 06:47:08"}
{"event": "SKIP", "row": 855, "media_id": 62, "reason": "already reviewed", "ts": "2026-02-20 06:47:08"}
{"event": "SKIP", "row": 860, "media_id": 6, "reason": "already reviewed", "ts": "2026-02-20 06:47:08"}
{"event": "SKIP", "row": 857, "media_id": 16, "reason": "already reviewed", "ts": "2026-02-20 06:47:08"}
{"event": "SKIP", "row": 869, "media_id": 82, "reason": "already reviewed", "ts": "2026-02-20 06:47:08"}
{"event": "SKIP", "row": 858, "media_id": 70, "reason": "already reviewed", "ts": "2026-02-20 06:47:08"}
{"event": "SKIP", "row": 870, "media_id": 13, "reason": "already reviewed", "ts": "2026-02-20 06:47:08"}
{"event": "SKIP", "row": 873, "media_id": 71, "reason": "already reviewed", "ts": "2026-02-20 06:47:08"}
{"event": "SKIP", "row": 853, "media_id": 37, "reason": "already reviewed", "ts": "2026-02-20 06:47:08"}
{"event": "SKIP", "row": 864, "media_id": 69, "reason": "already reviewed", "ts": "2026-02-20 06:47:08"}
{"event": "SKIP", "row": 867, "media_id": 76, "reason": "already reviewed", "ts": "2026-02-20 06:47:08"}
{"event": "SKIP", "row": 871, "media_id": 92, "reason": "already reviewed", "ts": "2026-02-20 06:47:08"}
{"event": "SKIP", "row": 874, "media_id": 84, "reason": "already reviewed", "ts": "2026-02-20 06:47:08"}
{"event": "SKIP", "row": 868, "media_id": 7, "reason": "already reviewed", "ts": "2026-02-20 06:47:08"}
{"event": "SKIP", "row": 863, "media_id": 62, "reason": "already reviewed", "ts": "2026-02-20 06:47:08"}
{"event": "SKIP", "row": 859, "media_id": 45, "reason": "already reviewed", "ts": "2026-02-20 06:47:08"}
{"event": "SKIP", "row": 879, "media_id": 69, "reason": "already reviewed", "ts": "2026-02-20 06:47:08"}
{"event": "SKIP", "row": 866, "media_id": 14, "reason": "already reviewed", "ts": "2026-02-20 06:47:08"}
{"event": "SKIP", "row": 872, "media_id": 88, "reason": "already reviewed", "ts": "2026-02-20 06:47:08"}
{"event": "SKIP", "row": 862, "media_id": 84, "reason": "already reviewed", "ts": "2026-02-20 06:47:08"}
{"event": "SKIP", "row": 881, "media_id": 51, "reason": "already reviewed", "ts": "2026-02-20 06:47:08"}
{"event": "SKIP", "row": 882, "media_id": 96, "reason": "already reviewed", "ts": "2026-02-20 06:47:08"}
{"event": "SKIP", "row": 880, "media_id": 54, "reason": "already reviewed", "ts": "2026-02-20 06:47:08"}
{"event": "SKIP", "row": 876, "media_id": 37, "reason": "already reviewed", "ts": "2026-02-20 06:47:08"}
{"event": "SKIP", "row": 886, "media_id": 70, "reason": "already reviewed", "ts": "2026-02-20 06:47:08"}
{"event": "SKIP", "row": 885, "media_id": 37, "reason": "already reviewed", "ts": "2026-02-20 06:47:08"}
{"event": "SKIP", "row": 889, "media_id": 43, "reason": "already reviewed", "ts": "2026-02-20 06:47:08"}
{"event": "SKIP", "row": 888, "media_id": 35, "reason": "already reviewed", "ts": "2026-02-20 06:47:08"}
{"event": "SKIP", "row": 877, "media_id": 83, "reason": "already reviewed", "ts": "2026-02-20 06:47:08"}
{"event": "SKIP", "row": 878, "media_id": 12, "reason": "already reviewed", "ts": "2026-02-20 06:47:08"}
{"event": "SKIP", "row": 884, "media_id": 78, "reason": "already reviewed", "ts": "2026-02-20 06:47:08"}
{"event": "SKIP", "row": 891, "media_id": 24, "reason": "already reviewed", "ts": "2026-02-20 06:47:08"}
{"event": "SKIP", "row": 856, "media_id": 93, "reason": "already reviewed", "ts": "2026-02-20 06:47:08"}
{"event": "SKIP", "row": 892, "media_id": 44, "reason": "already reviewed", "ts": "2026-02-20 06:47:08"}
{"event": "SKIP", "row": 897, "media_id": 18, "reason": "already reviewed", "ts": "2026-02-20 06:47:08"}
{"event": "SKIP", "row": 887, "media_id": 18, "reason": "already reviewed", "ts": "2026-02-20 06:47:08"}
{"event": "SKIP", "row": 899, "media_id": 50, "reason": "already reviewed", "ts": "2026-02-20 06:47:08"}
{"event": "SKIP", "row": 875, "media_id": 84, "reason": "already reviewed", "ts": "2026-02-20 06:47:08"}
{"event": "SKIP", "row": 893, "media_id": 87, "reason": "already reviewed", "ts": "2026-02-20 06:47:08"}
{"event": "SKIP", "row": 894, "media_id": 79, "reason": "already reviewed", "ts": "2026-02-20 06:47:08"}
{"event": "SKIP", "row": 900, "media_id": 97, "reason": "already reviewed", "ts": "2026-02-20 06:47:08"}
{"event": "SKIP", "row": 890, "media_id": 59, "reason": "already reviewed", "ts": "2026-02-20 06:47:08"}
{"event": "SKIP", "row": 896, "media_id": 52, "reason": "already reviewed", "ts": "2026-02-20 06:47:08"}
{"event": "SKIP", "row": 898, "media_id": 32, "reason": "already reviewed", "ts": "2026-02-20 06:47:08"}
{"event": "SKIP", "row": 895, "media_id": 66, "reason": "already reviewed", "ts": "2026-02-20 06:47:08"}
{"event": "SKIP", "row": 883, "media_id": 2, "reason": "already reviewed", "ts": "2026-02-20 06:47:08"}
{"event": "SKIP", "row": 919, "media_id": 71, "reason": "already reviewed", "ts": "2026-02-20 06:47:08"}
{"event": "SKIP", "row": 903, "media_id": 84, "reason": "already reviewed", "ts": "2026-02-20 06:47:08"}
{"event": "SKIP", "row": 918, "media_id": 73, "reason": "already reviewed", "ts": "2026-02-20 06:47:08"}
{"event": "SKIP", "row": 912, "media_id": 54, "reason": "already reviewed", "ts": "2026-02-20 06:47:08"}
{"event": "SKIP", "row": 911, "media_id": 59, "reason": "already reviewed", "ts": "2026-02-20 06:47:08"}
{"event": "SKIP", "row": 917, "media_id": 91, "reason": "already reviewed", "ts": "2026-02-20 06:47:08"}
{"event": "SKIP", "row": 901, "media_id": 39, "reason": "already reviewed", "ts": "2026-02-20 06:47:08"}
{"event": "SKIP", "row": 908, "media_id": 16, "reason": "already reviewed", "ts": "2026-02-20 06:47:08"}
{"event": "SKIP", "row": 902, "media_id": 74, "reason": "already reviewed", "ts": "2026-02-20 06:47:08"}
{"event": "SKIP", "row": 920, "media_id": 74, "reason": "already reviewed", "ts": "2026-02-20 06:47:08"}
{"event": "SKIP", "row": 909, "media_id": 79, "reason": "already reviewed", "ts": "2026-02-20 06:47:08"}
{"event": "SKIP", "row": 915, "media_id": 97, "reason": "already reviewed", "ts": "2026-02-20 06:47:08"}
{"event": "SKIP", "row": 913, "media_id": 97, "reason": "already reviewed", "ts": "2026-02-20 06:47:08"}
{"event": "SKIP", "row": 916, "media_id": 68, "reason": "already reviewed", "ts": "2026-02-20 06:47:08"}
{"event": "SKIP", "row": 921, "media_id": 22, "reason": "already reviewed", "ts": "2026-02-20 06:47:08"}
{"event": "SKIP", "row": 907, "media_id": 65, "reason": "already reviewed", "ts": "2026-02-20 06:47:08"}
{"event": "SKIP", "row": 905, "media_id": 16, "reason": "already reviewed", "ts": "2026-02-20 06:47:08"}
{"event": "SKIP", "row": 904, "media_id": 31, "reason": "already reviewed", "ts": "2026-02-20 06:47:08"}
{"event": "SKIP", "row": 933, "media_id": 8, "reason": "already reviewed", "ts": "2026-02-20 06:47:08"}
{"event": "SKIP", "row": 914, "media_id": 28, "reason": "already reviewed", "ts": "2026-02-20 06:47:08"}
{"event": "SKIP", "row": 922, "media_id": 57, "reason": "already reviewed", "ts": "2026-02-20 06:47:08"}
{"event": "SKIP", "row": 934, "media_id": 5, "reason": "already reviewed", "ts": "2026-02-20 06:47:08"}
{"event": "SKIP", "row": 926, "media_id": 66, "reason": "already reviewed", "ts": "2026-02-20 06:47:08"}
{"event": "SKIP", "row": 910, "media_id": 18, "reason": "already reviewed", "ts": "2026-02-20 06:47:08"}
{"event": "SKIP", "row": 929, "media_id": 3, "reason": "already reviewed", "ts": "2026-02-20 06:47:08"}
{"event": "SKIP", "row": 928, "media_id": 60, "reason": "already reviewed", "ts": "2026-02-20 06:47:08"}
{"event": "SKIP", "row": 923, "media_id": 27, "reason": "already reviewed", "ts": "2026-02-20 06:47:08"}
{"event": "SKIP", "row": 906, "media_id": 21, "reason": "already reviewed", "ts": "2026-02-20 06:47:08"}
{"event": "SKIP", "row": 924, "media_id": 12, "reason": "already reviewed", "ts": "2026-02-20 06:47:08"}
{"event": "SKIP", "row": 927, "media_id": 73, "reason": "already reviewed", "ts": "2026-02-20 06:47:08"}
{"event": "SKIP", "row": 939, "media_id": 85, "reason": "already reviewed", "ts": "2026-02-20 06:47:08"}
{"event": "SKIP", "row": 935, "media_id": 24, "reason": "already reviewed", "ts": "2026-02-20 06:47:08"}
{"event": "SKIP", "row": 937, "media_id": 49, "reason": "already reviewed", "ts": "2026-02-20 06:47:08"}
{"event": "SKIP", "row": 925, "media_id": 8, "reason": "already reviewed", "ts": "2026-02-20 06:47:08"}
{"event": "SKIP", "row": 941, "media_id": 23, "reason": "already reviewed", "ts": "2026-02-20 06:47:08"}
{"event": "SKIP", "row": 932, "media_id": 45, "reason": "already reviewed", "ts": "2026-02-20 06:47:08"}
{"event": "SKIP", "row": 942, "media_id": 68, "reason": "already reviewed", "ts": "2026-02-20 06:47:08"}
{"event": "SKIP", "row": 943, "media_id": 29, "reason": "already reviewed", "ts": "2026-02-20 06:47:08"}
{"event": "SKIP", "row": 940, "media_id": 84, "reason": "already reviewed", "ts": "2026-02-20 06:47:08"}
{"event": "SKIP", "row": 947, "media_id": 32, "reason": "already reviewed", "ts": "2026-02-20 06:47:08"}
{"event": "SKIP", "row": 946, "media_id": 69, "reason": "already reviewed", "ts": "2026-02-20 06:47:08"}
{"event": "SKIP", "row": 944, "media_id": 3, "reason": "already reviewed", "ts": "2026-02-20 06:47:08"}
{"event": "SKIP", "row": 931, "media_id": 10, "reason": "already reviewed", "ts": "2026-02-20 06:47:08"}
{"event": "SKIP", "row": 938, "media_id": 49, "reason": "already reviewed", "ts": "2026-02-20 06:47:08"}
{"event": "SKIP", "row": 930, "media_id": 1, "reason": "already reviewed", "ts": "2026-02-20 06:47:08"}
{"event": "SKIP", "row": 950, "media_id": 85, "reason": "already reviewed", "ts": "2026-02-20 06:47:08"}
{"event": "SKIP", "row": 948, "media_id": 20, "reason": "already reviewed", "ts": "2026-02-20 06:47:08"}
{"event": "SKIP", "row": 936, "media_id": 83, "reason": "already reviewed", "ts": "2026-02-20 06:47:08"}
{"event": "SKIP", "row": 945, "media_id": 87, "reason": "already reviewed", "ts": "2026-02-20 06:47:08"}
{"event": "SKIP", "row": 949, "media_id": 93, "reason": "already reviewed", "ts": "2026-02-20 06:47:08"}
{"event": "SKIP", "row": 957, "media_id": 28, "reason": "already reviewed", "ts": "2026-02-20 06:47:08"}
{"event": "SKIP", "row": 969, "media_id": 41, "reason": "already reviewed", "ts": "2026-02-20 06:47:08"}
{"event": "SKIP", "row": 951, "media_id": 99, "reason": "already reviewed", "ts": "2026-02-20 06:47:08"}
{"event": "SKIP", "row": 960, "media_id": 74, "reason": "already reviewed", "ts": "2026-02-20 06:47:08"}
{"event": "SKIP", "row": 970, "media_id": 20, "reason": "already reviewed", "ts": "2026-02-20 06:47:08"}
{"event": "SKIP", "row": 952, "media_id": 27, "reason": "already reviewed", "ts": "2026-02-20 06:47:08"}
{"event": "SKIP", "row": 967, "media_id": 64, "reason": "already reviewed", "ts": "2026-02-20 06:47:08"}
{"event": "SKIP", "row": 954, "media_id": 77, "reason": "already reviewed", "ts": "2026-02-20 06:47:08"}
{"event": "SKIP", "row": 965, "media_id": 72, "reason": "already reviewed", "ts": "2026-02-20 06:47:08"}
{"event": "SKIP", "row": 963, "media_id": 67, "reason": "already reviewed", "ts": "2026-02-20 06:47:08"}
{"event": "SKIP", "row": 976, "media_id": 18, "reason": "already reviewed", "ts": "2026-02-20 06:47:08"}
{"event": "SKIP", "row": 956, "media_id": 57, "reason": "already reviewed", "ts": "2026-02-20 06:47:08"}
{"event": "SKIP", "row": 968, "media_id": 83, "reason": "already reviewed", "ts": "2026-02-20 06:47:08"}
{"event": "SKIP", "row": 953, "media_id": 77, "reason": "already reviewed", "ts": "2026-02-20 06:47:08"}
{"event": "SKIP", "row": 974, "media_id": 8, "reason": "already reviewed", "ts": "2026-02-20 06:47:08"}
{"event": "SKIP", "row": 962, "media_id": 39, "reason": "already reviewed", "ts": "2026-02-20 06:47:08"}
{"event": "SKIP", "row": 971, "media_id": 24, "reason": "already reviewed", "ts": "2026-02-20 06:47:08"}
{"event": "SKIP", "row": 966, "media_id": 23, "reason": "already reviewed", "ts": "2026-02-20 06:47:08"}
{"event": "SKIP", "row": 972, "media_id": 31, "reason": "already reviewed", "ts": "2026-02-20 06:47:08"}
{"event": "SKIP", "row": 964, "media_id": 39, "reason": "already reviewed", "ts": "2026-02-20 06:47:08"}
{"event": "SKIP", "row": 981, "media_id": 35, "reason": "already reviewed", "ts": "2026-02-20 06:47:08"}
{"event": "SKIP", "row": 977, "media_id": 33, "reason": "already reviewed", "ts": "2026-02-20 06:47:08"}
{"event": "SKIP", "row": 980, "media_id": 93, "reason": "already reviewed", "ts": "2026-02-20 06:47:08"}
{"event": "SKIP", "row": 975, "media_id": 54, "reason": "already reviewed", "ts": "2026-02-20 06:47:08"}
{"event": "SKIP", "row": 961, "media_id": 87, "reason": "already reviewed", "ts": "2026-02-20 06:47:08"}
{"event": "SKIP", "row": 959, "media_id": 94, "reason": "already reviewed", "ts": "2026-02-20 06:47:08"}
{"event": "SKIP", "row": 984, "media_id": 76, "reason": "already reviewed", "ts": "2026-02-20 06:47:08"}
{"event": "SKIP", "row": 987, "media_id": 25, "reason": "already reviewed", "ts": "2026-02-20 06:47:08"}
{"event": "SKIP", "row": 973, "media_id": 91, "reason": "already reviewed", "ts": "2026-02-20 06:47:08"}
{"event": "SKIP", "row": 958, "media_id": 65, "reason": "already reviewed", "ts": "2026-02-20 06:47:08"}
{"event": "SKIP", "row": 986, "media_id": 39, "reason": "already reviewed", "ts": "2026-02-20 06:47:08"}
{"event": "SKIP", "row": 988, "media_id": 97, "reason": "already reviewed", "ts": "2026-02-20 06:47:08"}
{"event": "SKIP", "row": 978, "media_id": 83, "reason": "already reviewed", "ts": "2026-02-20 06:47:08"}
{"event": "SKIP", "row": 991, "media_id": 71, "reason": "already reviewed", "ts": "2026-02-20 06:47:08"}
{"event": "SKIP", "row": 985, "media_id": 62, "reason": "already reviewed", "ts": "2026-02-20 06:47:08"}
{"event": "SKIP", "row": 955, "media_id": 95, "reason": "already reviewed", "ts": "2026-02-20 06:47:08"}
{"event": "SKIP", "row": 989, "media_id": 90, "reason": "already reviewed", "ts": "2026-02-20 06:47:08"}
{"event": "SKIP", "row": 990, "media_id": 27, "reason": "already reviewed", "ts": "2026-02-20 06:47:08"}
{"event": "SKIP", "row": 994, "media_id": 34, "reason": "already reviewed", "ts": "2026-02-20 06:47:08"}
{"event": "SKIP", "row": 992, "media_id": 37, "reason": "already reviewed", "ts": "2026-02-20 06:47:08"}
{"event": "SKIP", "row": 993, "media_id": 69, "reason": "already reviewed", "ts": "2026-02-20 06:47:08"}
{"event": "SKIP", "row": 995, "media_id": 64, "reason": "already reviewed", "ts": "2026-02-20 06:47:08"}
{"event": "SKIP", "row": 979, "media_id": 48, "reason": "already reviewed", "ts": "2026-02-20 06:47:08"}
{"event": "SKIP", "row": 997, "media_id": 41, "reason": "already reviewed", "ts": "2026-02-20 06:47:08"}
{"event": "SKIP", "row": 996, "media_id": 93, "reason": "already reviewed", "ts": "2026-02-20 06:47:08"}
{"event": "SKIP", "row": 1000, "media_id": 19, "reason": "already reviewed", "ts": "2026-02-20 06:47:08"}
{"event": "SKIP", "row": 982, "media_id": 78, "reason": "already reviewed", "ts": "2026-02-20 06:47:08"}
{"event": "SKIP", "row": 998, "media_id": 41, "reason": "already reviewed", "ts": "2026-02-20 06:47:08"}
{"event": "SKIP", "row": 983, "media_id": 10, "reason": "already reviewed", "ts": "2026-02-20 06:47:08"}
{"event": "SKIP", "row": 999, "media_id": 73, "reason": "already reviewed", "ts": "2026-02-20 06:47:08"}
{"event": "BULK_DONE", "file": "reviews.csv", "total": 1000, "success": 111, "skipped": 889, "failed": 0, "elapsed_sec": 4.35, "ts": "2026-02-20 06:47:08"}
{"event": "BULK_START", "file": "reviews.csv", "total": 1000, "user_id": 7, "ts": "2026-02-20 07:51:56"}
{"event": "SUCCESS", "row": 1, "user_id": 7, "media_id": 82, "rating": 1, "comment": "Total waste of time", "ts": "2026-02-20 07:51:56"}
{"event": "SUCCESS", "row": 16, "user_id": 7, "media_id": 46, "rating": 3, "comment": "Groundbreaking stuff", "ts": "2026-02-20 07:51:56"}
{"event": "SKIP", "row": 13, "media_id": 36, "reason": "already reviewed", "ts": "2026-02-20 07:51:56"}
{"event": "SKIP", "row": 15, "media_id": 12, "reason": "already reviewed", "ts": "2026-02-20 07:51:56"}
{"event": "SUCCESS", "row": 20, "user_id": 7, "media_id": 38, "rating": 5, "comment": "Solid 4 out of 5", "ts": "2026-02-20 07:51:56"}
{"event": "SUCCESS", "row": 10, "user_id": 7, "media_id": 29, "rating": 4, "comment": "Cheesy but enjoyable", "ts": "2026-02-20 07:51:56"}
{"event": "SKIP", "row": 25, "media_id": 36, "reason": "already reviewed", "ts": "2026-02-20 07:51:56"}
{"event": "SKIP", "row": 11, "media_id": 36, "reason": "already reviewed", "ts": "2026-02-20 07:51:56"}
{"event": "SUCCESS", "row": 3, "user_id": 7, "media_id": 29, "rating": 2, "comment": "Feels recycled", "ts": "2026-02-20 07:51:56"}
{"event": "SUCCESS", "row": 5, "user_id": 7, "media_id": 76, "rating": 4, "comment": "Mind blowing experience", "ts": "2026-02-20 07:51:56"}
{"event": "SKIP", "row": 29, "media_id": 82, "reason": "already reviewed", "ts": "2026-02-20 07:51:56"}
{"event": "SUCCESS", "row": 7, "user_id": 7, "media_id": 30, "rating": 5, "comment": "Groundbreaking stuff", "ts": "2026-02-20 07:51:56"}
{"event": "SUCCESS", "row": 21, "user_id": 7, "media_id": 74, "rating": 2, "comment": "Dry and lifeless", "ts": "2026-02-20 07:51:56"}
{"event": "SUCCESS", "row": 26, "user_id": 7, "media_id": 47, "rating": 2, "comment": "Solid 4 out of 5", "ts": "2026-02-20 07:51:56"}
{"event": "SUCCESS", "row": 14, "user_id": 7, "media_id": 98, "rating": 3, "comment": "Decent but could be better", "ts": "2026-02-20 07:51:56"}
{"event": "SKIP", "row": 27, "media_id": 46, "reason": "already reviewed", "ts": "2026-02-20 07:51:56"}
{"event": "SKIP", "row": 32, "media_id": 82, "reason": "already reviewed", "ts": "2026-02-20 07:51:56"}
{"event": "SUCCESS", "row": 9, "user_id": 7, "media_id": 92, "rating": 5, "comment": "Loved every minute", "ts": "2026-02-20 07:51:56"}
{"event": "SUCCESS", "row": 23, "user_id": 7, "media_id": 30, "rating": 3, "comment": "Must watch for everyone", "ts": "2026-02-20 07:51:56"}
{"event": "SUCCESS", "row": 35, "user_id": 7, "media_id": 5, "rating": 3, "comment": "Nothing special", "ts": "2026-02-20 07:51:56"}
{"event": "SUCCESS", "row": 30, "user_id": 7, "media_id": 94, "rating": 2, "comment": "Overrated in my opinion", "ts": "2026-02-20 07:51:56"}
{"event": "SUCCESS", "row": 31, "user_id": 7, "media_id": 60, "rating": 4, "comment": "Stunning visuals", "ts": "2026-02-20 07:51:56"}
{"event": "SKIP", "row": 36, "media_id": 35, "reason": "already reviewed", "ts": "2026-02-20 07:51:56"}
{"event": "SUCCESS", "row": 39, "user_id": 7, "media_id": 83, "rating": 4, "comment": "Highly recommended", "ts": "2026-02-20 07:51:56"}
{"event": "SKIP", "row": 40, "media_id": 34, "reason": "already reviewed", "ts": "2026-02-20 07:51:56"}
{"event": "SUCCESS", "row": 45, "user_id": 7, "media_id": 64, "rating": 1, "comment": "Gripping from start to finish", "ts": "2026-02-20 07:51:56"}
{"event": "SUCCESS", "row": 33, "user_id": 7, "media_id": 88, "rating": 3, "comment": "Lost interest halfway", "ts": "2026-02-20 07:51:56"}
{"event": "SUCCESS", "row": 43, "user_id": 7, "media_id": 75, "rating": 4, "comment": "Solid 4 out of 5", "ts": "2026-02-20 07:51:56"}
{"event": "SKIP", "row": 44, "media_id": 29, "reason": "already reviewed", "ts": "2026-02-20 07:51:56"}
{"event": "SUCCESS", "row": 49, "user_id": 7, "media_id": 50, "rating": 4, "comment": "Groundbreaking stuff", "ts": "2026-02-20 07:51:56"}
{"event": "SUCCESS", "row": 46, "user_id": 7, "media_id": 7, "rating": 1, "comment": "Highly recommended", "ts": "2026-02-20 07:51:56"}
{"event": "SUCCESS", "row": 47, "user_id": 7, "media_id": 81, "rating": 2, "comment": "Overhyped trash", "ts": "2026-02-20 07:51:56"}
{"event": "SUCCESS", "row": 48, "user_id": 7, "media_id": 55, "rating": 5, "comment": "Boring and slow paced", "ts": "2026-02-20 07:51:56"}
{"event": "SKIP", "row": 50, "media_id": 60, "reason": "already reviewed", "ts": "2026-02-20 07:51:56"}
{"event": "SKIP", "row": 42, "media_id": 34, "reason": "already reviewed", "ts": "2026-02-20 07:51:56"}
{"event": "SUCCESS", "row": 37, "user_id": 7, "media_id": 73, "rating": 3, "comment": "Masterpiece of modern cinema", "ts": "2026-02-20 07:51:56"}
{"event": "SUCCESS", "row": 22, "user_id": 7, "media_id": 9, "rating": 1, "comment": "Hidden gem", "ts": "2026-02-20 07:51:57"}
{"event": "SUCCESS", "row": 19, "user_id": 7, "media_id": 49, "rating": 1, "comment": "Weak script", "ts": "2026-02-20 07:51:57"}
{"event": "SUCCESS", "row": 41, "user_id": 7, "media_id": 96, "rating": 5, "comment": "Great background score", "ts": "2026-02-20 07:51:57"}
{"event": "SUCCESS", "row": 24, "user_id": 7, "media_id": 30, "rating": 1, "comment": "Surprisingly good", "ts": "2026-02-20 07:51:57"}
{"event": "SUCCESS", "row": 2, "user_id": 7, "media_id": 95, "rating": 3, "comment": "Kept me hooked throughout", "ts": "2026-02-20 07:51:57"}
{"event": "SUCCESS", "row": 28, "user_id": 7, "media_id": 35, "rating": 1, "comment": "Groundbreaking stuff", "ts": "2026-02-20 07:51:57"}
{"event": "SUCCESS", "row": 4, "user_id": 7, "media_id": 14, "rating": 5, "comment": "Must watch for everyone", "ts": "2026-02-20 07:51:57"}
{"event": "SUCCESS", "row": 18, "user_id": 7, "media_id": 59, "rating": 5, "comment": "One of the best I have seen", "ts": "2026-02-20 07:51:57"}
{"event": "SUCCESS", "row": 12, "user_id": 7, "media_id": 21, "rating": 4, "comment": "Best thing I watched this year", "ts": "2026-02-20 07:51:57"}
{"event": "SUCCESS", "row": 17, "user_id": 7, "media_id": 34, "rating": 1, "comment": "Fresh and original", "ts": "2026-02-20 07:51:57"}
{"event": "SUCCESS", "row": 38, "user_id": 7, "media_id": 84, "rating": 4, "comment": "Nothing special", "ts": "2026-02-20 07:51:57"}
{"event": "SUCCESS", "row": 8, "user_id": 7, "media_id": 4, "rating": 5, "comment": "Average at best", "ts": "2026-02-20 07:51:57"}
{"event": "SUCCESS", "row": 6, "user_id": 7, "media_id": 4, "rating": 1, "comment": "Masterpiece of modern cinema", "ts": "2026-02-20 07:51:57"}
{"event": "SUCCESS", "row": 34, "user_id": 7, "media_id": 100, "rating": 1, "comment": "Not worth the hype", "ts": "2026-02-20 07:51:57"}
{"event": "SKIP", "row": 58, "media_id": 98, "reason": "already reviewed", "ts": "2026-02-20 07:51:57"}
{"event": "SKIP", "row": 66, "media_id": 31, "reason": "already reviewed", "ts": "2026-02-20 07:51:57"}
{"event": "SKIP", "row": 69, "media_id": 98, "reason": "already reviewed", "ts": "2026-02-20 07:51:57"}
{"event": "SKIP", "row": 55, "media_id": 38, "reason": "already reviewed", "ts": "2026-02-20 07:51:57"}
{"event": "SUCCESS", "row": 51, "user_id": 7, "media_id": 71, "rating": 1, "comment": "Overhyped trash", "ts": "2026-02-20 07:51:57"}
{"event": "SKIP", "row": 72, "media_id": 34, "reason": "already reviewed", "ts": "2026-02-20 07:51:57"}
{"event": "SKIP", "row": 56, "media_id": 59, "reason": "already reviewed", "ts": "2026-02-20 07:51:57"}
{"event": "SUCCESS", "row": 77, "user_id": 7, "media_id": 67, "rating": 4, "comment": "One of the best I have seen", "ts": "2026-02-20 07:51:57"}
{"event": "SKIP", "row": 68, "media_id": 94, "reason": "already reviewed", "ts": "2026-02-20 07:51:57"}
{"event": "SKIP", "row": 67, "media_id": 73, "reason": "already reviewed", "ts": "2026-02-20 07:51:57"}
{"event": "SKIP", "row": 73, "media_id": 55, "reason": "already reviewed", "ts": "2026-02-20 07:51:57"}
{"event": "SKIP", "row": 62, "media_id": 21, "reason": "already reviewed", "ts": "2026-02-20 07:51:57"}
{"event": "SKIP", "row": 65, "media_id": 15, "reason": "already reviewed", "ts": "2026-02-20 07:51:57"}
{"event": "SKIP", "row": 81, "media_id": 29, "reason": "already reviewed", "ts": "2026-02-20 07:51:57"}
{"event": "SKIP", "row": 76, "media_id": 84, "reason": "already reviewed", "ts": "2026-02-20 07:51:57"}
{"event": "SKIP", "row": 80, "media_id": 71, "reason": "already reviewed", "ts": "2026-02-20 07:51:57"}
{"event": "SUCCESS", "row": 75, "user_id": 7, "media_id": 40, "rating": 4, "comment": "Hidden gem", "ts": "2026-02-20 07:51:57"}
{"event": "SKIP", "row": 83, "media_id": 9, "reason": "already reviewed", "ts": "2026-02-20 07:51:57"}
{"event": "SUCCESS", "row": 71, "user_id": 7, "media_id": 61, "rating": 5, "comment": "Overrated in my opinion", "ts": "2026-02-20 07:51:57"}
{"event": "SUCCESS", "row": 82, "user_id": 7, "media_id": 91, "rating": 1, "comment": "Not worth the hype", "ts": "2026-02-20 07:51:57"}
{"event": "SKIP", "row": 85, "media_id": 36, "reason": "already reviewed", "ts": "2026-02-20 07:51:57"}
{"event": "SKIP", "row": 91, "media_id": 55, "reason": "already reviewed", "ts": "2026-02-20 07:51:57"}
{"event": "SKIP", "row": 92, "media_id": 94, "reason": "already reviewed", "ts": "2026-02-20 07:51:57"}
{"event": "SKIP", "row": 93, "media_id": 84, "reason": "already reviewed", "ts": "2026-02-20 07:51:57"}
{"event": "SKIP", "row": 88, "media_id": 32, "reason": "already reviewed", "ts": "2026-02-20 07:51:57"}
{"event": "SKIP", "row": 54, "media_id": 83, "reason": "already reviewed", "ts": "2026-02-20 07:51:57"}
{"event": "SKIP", "row": 59, "media_id": 14, "reason": "already reviewed", "ts": "2026-02-20 07:51:57"}
{"event": "SKIP", "row": 78, "media_id": 32, "reason": "already reviewed", "ts": "2026-02-20 07:51:57"}
{"event": "SUCCESS", "row": 61, "user_id": 7, "media_id": 20, "rating": 3, "comment": "Gripping from start to finish", "ts": "2026-02-20 07:51:57"}
{"event": "SKIP", "row": 95, "media_id": 32, "reason": "already reviewed", "ts": "2026-02-20 07:51:57"}
{"event": "SKIP", "row": 100, "media_id": 7, "reason": "already reviewed", "ts": "2026-02-20 07:51:57"}
{"event": "SKIP", "row": 87, "media_id": 74, "reason": "already reviewed", "ts": "2026-02-20 07:51:57"}
{"event": "SKIP", "row": 98, "media_id": 60, "reason": "already reviewed", "ts": "2026-02-20 07:51:57"}
{"event": "SKIP", "row": 97, "media_id": 55, "reason": "already reviewed", "ts": "2026-02-20 07:51:57"}
{"event": "SUCCESS", "row": 96, "user_id": 7, "media_id": 69, "rating": 4, "comment": "Very disappointing", "ts": "2026-02-20 07:51:57"}
{"event": "SUCCESS", "row": 89, "user_id": 7, "media_id": 25, "rating": 1, "comment": "Decent but could be better", "ts": "2026-02-20 07:51:57"}
{"event": "SUCCESS", "row": 53, "user_id": 7, "media_id": 69, "rating": 3, "comment": "Lost interest halfway", "ts": "2026-02-20 07:51:57"}
{"event": "SUCCESS", "row": 90, "user_id": 7, "media_id": 85, "rating": 4, "comment": "Terrible ending ruined it", "ts": "2026-02-20 07:51:57"}
{"event": "SUCCESS", "row": 99, "user_id": 7, "media_id": 57, "rating": 5, "comment": "Decent but could be better", "ts": "2026-02-20 07:51:57"}
{"event": "SUCCESS", "row": 63, "user_id": 7, "media_id": 68, "rating": 1, "comment": "Groundbreaking stuff", "ts": "2026-02-20 07:51:57"}
{"event": "SUCCESS", "row": 94, "user_id": 7, "media_id": 52, "rating": 3, "comment": "Decent but could be better", "ts": "2026-02-20 07:51:57"}
{"event": "SUCCESS", "row": 57, "user_id": 7, "media_id": 93, "rating": 3, "comment": "Light hearted fun", "ts": "2026-02-20 07:51:57"}
{"event": "SUCCESS", "row": 74, "user_id": 7, "media_id": 97, "rating": 2, "comment": "Dry and lifeless", "ts": "2026-02-20 07:51:57"}
{"event": "SUCCESS", "row": 86, "user_id": 7, "media_id": 70, "rating": 2, "comment": "Fresh and original", "ts": "2026-02-20 07:51:57"}
{"event": "SUCCESS", "row": 79, "user_id": 7, "media_id": 44, "rating": 1, "comment": "Cheesy but enjoyable", "ts": "2026-02-20 07:51:57"}
{"event": "SUCCESS", "row": 52, "user_id": 7, "media_id": 93, "rating": 1, "comment": "Overhyped trash", "ts": "2026-02-20 07:51:57"}
{"event": "SUCCESS", "row": 60, "user_id": 7, "media_id": 65, "rating": 5, "comment": "Average at best", "ts": "2026-02-20 07:51:57"}
{"event": "SUCCESS", "row": 64, "user_id": 7, "media_id": 42, "rating": 4, "comment": "Total waste of time", "ts": "2026-02-20 07:51:57"}
{"event": "SUCCESS", "row": 70, "user_id": 7, "media_id": 17, "rating": 2, "comment": "Hidden gem", "ts": "2026-02-20 07:51:58"}
{"event": "SUCCESS", "row": 84, "user_id": 7, "media_id": 10, "rating": 5, "comment": "Kept me hooked throughout", "ts": "2026-02-20 07:51:58"}
{"event": "SKIP", "row": 107, "media_id": 94, "reason": "already reviewed", "ts": "2026-02-20 07:51:58"}
{"event": "SKIP", "row": 113, "media_id": 75, "reason": "already reviewed", "ts": "2026-02-20 07:51:58"}
{"event": "SKIP", "row": 116, "media_id": 9, "reason": "already reviewed", "ts": "2026-02-20 07:51:58"}
{"event": "SKIP", "row": 101, "media_id": 12, "reason": "already reviewed", "ts": "2026-02-20 07:51:58"}
{"event": "SKIP", "row": 119, "media_id": 75, "reason": "already reviewed", "ts": "2026-02-20 07:51:58"}
{"event": "SUCCESS", "row": 120, "user_id": 7, "media_id": 80, "rating": 1, "comment": "Loved every minute", "ts": "2026-02-20 07:51:58"}
{"event": "SKIP", "row": 109, "media_id": 25, "reason": "already reviewed", "ts": "2026-02-20 07:51:58"}
{"event": "SKIP", "row": 105, "media_id": 50, "reason": "already reviewed", "ts": "2026-02-20 07:51:58"}
{"event": "SUCCESS", "row": 125, "user_id": 7, "media_id": 86, "rating": 3, "comment": "Mediocre at best", "ts": "2026-02-20 07:51:58"}
{"event": "SKIP", "row": 126, "media_id": 41, "reason": "already reviewed", "ts": "2026-02-20 07:51:58"}
{"event": "SKIP", "row": 127, "media_id": 59, "reason": "already reviewed", "ts": "2026-02-20 07:51:58"}
{"event": "SUCCESS", "row": 128, "user_id": 7, "media_id": 13, "rating": 1, "comment": "Great background score", "ts": "2026-02-20 07:51:58"}
{"event": "SKIP", "row": 124, "media_id": 34, "reason": "already reviewed", "ts": "2026-02-20 07:51:58"}
{"event": "SUCCESS", "row": 129, "user_id": 7, "media_id": 28, "rating": 5, "comment": "Predictable plot but fun", "ts": "2026-02-20 07:51:58"}
{"event": "SUCCESS", "row": 123, "user_id": 7, "media_id": 27, "rating": 3, "comment": "Kept me hooked throughout", "ts": "2026-02-20 07:51:58"}
{"event": "SKIP", "row": 133, "media_id": 91, "reason": "already reviewed", "ts": "2026-02-20 07:51:58"}
{"event": "SKIP", "row": 111, "media_id": 70, "reason": "already reviewed", "ts": "2026-02-20 07:51:58"}
{"event": "SKIP", "row": 137, "media_id": 34, "reason": "already reviewed", "ts": "2026-02-20 07:51:58"}
{"event": "SKIP", "row": 132, "media_id": 21, "reason": "already reviewed", "ts": "2026-02-20 07:51:58"}
{"event": "SKIP", "row": 139, "media_id": 35, "reason": "already reviewed", "ts": "2026-02-20 07:51:58"}
{"event": "SKIP", "row": 135, "media_id": 86, "reason": "already reviewed", "ts": "2026-02-20 07:51:58"}
{"event": "SKIP", "row": 136, "media_id": 85, "reason": "already reviewed", "ts": "2026-02-20 07:51:58"}
{"event": "SKIP", "row": 134, "media_id": 84, "reason": "already reviewed", "ts": "2026-02-20 07:51:58"}
{"event": "SKIP", "row": 138, "media_id": 96, "reason": "already reviewed", "ts": "2026-02-20 07:51:58"}
{"event": "SKIP", "row": 112, "media_id": 41, "reason": "already reviewed", "ts": "2026-02-20 07:51:58"}
{"event": "SKIP", "row": 130, "media_id": 17, "reason": "already reviewed", "ts": "2026-02-20 07:51:58"}
{"event": "SKIP", "row": 108, "media_id": 92, "reason": "already reviewed", "ts": "2026-02-20 07:51:58"}
{"event": "SKIP", "row": 122, "media_id": 67, "reason": "already reviewed", "ts": "2026-02-20 07:51:58"}
{"event": "SKIP", "row": 106, "media_id": 37, "reason": "already reviewed", "ts": "2026-02-20 07:51:58"}
{"event": "SKIP", "row": 121, "media_id": 85, "reason": "already reviewed", "ts": "2026-02-20 07:51:58"}
{"event": "SKIP", "row": 131, "media_id": 32, "reason": "already reviewed", "ts": "2026-02-20 07:51:58"}
{"event": "SUCCESS", "row": 117, "user_id": 7, "media_id": 87, "rating": 2, "comment": "Nothing special", "ts": "2026-02-20 07:51:58"}
{"event": "SKIP", "row": 114, "media_id": 68, "reason": "already reviewed", "ts": "2026-02-20 07:51:58"}
{"event": "SUCCESS", "row": 142, "user_id": 7, "media_id": 63, "rating": 3, "comment": "Great storyline and acting", "ts": "2026-02-20 07:51:58"}
{"event": "SKIP", "row": 146, "media_id": 34, "reason": "already reviewed", "ts": "2026-02-20 07:51:58"}
{"event": "SKIP", "row": 147, "media_id": 57, "reason": "already reviewed", "ts": "2026-02-20 07:51:58"}
{"event": "SKIP", "row": 143, "media_id": 12, "reason": "already reviewed", "ts": "2026-02-20 07:51:58"}
{"event": "SKIP", "row": 140, "media_id": 27, "reason": "already reviewed", "ts": "2026-02-20 07:51:58"}
{"event": "SKIP", "row": 149, "media_id": 15, "reason": "already reviewed", "ts": "2026-02-20 07:51:58"}
{"event": "SKIP", "row": 148, "media_id": 55, "reason": "already reviewed", "ts": "2026-02-20 07:51:58"}
{"event": "SUCCESS", "row": 115, "user_id": 7, "media_id": 66, "rating": 1, "comment": "Brilliant direction", "ts": "2026-02-20 07:51:58"}
{"event": "SKIP", "row": 141, "media_id": 88, "reason": "already reviewed", "ts": "2026-02-20 07:51:58"}
{"event": "SUCCESS", "row": 118, "user_id": 7, "media_id": 16, "rating": 5, "comment": "Kept me hooked throughout", "ts": "2026-02-20 07:51:58"}
{"event": "SKIP", "row": 150, "media_id": 20, "reason": "already reviewed", "ts": "2026-02-20 07:51:58"}
{"event": "SUCCESS", "row": 145, "user_id": 7, "media_id": 99, "rating": 2, "comment": "Would watch again", "ts": "2026-02-20 07:51:58"}
{"event": "SUCCESS", "row": 102, "user_id": 7, "media_id": 53, "rating": 4, "comment": "Funny and entertaining", "ts": "2026-02-20 07:51:58"}
{"event": "SUCCESS", "row": 144, "user_id": 7, "media_id": 6, "rating": 1, "comment": "Best thing I watched this year", "ts": "2026-02-20 07:51:58"}
{"event": "SUCCESS", "row": 110, "user_id": 7, "media_id": 8, "rating": 5, "comment": "Feels recycled", "ts": "2026-02-20 07:51:58"}
{"event": "SUCCESS", "row": 103, "user_id": 7, "media_id": 28, "rating": 4, "comment": "Great storyline and acting", "ts": "2026-02-20 07:51:58"}
{"event": "SUCCESS", "row": 104, "user_id": 7, "media_id": 22, "rating": 4, "comment": "Absolutely loved it", "ts": "2026-02-20 07:51:58"}
{"event": "SKIP", "row": 153, "media_id": 6, "reason": "already reviewed", "ts": "2026-02-20 07:51:58"}
{"event": "SKIP", "row": 154, "media_id": 6, "reason": "already reviewed", "ts": "2026-02-20 07:51:58"}
{"event": "SKIP", "row": 158, "media_id": 96, "reason": "already reviewed", "ts": "2026-02-20 07:51:58"}
{"event": "SUCCESS", "row": 152, "user_id": 7, "media_id": 19, "rating": 4, "comment": "Very disappointing", "ts": "2026-02-20 07:51:58"}
{"event": "SKIP", "row": 171, "media_id": 87, "reason": "already reviewed", "ts": "2026-02-20 07:51:58"}
{"event": "SUCCESS", "row": 173, "user_id": 7, "media_id": 23, "rating": 5, "comment": "Predictable plot but fun", "ts": "2026-02-20 07:51:58"}
{"event": "SKIP", "row": 163, "media_id": 21, "reason": "already reviewed", "ts": "2026-02-20 07:51:58"}
{"event": "SKIP", "row": 170, "media_id": 83, "reason": "already reviewed", "ts": "2026-02-20 07:51:58"}
{"event": "SKIP", "row": 167, "media_id": 4, "reason": "already reviewed", "ts": "2026-02-20 07:51:58"}
{"event": "SKIP", "row": 159, "media_id": 21, "reason": "already reviewed", "ts": "2026-02-20 07:51:58"}
{"event": "SKIP", "row": 160, "media_id": 4, "reason": "already reviewed", "ts": "2026-02-20 07:51:58"}
{"event": "SKIP", "row": 172, "media_id": 4, "reason": "already reviewed", "ts": "2026-02-20 07:51:58"}
{"event": "SUCCESS", "row": 151, "user_id": 7, "media_id": 48, "rating": 5, "comment": "Weak script", "ts": "2026-02-20 07:51:58"}
{"event": "SKIP", "row": 155, "media_id": 88, "reason": "already reviewed", "ts": "2026-02-20 07:51:58"}
{"event": "SUCCESS", "row": 175, "user_id": 7, "media_id": 56, "rating": 3, "comment": "Fresh and original", "ts": "2026-02-20 07:51:58"}
{"event": "SKIP", "row": 169, "media_id": 99, "reason": "already reviewed", "ts": "2026-02-20 07:51:58"}
{"event": "SKIP", "row": 164, "media_id": 5, "reason": "already reviewed", "ts": "2026-02-20 07:51:58"}
{"event": "SKIP", "row": 166, "media_id": 40, "reason": "already reviewed", "ts": "2026-02-20 07:51:58"}
{"event": "SKIP", "row": 156, "media_id": 14, "reason": "already reviewed", "ts": "2026-02-20 07:51:58"}
{"event": "SKIP", "row": 177, "media_id": 66, "reason": "already reviewed", "ts": "2026-02-20 07:51:58"}
{"event": "SKIP", "row": 180, "media_id": 67, "reason": "already reviewed", "ts": "2026-02-20 07:51:58"}
{"event": "SUCCESS", "row": 161, "user_id": 7, "media_id": 43, "rating": 4, "comment": "Hidden gem", "ts": "2026-02-20 07:51:58"}
{"event": "SKIP", "row": 189, "media_id": 86, "reason": "already reviewed", "ts": "2026-02-20 07:51:58"}
{"event": "SKIP", "row": 193, "media_id": 37, "reason": "already reviewed", "ts": "2026-02-20 07:51:58"}
{"event": "SKIP", "row": 191, "media_id": 73, "reason": "already reviewed", "ts": "2026-02-20 07:51:58"}
{"event": "SKIP", "row": 187, "media_id": 52, "reason": "already reviewed", "ts": "2026-02-20 07:51:58"}
{"event": "SKIP", "row": 196, "media_id": 57, "reason": "already reviewed", "ts": "2026-02-20 07:51:58"}
{"event": "SKIP", "row": 197, "media_id": 61, "reason": "already reviewed", "ts": "2026-02-20 07:51:58"}
{"event": "SKIP", "row": 183, "media_id": 43, "reason": "already reviewed", "ts": "2026-02-20 07:51:58"}
{"event": "SKIP", "row": 194, "media_id": 75, "reason": "already reviewed", "ts": "2026-02-20 07:51:58"}
{"event": "SKIP", "row": 195, "media_id": 42, "reason": "already reviewed", "ts": "2026-02-20 07:51:58"}
{"event": "SKIP", "row": 188, "media_id": 17, "reason": "already reviewed", "ts": "2026-02-20 07:51:58"}
{"event": "SKIP", "row": 192, "media_id": 71, "reason": "already reviewed", "ts": "2026-02-20 07:51:58"}
{"event": "SKIP", "row": 198, "media_id": 11, "reason": "already reviewed", "ts": "2026-02-20 07:51:58"}
{"event": "SKIP", "row": 199, "media_id": 85, "reason": "already reviewed", "ts": "2026-02-20 07:51:58"}
{"event": "SKIP", "row": 200, "media_id": 12, "reason": "already reviewed", "ts": "2026-02-20 07:51:58"}
{"event": "SKIP", "row": 168, "media_id": 43, "reason": "already reviewed", "ts": "2026-02-20 07:51:58"}
{"event": "SKIP", "row": 184, "media_id": 85, "reason": "already reviewed", "ts": "2026-02-20 07:51:58"}
{"event": "SKIP", "row": 181, "media_id": 93, "reason": "already reviewed", "ts": "2026-02-20 07:51:58"}
{"event": "SKIP", "row": 186, "media_id": 86, "reason": "already reviewed", "ts": "2026-02-20 07:51:58"}
{"event": "SKIP", "row": 176, "media_id": 41, "reason": "already reviewed", "ts": "2026-02-20 07:51:58"}
{"event": "SKIP", "row": 182, "media_id": 56, "reason": "already reviewed", "ts": "2026-02-20 07:51:58"}
{"event": "SUCCESS", "row": 165, "user_id": 7, "media_id": 26, "rating": 4, "comment": "Terrible ending ruined it", "ts": "2026-02-20 07:51:58"}
{"event": "SKIP", "row": 162, "media_id": 95, "reason": "already reviewed", "ts": "2026-02-20 07:51:58"}
{"event": "SKIP", "row": 178, "media_id": 74, "reason": "already reviewed", "ts": "2026-02-20 07:51:58"}
{"event": "SKIP", "row": 174, "media_id": 5, "reason": "already reviewed", "ts": "2026-02-20 07:51:58"}
{"event": "SKIP", "row": 179, "media_id": 6, "reason": "already reviewed", "ts": "2026-02-20 07:51:58"}
{"event": "SKIP", "row": 190, "media_id": 96, "reason": "already reviewed", "ts": "2026-02-20 07:51:58"}
{"event": "SUCCESS", "row": 157, "user_id": 7, "media_id": 72, "rating": 4, "comment": "Not my cup of tea", "ts": "2026-02-20 07:51:58"}
{"event": "SUCCESS", "row": 185, "user_id": 7, "media_id": 39, "rating": 5, "comment": "Exceeded my expectations", "ts": "2026-02-20 07:51:58"}
{"event": "SKIP", "row": 207, "media_id": 52, "reason": "already reviewed", "ts": "2026-02-20 07:51:58"}
{"event": "SKIP", "row": 217, "media_id": 65, "reason": "already reviewed", "ts": "2026-02-20 07:51:58"}
{"event": "SKIP", "row": 201, "media_id": 40, "reason": "already reviewed", "ts": "2026-02-20 07:51:58"}
{"event": "SKIP", "row": 206, "media_id": 92, "reason": "already reviewed", "ts": "2026-02-20 07:51:58"}
{"event": "SKIP", "row": 203, "media_id": 32, "reason": "already reviewed", "ts": "2026-02-20 07:51:58"}
{"event": "SKIP", "row": 213, "media_id": 16, "reason": "already reviewed", "ts": "2026-02-20 07:51:58"}
{"event": "SKIP", "row": 219, "media_id": 61, "reason": "already reviewed", "ts": "2026-02-20 07:51:58"}
{"event": "SUCCESS", "row": 211, "user_id": 7, "media_id": 90, "rating": 5, "comment": "Mediocre at best", "ts": "2026-02-20 07:51:58"}
{"event": "SKIP", "row": 210, "media_id": 55, "reason": "already reviewed", "ts": "2026-02-20 07:51:58"}
{"event": "SKIP", "row": 226, "media_id": 11, "reason": "already reviewed", "ts": "2026-02-20 07:51:58"}
{"event": "SKIP", "row": 216, "media_id": 57, "reason": "already reviewed", "ts": "2026-02-20 07:51:58"}
{"event": "SKIP", "row": 227, "media_id": 30, "reason": "already reviewed", "ts": "2026-02-20 07:51:58"}
{"event": "SKIP", "row": 204, "media_id": 99, "reason": "already reviewed", "ts": "2026-02-20 07:51:58"}
{"event": "SKIP", "row": 212, "media_id": 7, "reason": "already reviewed", "ts": "2026-02-20 07:51:58"}
{"event": "SKIP", "row": 222, "media_id": 81, "reason": "already reviewed", "ts": "2026-02-20 07:51:58"}
{"event": "SKIP", "row": 224, "media_id": 37, "reason": "already reviewed", "ts": "2026-02-20 07:51:58"}
{"event": "SUCCESS", "row": 215, "user_id": 7, "media_id": 77, "rating": 3, "comment": "Gripping from start to finish", "ts": "2026-02-20 07:51:58"}
{"event": "SKIP", "row": 232, "media_id": 50, "reason": "already reviewed", "ts": "2026-02-20 07:51:58"}
{"event": "SKIP", "row": 214, "media_id": 60, "reason": "already reviewed", "ts": "2026-02-20 07:51:58"}
{"event": "SKIP", "row": 209, "media_id": 99, "reason": "already reviewed", "ts": "2026-02-20 07:51:58"}
{"event": "SKIP", "row": 220, "media_id": 97, "reason": "already reviewed", "ts": "2026-02-20 07:51:58"}
{"event": "SKIP", "row": 230, "media_id": 70, "reason": "already reviewed", "ts": "2026-02-20 07:51:58"}
{"event": "SKIP", "row": 225, "media_id": 43, "reason": "already reviewed", "ts": "2026-02-20 07:51:58"}
{"event": "SKIP", "row": 223, "media_id": 57, "reason": "already reviewed", "ts": "2026-02-20 07:51:58"}
{"event": "SKIP", "row": 228, "media_id": 20, "reason": "already reviewed", "ts": "2026-02-20 07:51:58"}
{"event": "SKIP", "row": 235, "media_id": 39, "reason": "already reviewed", "ts": "2026-02-20 07:51:58"}
{"event": "SKIP", "row": 208, "media_id": 84, "reason": "already reviewed", "ts": "2026-02-20 07:51:58"}
{"event": "SKIP", "row": 221, "media_id": 36, "reason": "already reviewed", "ts": "2026-02-20 07:51:58"}
{"event": "SUCCESS", "row": 205, "user_id": 7, "media_id": 54, "rating": 5, "comment": "Average at best", "ts": "2026-02-20 07:51:58"}
{"event": "SKIP", "row": 237, "media_id": 29, "reason": "already reviewed", "ts": "2026-02-20 07:51:58"}
{"event": "SKIP", "row": 247, "media_id": 34, "reason": "already reviewed", "ts": "2026-02-20 07:51:58"}
{"event": "SKIP", "row": 239, "media_id": 4, "reason": "already reviewed", "ts": "2026-02-20 07:51:58"}
{"event": "SKIP", "row": 248, "media_id": 28, "reason": "already reviewed", "ts": "2026-02-20 07:51:58"}
{"event": "SKIP", "row": 240, "media_id": 86, "reason": "already reviewed", "ts": "2026-02-20 07:51:58"}
{"event": "SKIP", "row": 202, "media_id": 19, "reason": "already reviewed", "ts": "2026-02-20 07:51:58"}
{"event": "SKIP", "row": 233, "media_id": 3, "reason": "already reviewed", "ts": "2026-02-20 07:51:58"}
{"event": "SKIP", "row": 241, "media_id": 22, "reason": "already reviewed", "ts": "2026-02-20 07:51:58"}
{"event": "SUCCESS", "row": 218, "user_id": 7, "media_id": 58, "rating": 2, "comment": "Feels recycled", "ts": "2026-02-20 07:51:58"}
{"event": "SKIP", "row": 236, "media_id": 69, "reason": "already reviewed", "ts": "2026-02-20 07:51:58"}
{"event": "SKIP", "row": 246, "media_id": 60, "reason": "already reviewed", "ts": "2026-02-20 07:51:58"}
{"event": "SKIP", "row": 245, "media_id": 83, "reason": "already reviewed", "ts": "2026-02-20 07:51:58"}
{"event": "SKIP", "row": 231, "media_id": 8, "reason": "already reviewed", "ts": "2026-02-20 07:51:58"}
{"event": "SKIP", "row": 249, "media_id": 44, "reason": "already reviewed", "ts": "2026-02-20 07:51:58"}
{"event": "SKIP", "row": 238, "media_id": 35, "reason": "already reviewed", "ts": "2026-02-20 07:51:58"}
{"event": "SUCCESS", "row": 234, "user_id": 7, "media_id": 62, "rating": 1, "comment": "Terrible ending ruined it", "ts": "2026-02-20 07:51:58"}
{"event": "SKIP", "row": 244, "media_id": 85, "reason": "already reviewed", "ts": "2026-02-20 07:51:58"}
{"event": "SKIP", "row": 250, "media_id": 97, "reason": "already reviewed", "ts": "2026-02-20 07:51:58"}
{"event": "SUCCESS", "row": 243, "user_id": 7, "media_id": 51, "rating": 5, "comment": "Incredible performance by the lead", "ts": "2026-02-20 07:51:58"}
{"event": "SKIP", "row": 242, "media_id": 80, "reason": "already reviewed", "ts": "2026-02-20 07:51:58"}
{"event": "SUCCESS", "row": 229, "user_id": 7, "media_id": 54, "rating": 4, "comment": "Best thing I watched this year", "ts": "2026-02-20 07:51:59"}
{"event": "SKIP", "row": 251, "media_id": 11, "reason": "already reviewed", "ts": "2026-02-20 07:51:59"}
{"event": "SKIP", "row": 258, "media_id": 86, "reason": "already reviewed", "ts": "2026-02-20 07:51:59"}
{"event": "SKIP", "row": 252, "media_id": 96, "reason": "already reviewed", "ts": "2026-02-20 07:51:59"}
{"event": "SKIP", "row": 270, "media_id": 6, "reason": "already reviewed", "ts": "2026-02-20 07:51:59"}
{"event": "SKIP", "row": 268, "media_id": 90, "reason": "already reviewed", "ts": "2026-02-20 07:51:59"}
{"event": "SKIP", "row": 255, "media_id": 4, "reason": "already reviewed", "ts": "2026-02-20 07:51:59"}
{"event": "SKIP", "row": 267, "media_id": 76, "reason": "already reviewed", "ts": "2026-02-20 07:51:59"}
{"event": "SKIP", "row": 271, "media_id": 55, "reason": "already reviewed", "ts": "2026-02-20 07:51:59"}
{"event": "SUCCESS", "row": 253, "user_id": 7, "media_id": 45, "rating": 2, "comment": "Once is enough", "ts": "2026-02-20 07:51:59"}
{"event": "SKIP", "row": 264, "media_id": 75, "reason": "already reviewed", "ts": "2026-02-20 07:51:59"}
{"event": "SKIP", "row": 269, "media_id": 77, "reason": "already reviewed", "ts": "2026-02-20 07:51:59"}
{"event": "SKIP", "row": 272, "media_id": 65, "reason": "already reviewed", "ts": "2026-02-20 07:51:59"}
{"event": "SKIP", "row": 265, "media_id": 74, "reason": "already reviewed", "ts": "2026-02-20 07:51:59"}
{"event": "SKIP", "row": 266, "media_id": 92, "reason": "already reviewed", "ts": "2026-02-20 07:51:59"}
{"event": "SKIP", "row": 257, "media_id": 31, "reason": "already reviewed", "ts": "2026-02-20 07:51:59"}
{"event": "SKIP", "row": 254, "media_id": 9, "reason": "already reviewed", "ts": "2026-02-20 07:51:59"}
{"event": "SKIP", "row": 280, "media_id": 42, "reason": "already reviewed", "ts": "2026-02-20 07:51:59"}
{"event": "SKIP", "row": 256, "media_id": 3, "reason": "already reviewed", "ts": "2026-02-20 07:51:59"}
{"event": "SUCCESS", "row": 260, "user_id": 7, "media_id": 33, "rating": 3, "comment": "Overrated in my opinion", "ts": "2026-02-20 07:51:59"}
{"event": "SKIP", "row": 286, "media_id": 46, "reason": "already reviewed", "ts": "2026-02-20 07:51:59"}
{"event": "SKIP", "row": 287, "media_id": 36, "reason": "already reviewed", "ts": "2026-02-20 07:51:59"}
{"event": "SKIP", "row": 288, "media_id": 36, "reason": "already reviewed", "ts": "2026-02-20 07:51:59"}
{"event": "SKIP", "row": 278, "media_id": 100, "reason": "already reviewed", "ts": "2026-02-20 07:51:59"}
{"event": "SUCCESS", "row": 285, "user_id": 7, "media_id": 24, "rating": 4, "comment": "Masterpiece of modern cinema", "ts": "2026-02-20 07:51:59"}
{"event": "SKIP", "row": 291, "media_id": 72, "reason": "already reviewed", "ts": "2026-02-20 07:51:59"}
{"event": "SKIP", "row": 292, "media_id": 61, "reason": "already reviewed", "ts": "2026-02-20 07:51:59"}
{"event": "SKIP", "row": 296, "media_id": 75, "reason": "already reviewed", "ts": "2026-02-20 07:51:59"}
{"event": "SKIP", "row": 289, "media_id": 67, "reason": "already reviewed", "ts": "2026-02-20 07:51:59"}
{"event": "SKIP", "row": 290, "media_id": 31, "reason": "already reviewed", "ts": "2026-02-20 07:51:59"}
{"event": "SKIP", "row": 294, "media_id": 29, "reason": "already reviewed", "ts": "2026-02-20 07:51:59"}
{"event": "SKIP", "row": 295, "media_id": 32, "reason": "already reviewed", "ts": "2026-02-20 07:51:59"}
{"event": "SKIP", "row": 293, "media_id": 3, "reason": "already reviewed", "ts": "2026-02-20 07:51:59"}
{"event": "SKIP", "row": 297, "media_id": 71, "reason": "already reviewed", "ts": "2026-02-20 07:51:59"}
{"event": "SKIP", "row": 298, "media_id": 55, "reason": "already reviewed", "ts": "2026-02-20 07:51:59"}
{"event": "SKIP", "row": 299, "media_id": 46, "reason": "already reviewed", "ts": "2026-02-20 07:51:59"}
{"event": "SKIP", "row": 300, "media_id": 40, "reason": "already reviewed", "ts": "2026-02-20 07:51:59"}
{"event": "SKIP", "row": 273, "media_id": 54, "reason": "already reviewed", "ts": "2026-02-20 07:51:59"}
{"event": "SKIP", "row": 275, "media_id": 59, "reason": "already reviewed", "ts": "2026-02-20 07:51:59"}
{"event": "SKIP", "row": 263, "media_id": 21, "reason": "already reviewed", "ts": "2026-02-20 07:51:59"}
{"event": "SKIP", "row": 283, "media_id": 79, "reason": "already reviewed", "ts": "2026-02-20 07:51:59"}
{"event": "SKIP", "row": 274, "media_id": 56, "reason": "already reviewed", "ts": "2026-02-20 07:51:59"}
{"event": "SKIP", "row": 276, "media_id": 23, "reason": "already reviewed", "ts": "2026-02-20 07:51:59"}
{"event": "SKIP", "row": 262, "media_id": 92, "reason": "already reviewed", "ts": "2026-02-20 07:51:59"}
{"event": "SKIP", "row": 284, "media_id": 4, "reason": "already reviewed", "ts": "2026-02-20 07:51:59"}
{"event": "SKIP", "row": 279, "media_id": 56, "reason": "already reviewed", "ts": "2026-02-20 07:51:59"}
{"event": "SKIP", "row": 282, "media_id": 97, "reason": "already reviewed", "ts": "2026-02-20 07:51:59"}
{"event": "SUCCESS", "row": 261, "user_id": 7, "media_id": 78, "rating": 5, "comment": "Feels recycled", "ts": "2026-02-20 07:51:59"}
{"event": "SKIP", "row": 277, "media_id": 35, "reason": "already reviewed", "ts": "2026-02-20 07:51:59"}
{"event": "SKIP", "row": 259, "media_id": 28, "reason": "already reviewed", "ts": "2026-02-20 07:51:59"}
{"event": "SKIP", "row": 281, "media_id": 36, "reason": "already reviewed", "ts": "2026-02-20 07:51:59"}
{"event": "SKIP", "row": 310, "media_id": 69, "reason": "already reviewed", "ts": "2026-02-20 07:51:59"}
{"event": "SKIP", "row": 305, "media_id": 93, "reason": "already reviewed", "ts": "2026-02-20 07:51:59"}
{"event": "SKIP", "row": 301, "media_id": 16, "reason": "already reviewed", "ts": "2026-02-20 07:51:59"}
{"event": "SKIP", "row": 307, "media_id": 13, "reason": "already reviewed", "ts": "2026-02-20 07:51:59"}
{"event": "SKIP", "row": 319, "media_id": 10, "reason": "already reviewed", "ts": "2026-02-20 07:51:59"}
{"event": "SKIP", "row": 318, "media_id": 9, "reason": "already reviewed", "ts": "2026-02-20 07:51:59"}
{"event": "SKIP", "row": 311, "media_id": 6, "reason": "already reviewed", "ts": "2026-02-20 07:51:59"}
{"event": "SKIP", "row": 302, "media_id": 16, "reason": "already reviewed", "ts": "2026-02-20 07:51:59"}
{"event": "SKIP", "row": 316, "media_id": 44, "reason": "already reviewed", "ts": "2026-02-20 07:51:59"}
{"event": "SKIP", "row": 306, "media_id": 68, "reason": "already reviewed", "ts": "2026-02-20 07:51:59"}
{"event": "SKIP", "row": 313, "media_id": 97, "reason": "already reviewed", "ts": "2026-02-20 07:51:59"}
{"event": "SKIP", "row": 309, "media_id": 39, "reason": "already reviewed", "ts": "2026-02-20 07:51:59"}
{"event": "SKIP", "row": 315, "media_id": 61, "reason": "already reviewed", "ts": "2026-02-20 07:51:59"}
{"event": "SKIP", "row": 304, "media_id": 28, "reason": "already reviewed", "ts": "2026-02-20 07:51:59"}
{"event": "SUCCESS", "row": 303, "user_id": 7, "media_id": 89, "rating": 2, "comment": "Average at best", "ts": "2026-02-20 07:51:59"}
{"event": "SKIP", "row": 323, "media_id": 72, "reason": "already reviewed", "ts": "2026-02-20 07:51:59"}
{"event": "SKIP", "row": 328, "media_id": 73, "reason": "already reviewed", "ts": "2026-02-20 07:51:59"}
{"event": "SKIP", "row": 325, "media_id": 100, "reason": "already reviewed", "ts": "2026-02-20 07:51:59"}
{"event": "SKIP", "row": 308, "media_id": 30, "reason": "already reviewed", "ts": "2026-02-20 07:51:59"}
{"event": "SKIP", "row": 321, "media_id": 20, "reason": "already reviewed", "ts": "2026-02-20 07:51:59"}
{"event": "SKIP", "row": 329, "media_id": 79, "reason": "already reviewed", "ts": "2026-02-20 07:51:59"}
{"event": "SKIP", "row": 333, "media_id": 10, "reason": "already reviewed", "ts": "2026-02-20 07:51:59"}
{"event": "SKIP", "row": 330, "media_id": 27, "reason": "already reviewed", "ts": "2026-02-20 07:51:59"}
{"event": "SKIP", "row": 317, "media_id": 33, "reason": "already reviewed", "ts": "2026-02-20 07:51:59"}
{"event": "SKIP", "row": 324, "media_id": 77, "reason": "already reviewed", "ts": "2026-02-20 07:51:59"}
{"event": "SKIP", "row": 336, "media_id": 5, "reason": "already reviewed", "ts": "2026-02-20 07:51:59"}
{"event": "SKIP", "row": 312, "media_id": 38, "reason": "already reviewed", "ts": "2026-02-20 07:51:59"}
{"event": "SKIP", "row": 320, "media_id": 88, "reason": "already reviewed", "ts": "2026-02-20 07:51:59"}
{"event": "SKIP", "row": 322, "media_id": 11, "reason": "already reviewed", "ts": "2026-02-20 07:51:59"}
{"event": "SKIP", "row": 339, "media_id": 30, "reason": "already reviewed", "ts": "2026-02-20 07:51:59"}
{"event": "SKIP", "row": 337, "media_id": 91, "reason": "already reviewed", "ts": "2026-02-20 07:51:59"}
{"event": "SKIP", "row": 331, "media_id": 85, "reason": "already reviewed", "ts": "2026-02-20 07:51:59"}
{"event": "SKIP", "row": 345, "media_id": 96, "reason": "already reviewed", "ts": "2026-02-20 07:51:59"}
{"event": "SKIP", "row": 338, "media_id": 59, "reason": "already reviewed", "ts": "2026-02-20 07:51:59"}
{"event": "SKIP", "row": 332, "media_id": 31, "reason": "already reviewed", "ts": "2026-02-20 07:51:59"}
{"event": "SKIP", "row": 341, "media_id": 15, "reason": "already reviewed", "ts": "2026-02-20 07:51:59"}
{"event": "SUCCESS", "row": 314, "user_id": 7, "media_id": 2, "rating": 5, "comment": "Poor character development", "ts": "2026-02-20 07:51:59"}
{"event": "SKIP", "row": 347, "media_id": 89, "reason": "already reviewed", "ts": "2026-02-20 07:51:59"}
{"event": "SKIP", "row": 344, "media_id": 22, "reason": "already reviewed", "ts": "2026-02-20 07:51:59"}
{"event": "SKIP", "row": 350, "media_id": 11, "reason": "already reviewed", "ts": "2026-02-20 07:51:59"}
{"event": "SKIP", "row": 327, "media_id": 76, "reason": "already reviewed", "ts": "2026-02-20 07:51:59"}
{"event": "SKIP", "row": 334, "media_id": 53, "reason": "already reviewed", "ts": "2026-02-20 07:51:59"}
{"event": "SKIP", "row": 335, "media_id": 77, "reason": "already reviewed", "ts": "2026-02-20 07:51:59"}
{"event": "SKIP", "row": 342, "media_id": 83, "reason": "already reviewed", "ts": "2026-02-20 07:51:59"}
{"event": "SKIP", "row": 326, "media_id": 58, "reason": "already reviewed", "ts": "2026-02-20 07:51:59"}
{"event": "SKIP", "row": 349, "media_id": 70, "reason": "already reviewed", "ts": "2026-02-20 07:51:59"}
{"event": "SKIP", "row": 343, "media_id": 19, "reason": "already reviewed", "ts": "2026-02-20 07:51:59"}
{"event": "SKIP", "row": 340, "media_id": 76, "reason": "already reviewed", "ts": "2026-02-20 07:51:59"}
{"event": "SKIP", "row": 348, "media_id": 52, "reason": "already reviewed", "ts": "2026-02-20 07:51:59"}
{"event": "SKIP", "row": 346, "media_id": 57, "reason": "already reviewed", "ts": "2026-02-20 07:51:59"}
{"event": "SKIP", "row": 351, "media_id": 56, "reason": "already reviewed", "ts": "2026-02-20 07:51:59"}
{"event": "SKIP", "row": 358, "media_id": 82, "reason": "already reviewed", "ts": "2026-02-20 07:51:59"}
{"event": "SKIP", "row": 362, "media_id": 53, "reason": "already reviewed", "ts": "2026-02-20 07:51:59"}
{"event": "SKIP", "row": 355, "media_id": 6, "reason": "already reviewed", "ts": "2026-02-20 07:51:59"}
{"event": "SKIP", "row": 370, "media_id": 67, "reason": "already reviewed", "ts": "2026-02-20 07:51:59"}
{"event": "SKIP", "row": 368, "media_id": 85, "reason": "already reviewed", "ts": "2026-02-20 07:51:59"}
{"event": "SKIP", "row": 352, "media_id": 33, "reason": "already reviewed", "ts": "2026-02-20 07:51:59"}
{"event": "SKIP", "row": 353, "media_id": 30, "reason": "already reviewed", "ts": "2026-02-20 07:51:59"}
{"event": "SKIP", "row": 356, "media_id": 67, "reason": "already reviewed", "ts": "2026-02-20 07:51:59"}
{"event": "SKIP", "row": 361, "media_id": 14, "reason": "already reviewed", "ts": "2026-02-20 07:51:59"}
{"event": "SKIP", "row": 371, "media_id": 97, "reason": "already reviewed", "ts": "2026-02-20 07:51:59"}
{"event": "SKIP", "row": 360, "media_id": 43, "reason": "already reviewed", "ts": "2026-02-20 07:51:59"}
{"event": "SKIP", "row": 364, "media_id": 71, "reason": "already reviewed", "ts": "2026-02-20 07:51:59"}
{"event": "SKIP", "row": 372, "media_id": 57, "reason": "already reviewed", "ts": "2026-02-20 07:51:59"}
{"event": "SKIP", "row": 363, "media_id": 85, "reason": "already reviewed", "ts": "2026-02-20 07:51:59"}
{"event": "SKIP", "row": 357, "media_id": 24, "reason": "already reviewed", "ts": "2026-02-20 07:51:59"}
{"event": "SKIP", "row": 380, "media_id": 15, "reason": "already reviewed", "ts": "2026-02-20 07:51:59"}
{"event": "SKIP", "row": 354, "media_id": 3, "reason": "already reviewed", "ts": "2026-02-20 07:51:59"}
{"event": "SKIP", "row": 369, "media_id": 53, "reason": "already reviewed", "ts": "2026-02-20 07:51:59"}
{"event": "SKIP", "row": 378, "media_id": 71, "reason": "already reviewed", "ts": "2026-02-20 07:51:59"}
{"event": "SKIP", "row": 366, "media_id": 42, "reason": "already reviewed", "ts": "2026-02-20 07:51:59"}
{"event": "SKIP", "row": 376, "media_id": 81, "reason": "already reviewed", "ts": "2026-02-20 07:51:59"}
{"event": "SKIP", "row": 377, "media_id": 91, "reason": "already reviewed", "ts": "2026-02-20 07:51:59"}
{"event": "SKIP", "row": 375, "media_id": 63, "reason": "already reviewed", "ts": "2026-02-20 07:51:59"}
{"event": "SKIP", "row": 373, "media_id": 35, "reason": "already reviewed", "ts": "2026-02-20 07:51:59"}
{"event": "SKIP", "row": 379, "media_id": 53, "reason": "already reviewed", "ts": "2026-02-20 07:51:59"}
{"event": "SKIP", "row": 385, "media_id": 59, "reason": "already reviewed", "ts": "2026-02-20 07:51:59"}
{"event": "SKIP", "row": 374, "media_id": 37, "reason": "already reviewed", "ts": "2026-02-20 07:51:59"}
{"event": "SKIP", "row": 365, "media_id": 12, "reason": "already reviewed", "ts": "2026-02-20 07:51:59"}
{"event": "SKIP", "row": 388, "media_id": 36, "reason": "already reviewed", "ts": "2026-02-20 07:51:59"}
{"event": "SKIP", "row": 392, "media_id": 58, "reason": "already reviewed", "ts": "2026-02-20 07:51:59"}
{"event": "SKIP", "row": 391, "media_id": 75, "reason": "already reviewed", "ts": "2026-02-20 07:51:59"}
{"event": "SKIP", "row": 367, "media_id": 52, "reason": "already reviewed", "ts": "2026-02-20 07:51:59"}
{"event": "SKIP", "row": 389, "media_id": 65, "reason": "already reviewed", "ts": "2026-02-20 07:51:59"}
{"event": "SKIP", "row": 393, "media_id": 45, "reason": "already reviewed", "ts": "2026-02-20 07:51:59"}
{"event": "SKIP", "row": 381, "media_id": 83, "reason": "already reviewed", "ts": "2026-02-20 07:51:59"}
{"event": "SKIP", "row": 386, "media_id": 50, "reason": "already reviewed", "ts": "2026-02-20 07:51:59"}
{"event": "SKIP", "row": 359, "media_id": 61, "reason": "already reviewed", "ts": "2026-02-20 07:51:59"}
{"event": "SKIP", "row": 384, "media_id": 62, "reason": "already reviewed", "ts": "2026-02-20 07:51:59"}
{"event": "SKIP", "row": 387, "media_id": 66, "reason": "already reviewed", "ts": "2026-02-20 07:51:59"}
{"event": "SKIP", "row": 394, "media_id": 98, "reason": "already reviewed", "ts": "2026-02-20 07:51:59"}
{"event": "SKIP", "row": 397, "media_id": 50, "reason": "already reviewed", "ts": "2026-02-20 07:51:59"}
{"event": "SKIP", "row": 400, "media_id": 49, "reason": "already reviewed", "ts": "2026-02-20 07:51:59"}
{"event": "SKIP", "row": 382, "media_id": 92, "reason": "already reviewed", "ts": "2026-02-20 07:51:59"}
{"event": "SKIP", "row": 383, "media_id": 91, "reason": "already reviewed", "ts": "2026-02-20 07:51:59"}
{"event": "SKIP", "row": 396, "media_id": 90, "reason": "already reviewed", "ts": "2026-02-20 07:51:59"}
{"event": "SKIP", "row": 398, "media_id": 53, "reason": "already reviewed", "ts": "2026-02-20 07:51:59"}
{"event": "SKIP", "row": 390, "media_id": 37, "reason": "already reviewed", "ts": "2026-02-20 07:51:59"}
{"event": "SKIP", "row": 395, "media_id": 59, "reason": "already reviewed", "ts": "2026-02-20 07:51:59"}
{"event": "SKIP", "row": 399, "media_id": 96, "reason": "already reviewed", "ts": "2026-02-20 07:51:59"}
{"event": "SKIP", "row": 401, "media_id": 84, "reason": "already reviewed", "ts": "2026-02-20 07:51:59"}
{"event": "SKIP", "row": 402, "media_id": 5, "reason": "already reviewed", "ts": "2026-02-20 07:51:59"}
{"event": "SKIP", "row": 413, "media_id": 5, "reason": "already reviewed", "ts": "2026-02-20 07:51:59"}
{"event": "SKIP", "row": 408, "media_id": 34, "reason": "already reviewed", "ts": "2026-02-20 07:51:59"}
{"event": "SKIP", "row": 419, "media_id": 38, "reason": "already reviewed", "ts": "2026-02-20 07:51:59"}
{"event": "SKIP", "row": 411, "media_id": 69, "reason": "already reviewed", "ts": "2026-02-20 07:51:59"}
{"event": "SKIP", "row": 405, "media_id": 59, "reason": "already reviewed", "ts": "2026-02-20 07:51:59"}
{"event": "SKIP", "row": 417, "media_id": 22, "reason": "already reviewed", "ts": "2026-02-20 07:51:59"}
{"event": "SKIP", "row": 421, "media_id": 68, "reason": "already reviewed", "ts": "2026-02-20 07:51:59"}
{"event": "SKIP", "row": 414, "media_id": 31, "reason": "already reviewed", "ts": "2026-02-20 07:51:59"}
{"event": "SKIP", "row": 423, "media_id": 23, "reason": "already reviewed", "ts": "2026-02-20 07:51:59"}
{"event": "SKIP", "row": 415, "media_id": 96, "reason": "already reviewed", "ts": "2026-02-20 07:51:59"}
{"event": "SKIP", "row": 425, "media_id": 31, "reason": "already reviewed", "ts": "2026-02-20 07:51:59"}
{"event": "SKIP", "row": 428, "media_id": 33, "reason": "already reviewed", "ts": "2026-02-20 07:51:59"}
{"event": "SKIP", "row": 404, "media_id": 57, "reason": "already reviewed", "ts": "2026-02-20 07:51:59"}
{"event": "SKIP", "row": 418, "media_id": 6, "reason": "already reviewed", "ts": "2026-02-20 07:51:59"}
{"event": "SKIP", "row": 430, "media_id": 10, "reason": "already reviewed", "ts": "2026-02-20 07:51:59"}
{"event": "SKIP", "row": 431, "media_id": 76, "reason": "already reviewed", "ts": "2026-02-20 07:51:59"}
{"event": "SKIP", "row": 416, "media_id": 13, "reason": "already reviewed", "ts": "2026-02-20 07:51:59"}
{"event": "SKIP", "row": 427, "media_id": 82, "reason": "already reviewed", "ts": "2026-02-20 07:51:59"}
{"event": "SKIP", "row": 409, "media_id": 89, "reason": "already reviewed", "ts": "2026-02-20 07:51:59"}
{"event": "SKIP", "row": 406, "media_id": 19, "reason": "already reviewed", "ts": "2026-02-20 07:51:59"}
{"event": "SKIP", "row": 433, "media_id": 39, "reason": "already reviewed", "ts": "2026-02-20 07:51:59"}
{"event": "SKIP", "row": 420, "media_id": 56, "reason": "already reviewed", "ts": "2026-02-20 07:51:59"}
{"event": "SKIP", "row": 410, "media_id": 11, "reason": "already reviewed", "ts": "2026-02-20 07:51:59"}
{"event": "SKIP", "row": 422, "media_id": 88, "reason": "already reviewed", "ts": "2026-02-20 07:51:59"}
{"event": "SKIP", "row": 424, "media_id": 49, "reason": "already reviewed", "ts": "2026-02-20 07:51:59"}
{"event": "SKIP", "row": 429, "media_id": 37, "reason": "already reviewed", "ts": "2026-02-20 07:51:59"}
{"event": "SKIP", "row": 426, "media_id": 19, "reason": "already reviewed", "ts": "2026-02-20 07:51:59"}
{"event": "SKIP", "row": 407, "media_id": 20, "reason": "already reviewed", "ts": "2026-02-20 07:51:59"}
{"event": "SKIP", "row": 435, "media_id": 49, "reason": "already reviewed", "ts": "2026-02-20 07:51:59"}
{"event": "SKIP", "row": 440, "media_id": 96, "reason": "already reviewed", "ts": "2026-02-20 07:51:59"}
{"event": "SKIP", "row": 412, "media_id": 81, "reason": "already reviewed", "ts": "2026-02-20 07:51:59"}
{"event": "SKIP", "row": 432, "media_id": 55, "reason": "already reviewed", "ts": "2026-02-20 07:51:59"}
{"event": "SKIP", "row": 443, "media_id": 25, "reason": "already reviewed", "ts": "2026-02-20 07:51:59"}
{"event": "SKIP", "row": 444, "media_id": 87, "reason": "already reviewed", "ts": "2026-02-20 07:51:59"}
{"event": "SKIP", "row": 438, "media_id": 51, "reason": "already reviewed", "ts": "2026-02-20 07:51:59"}
{"event": "SKIP", "row": 441, "media_id": 100, "reason": "already reviewed", "ts": "2026-02-20 07:51:59"}
{"event": "SKIP", "row": 437, "media_id": 38, "reason": "already reviewed", "ts": "2026-02-20 07:51:59"}
{"event": "SKIP", "row": 439, "media_id": 73, "reason": "already reviewed", "ts": "2026-02-20 07:51:59"}
{"event": "SKIP", "row": 442, "media_id": 46, "reason": "already reviewed", "ts": "2026-02-20 07:51:59"}
{"event": "SKIP", "row": 449, "media_id": 54, "reason": "already reviewed", "ts": "2026-02-20 07:51:59"}
{"event": "SKIP", "row": 448, "media_id": 38, "reason": "already reviewed", "ts": "2026-02-20 07:51:59"}
{"event": "SKIP", "row": 445, "media_id": 13, "reason": "already reviewed", "ts": "2026-02-20 07:51:59"}
{"event": "SKIP", "row": 403, "media_id": 76, "reason": "already reviewed", "ts": "2026-02-20 07:51:59"}
{"event": "SKIP", "row": 436, "media_id": 74, "reason": "already reviewed", "ts": "2026-02-20 07:51:59"}
{"event": "SKIP", "row": 434, "media_id": 62, "reason": "already reviewed", "ts": "2026-02-20 07:51:59"}
{"event": "SKIP", "row": 450, "media_id": 17, "reason": "already reviewed", "ts": "2026-02-20 07:51:59"}
{"event": "SKIP", "row": 446, "media_id": 57, "reason": "already reviewed", "ts": "2026-02-20 07:51:59"}
{"event": "SKIP", "row": 447, "media_id": 47, "reason": "already reviewed", "ts": "2026-02-20 07:51:59"}
{"event": "SKIP", "row": 454, "media_id": 60, "reason": "already reviewed", "ts": "2026-02-20 07:51:59"}
{"event": "SKIP", "row": 451, "media_id": 68, "reason": "already reviewed", "ts": "2026-02-20 07:51:59"}
{"event": "SKIP", "row": 465, "media_id": 83, "reason": "already reviewed", "ts": "2026-02-20 07:51:59"}
{"event": "SKIP", "row": 461, "media_id": 49, "reason": "already reviewed", "ts": "2026-02-20 07:51:59"}
{"event": "SKIP", "row": 453, "media_id": 38, "reason": "already reviewed", "ts": "2026-02-20 07:51:59"}
{"event": "SKIP", "row": 471, "media_id": 50, "reason": "already reviewed", "ts": "2026-02-20 07:51:59"}
{"event": "SKIP", "row": 460, "media_id": 87, "reason": "already reviewed", "ts": "2026-02-20 07:51:59"}
{"event": "SKIP", "row": 455, "media_id": 97, "reason": "already reviewed", "ts": "2026-02-20 07:51:59"}
{"event": "SKIP", "row": 462, "media_id": 87, "reason": "already reviewed", "ts": "2026-02-20 07:51:59"}
{"event": "SKIP", "row": 466, "media_id": 60, "reason": "already reviewed", "ts": "2026-02-20 07:51:59"}
{"event": "SKIP", "row": 470, "media_id": 31, "reason": "already reviewed", "ts": "2026-02-20 07:51:59"}
{"event": "SKIP", "row": 456, "media_id": 93, "reason": "already reviewed", "ts": "2026-02-20 07:51:59"}
{"event": "SKIP", "row": 472, "media_id": 86, "reason": "already reviewed", "ts": "2026-02-20 07:51:59"}
{"event": "SKIP", "row": 468, "media_id": 6, "reason": "already reviewed", "ts": "2026-02-20 07:51:59"}
{"event": "SKIP", "row": 473, "media_id": 76, "reason": "already reviewed", "ts": "2026-02-20 07:51:59"}
{"event": "SKIP", "row": 464, "media_id": 42, "reason": "already reviewed", "ts": "2026-02-20 07:51:59"}
{"event": "SKIP", "row": 469, "media_id": 64, "reason": "already reviewed", "ts": "2026-02-20 07:51:59"}
{"event": "SKIP", "row": 480, "media_id": 46, "reason": "already reviewed", "ts": "2026-02-20 07:51:59"}
{"event": "SKIP", "row": 475, "media_id": 79, "reason": "already reviewed", "ts": "2026-02-20 07:51:59"}
{"event": "SKIP", "row": 484, "media_id": 7, "reason": "already reviewed", "ts": "2026-02-20 07:51:59"}
{"event": "SKIP", "row": 474, "media_id": 84, "reason": "already reviewed", "ts": "2026-02-20 07:51:59"}
{"event": "SKIP", "row": 457, "media_id": 47, "reason": "already reviewed", "ts": "2026-02-20 07:51:59"}
{"event": "SKIP", "row": 476, "media_id": 5, "reason": "already reviewed", "ts": "2026-02-20 07:51:59"}
{"event": "SKIP", "row": 459, "media_id": 16, "reason": "already reviewed", "ts": "2026-02-20 07:51:59"}
{"event": "SKIP", "row": 463, "media_id": 4, "reason": "already reviewed", "ts": "2026-02-20 07:51:59"}
{"event": "SKIP", "row": 478, "media_id": 47, "reason": "already reviewed", "ts": "2026-02-20 07:51:59"}
{"event": "SKIP", "row": 452, "media_id": 22, "reason": "already reviewed", "ts": "2026-02-20 07:51:59"}
{"event": "SKIP", "row": 477, "media_id": 57, "reason": "already reviewed", "ts": "2026-02-20 07:51:59"}
{"event": "SKIP", "row": 479, "media_id": 48, "reason": "already reviewed", "ts": "2026-02-20 07:51:59"}
{"event": "SKIP", "row": 490, "media_id": 17, "reason": "already reviewed", "ts": "2026-02-20 07:51:59"}
{"event": "SKIP", "row": 481, "media_id": 36, "reason": "already reviewed", "ts": "2026-02-20 07:51:59"}
{"event": "SKIP", "row": 467, "media_id": 53, "reason": "already reviewed", "ts": "2026-02-20 07:51:59"}
{"event": "SKIP", "row": 482, "media_id": 59, "reason": "already reviewed", "ts": "2026-02-20 07:51:59"}
{"event": "SKIP", "row": 494, "media_id": 42, "reason": "already reviewed", "ts": "2026-02-20 07:51:59"}
{"event": "SKIP", "row": 485, "media_id": 17, "reason": "already reviewed", "ts": "2026-02-20 07:51:59"}
{"event": "SKIP", "row": 486, "media_id": 9, "reason": "already reviewed", "ts": "2026-02-20 07:51:59"}
{"event": "SKIP", "row": 497, "media_id": 15, "reason": "already reviewed", "ts": "2026-02-20 07:51:59"}
{"event": "SKIP", "row": 458, "media_id": 2, "reason": "already reviewed", "ts": "2026-02-20 07:51:59"}
{"event": "SKIP", "row": 498, "media_id": 58, "reason": "already reviewed", "ts": "2026-02-20 07:51:59"}
{"event": "SKIP", "row": 491, "media_id": 23, "reason": "already reviewed", "ts": "2026-02-20 07:51:59"}
{"event": "SKIP", "row": 492, "media_id": 4, "reason": "already reviewed", "ts": "2026-02-20 07:51:59"}
{"event": "SKIP", "row": 487, "media_id": 76, "reason": "already reviewed", "ts": "2026-02-20 07:51:59"}
{"event": "SKIP", "row": 483, "media_id": 28, "reason": "already reviewed", "ts": "2026-02-20 07:51:59"}
{"event": "SKIP", "row": 488, "media_id": 43, "reason": "already reviewed", "ts": "2026-02-20 07:51:59"}
{"event": "SKIP", "row": 499, "media_id": 76, "reason": "already reviewed", "ts": "2026-02-20 07:51:59"}
{"event": "SUCCESS", "row": 489, "user_id": 7, "media_id": 1, "rating": 3, "comment": "Highly recommended", "ts": "2026-02-20 07:51:59"}
{"event": "SKIP", "row": 500, "media_id": 65, "reason": "already reviewed", "ts": "2026-02-20 07:51:59"}
{"event": "SKIP", "row": 493, "media_id": 46, "reason": "already reviewed", "ts": "2026-02-20 07:51:59"}
{"event": "SKIP", "row": 495, "media_id": 34, "reason": "already reviewed", "ts": "2026-02-20 07:51:59"}
{"event": "SKIP", "row": 496, "media_id": 95, "reason": "already reviewed", "ts": "2026-02-20 07:51:59"}
{"event": "SKIP", "row": 510, "media_id": 42, "reason": "already reviewed", "ts": "2026-02-20 07:51:59"}
{"event": "SKIP", "row": 511, "media_id": 68, "reason": "already reviewed", "ts": "2026-02-20 07:51:59"}
{"event": "SKIP", "row": 515, "media_id": 28, "reason": "already reviewed", "ts": "2026-02-20 07:51:59"}
{"event": "SKIP", "row": 514, "media_id": 84, "reason": "already reviewed", "ts": "2026-02-20 07:51:59"}
{"event": "SKIP", "row": 518, "media_id": 94, "reason": "already reviewed", "ts": "2026-02-20 07:51:59"}
{"event": "SKIP", "row": 501, "media_id": 6, "reason": "already reviewed", "ts": "2026-02-20 07:51:59"}
{"event": "SKIP", "row": 520, "media_id": 33, "reason": "already reviewed", "ts": "2026-02-20 07:51:59"}
{"event": "SKIP", "row": 519, "media_id": 55, "reason": "already reviewed", "ts": "2026-02-20 07:51:59"}
{"event": "SKIP", "row": 503, "media_id": 62, "reason": "already reviewed", "ts": "2026-02-20 07:51:59"}
{"event": "SKIP", "row": 506, "media_id": 11, "reason": "already reviewed", "ts": "2026-02-20 07:51:59"}
{"event": "SKIP", "row": 509, "media_id": 75, "reason": "already reviewed", "ts": "2026-02-20 07:51:59"}
{"event": "SKIP", "row": 512, "media_id": 65, "reason": "already reviewed", "ts": "2026-02-20 07:51:59"}
{"event": "SKIP", "row": 502, "media_id": 59, "reason": "already reviewed", "ts": "2026-02-20 07:51:59"}
{"event": "SKIP", "row": 521, "media_id": 88, "reason": "already reviewed", "ts": "2026-02-20 07:51:59"}
{"event": "SKIP", "row": 508, "media_id": 36, "reason": "already reviewed", "ts": "2026-02-20 07:51:59"}
{"event": "SKIP", "row": 507, "media_id": 19, "reason": "already reviewed", "ts": "2026-02-20 07:51:59"}
{"event": "SKIP", "row": 505, "media_id": 92, "reason": "already reviewed", "ts": "2026-02-20 07:51:59"}
{"event": "SKIP", "row": 525, "media_id": 72, "reason": "already reviewed", "ts": "2026-02-20 07:51:59"}
{"event": "SKIP", "row": 528, "media_id": 46, "reason": "already reviewed", "ts": "2026-02-20 07:51:59"}
{"event": "SKIP", "row": 523, "media_id": 56, "reason": "already reviewed", "ts": "2026-02-20 07:51:59"}
{"event": "SKIP", "row": 522, "media_id": 12, "reason": "already reviewed", "ts": "2026-02-20 07:51:59"}
{"event": "SKIP", "row": 526, "media_id": 72, "reason": "already reviewed", "ts": "2026-02-20 07:51:59"}
{"event": "SKIP", "row": 513, "media_id": 13, "reason": "already reviewed", "ts": "2026-02-20 07:51:59"}
{"event": "SKIP", "row": 524, "media_id": 95, "reason": "already reviewed", "ts": "2026-02-20 07:51:59"}
{"event": "SKIP", "row": 530, "media_id": 40, "reason": "already reviewed", "ts": "2026-02-20 07:51:59"}
{"event": "SKIP", "row": 529, "media_id": 7, "reason": "already reviewed", "ts": "2026-02-20 07:51:59"}
{"event": "SKIP", "row": 517, "media_id": 59, "reason": "already reviewed", "ts": "2026-02-20 07:51:59"}
{"event": "SKIP", "row": 533, "media_id": 14, "reason": "already reviewed", "ts": "2026-02-20 07:51:59"}
{"event": "SKIP", "row": 535, "media_id": 36, "reason": "already reviewed", "ts": "2026-02-20 07:51:59"}
{"event": "SKIP", "row": 532, "media_id": 20, "reason": "already reviewed", "ts": "2026-02-20 07:51:59"}
{"event": "SKIP", "row": 534, "media_id": 48, "reason": "already reviewed", "ts": "2026-02-20 07:51:59"}
{"event": "SKIP", "row": 516, "media_id": 30, "reason": "already reviewed", "ts": "2026-02-20 07:51:59"}
{"event": "SKIP", "row": 538, "media_id": 83, "reason": "already reviewed", "ts": "2026-02-20 07:51:59"}
{"event": "SKIP", "row": 537, "media_id": 80, "reason": "already reviewed", "ts": "2026-02-20 07:51:59"}
{"event": "SKIP", "row": 541, "media_id": 98, "reason": "already reviewed", "ts": "2026-02-20 07:51:59"}
{"event": "SKIP", "row": 540, "media_id": 24, "reason": "already reviewed", "ts": "2026-02-20 07:51:59"}
{"event": "SKIP", "row": 504, "media_id": 88, "reason": "already reviewed", "ts": "2026-02-20 07:51:59"}
{"event": "SKIP", "row": 544, "media_id": 52, "reason": "already reviewed", "ts": "2026-02-20 07:51:59"}
{"event": "SKIP", "row": 527, "media_id": 86, "reason": "already reviewed", "ts": "2026-02-20 07:51:59"}
{"event": "SKIP", "row": 545, "media_id": 95, "reason": "already reviewed", "ts": "2026-02-20 07:51:59"}
{"event": "SKIP", "row": 536, "media_id": 55, "reason": "already reviewed", "ts": "2026-02-20 07:51:59"}
{"event": "SKIP", "row": 539, "media_id": 78, "reason": "already reviewed", "ts": "2026-02-20 07:51:59"}
{"event": "SKIP", "row": 542, "media_id": 45, "reason": "already reviewed", "ts": "2026-02-20 07:51:59"}
{"event": "SKIP", "row": 548, "media_id": 44, "reason": "already reviewed", "ts": "2026-02-20 07:51:59"}
{"event": "SKIP", "row": 549, "media_id": 40, "reason": "already reviewed", "ts": "2026-02-20 07:51:59"}
{"event": "SKIP", "row": 550, "media_id": 73, "reason": "already reviewed", "ts": "2026-02-20 07:51:59"}
{"event": "SKIP", "row": 547, "media_id": 49, "reason": "already reviewed", "ts": "2026-02-20 07:51:59"}
{"event": "SKIP", "row": 546, "media_id": 96, "reason": "already reviewed", "ts": "2026-02-20 07:51:59"}
{"event": "SKIP", "row": 543, "media_id": 19, "reason": "already reviewed", "ts": "2026-02-20 07:51:59"}
{"event": "SKIP", "row": 531, "media_id": 74, "reason": "already reviewed", "ts": "2026-02-20 07:51:59"}
{"event": "SKIP", "row": 553, "media_id": 87, "reason": "already reviewed", "ts": "2026-02-20 07:51:59"}
{"event": "SKIP", "row": 555, "media_id": 78, "reason": "already reviewed", "ts": "2026-02-20 07:51:59"}
{"event": "SKIP", "row": 561, "media_id": 29, "reason": "already reviewed", "ts": "2026-02-20 07:51:59"}
{"event": "SKIP", "row": 551, "media_id": 7, "reason": "already reviewed", "ts": "2026-02-20 07:51:59"}
{"event": "SKIP", "row": 558, "media_id": 56, "reason": "already reviewed", "ts": "2026-02-20 07:51:59"}
{"event": "SKIP", "row": 569, "media_id": 72, "reason": "already reviewed", "ts": "2026-02-20 07:51:59"}
{"event": "SKIP", "row": 563, "media_id": 39, "reason": "already reviewed", "ts": "2026-02-20 07:51:59"}
{"event": "SKIP", "row": 568, "media_id": 91, "reason": "already reviewed", "ts": "2026-02-20 07:51:59"}
{"event": "SKIP", "row": 556, "media_id": 35, "reason": "already reviewed", "ts": "2026-02-20 07:51:59"}
{"event": "SKIP", "row": 557, "media_id": 66, "reason": "already reviewed", "ts": "2026-02-20 07:51:59"}
{"event": "SKIP", "row": 554, "media_id": 57, "reason": "already reviewed", "ts": "2026-02-20 07:51:59"}
{"event": "SKIP", "row": 559, "media_id": 87, "reason": "already reviewed", "ts": "2026-02-20 07:51:59"}
{"event": "SKIP", "row": 552, "media_id": 97, "reason": "already reviewed", "ts": "2026-02-20 07:51:59"}
{"event": "SKIP", "row": 575, "media_id": 15, "reason": "already reviewed", "ts": "2026-02-20 07:51:59"}
{"event": "SKIP", "row": 562, "media_id": 8, "reason": "already reviewed", "ts": "2026-02-20 07:51:59"}
{"event": "SKIP", "row": 576, "media_id": 42, "reason": "already reviewed", "ts": "2026-02-20 07:51:59"}
{"event": "SKIP", "row": 579, "media_id": 56, "reason": "already reviewed", "ts": "2026-02-20 07:51:59"}
{"event": "SKIP", "row": 580, "media_id": 68, "reason": "already reviewed", "ts": "2026-02-20 07:51:59"}
{"event": "SKIP", "row": 572, "media_id": 41, "reason": "already reviewed", "ts": "2026-02-20 07:51:59"}
{"event": "SKIP", "row": 566, "media_id": 64, "reason": "already reviewed", "ts": "2026-02-20 07:51:59"}
{"event": "SKIP", "row": 578, "media_id": 56, "reason": "already reviewed", "ts": "2026-02-20 07:51:59"}
{"event": "SKIP", "row": 573, "media_id": 74, "reason": "already reviewed", "ts": "2026-02-20 07:51:59"}
{"event": "SKIP", "row": 585, "media_id": 45, "reason": "already reviewed", "ts": "2026-02-20 07:51:59"}
{"event": "SKIP", "row": 571, "media_id": 3, "reason": "already reviewed", "ts": "2026-02-20 07:51:59"}
{"event": "SKIP", "row": 570, "media_id": 51, "reason": "already reviewed", "ts": "2026-02-20 07:51:59"}
{"event": "SKIP", "row": 560, "media_id": 68, "reason": "already reviewed", "ts": "2026-02-20 07:51:59"}
{"event": "SKIP", "row": 586, "media_id": 83, "reason": "already reviewed", "ts": "2026-02-20 07:51:59"}
{"event": "SKIP", "row": 565, "media_id": 42, "reason": "already reviewed", "ts": "2026-02-20 07:51:59"}
{"event": "SUCCESS", "row": 564, "user_id": 7, "media_id": 18, "rating": 3, "comment": "Poor character development", "ts": "2026-02-20 07:51:59"}
{"event": "SKIP", "row": 595, "media_id": 57, "reason": "already reviewed", "ts": "2026-02-20 07:51:59"}
{"event": "SKIP", "row": 587, "media_id": 14, "reason": "already reviewed", "ts": "2026-02-20 07:51:59"}
{"event": "SKIP", "row": 596, "media_id": 57, "reason": "already reviewed", "ts": "2026-02-20 07:51:59"}
{"event": "SKIP", "row": 597, "media_id": 76, "reason": "already reviewed", "ts": "2026-02-20 07:51:59"}
{"event": "SKIP", "row": 598, "media_id": 65, "reason": "already reviewed", "ts": "2026-02-20 07:51:59"}
{"event": "SKIP", "row": 599, "media_id": 60, "reason": "already reviewed", "ts": "2026-02-20 07:51:59"}
{"event": "SKIP", "row": 600, "media_id": 8, "reason": "already reviewed", "ts": "2026-02-20 07:51:59"}
{"event": "SKIP", "row": 577, "media_id": 59, "reason": "already reviewed", "ts": "2026-02-20 07:51:59"}
{"event": "SKIP", "row": 590, "media_id": 99, "reason": "already reviewed", "ts": "2026-02-20 07:51:59"}
{"event": "SKIP", "row": 567, "media_id": 17, "reason": "already reviewed", "ts": "2026-02-20 07:51:59"}
{"event": "SKIP", "row": 584, "media_id": 66, "reason": "already reviewed", "ts": "2026-02-20 07:51:59"}
{"event": "SKIP", "row": 594, "media_id": 81, "reason": "already reviewed", "ts": "2026-02-20 07:51:59"}
{"event": "SKIP", "row": 589, "media_id": 20, "reason": "already reviewed", "ts": "2026-02-20 07:51:59"}
{"event": "SKIP", "row": 583, "media_id": 66, "reason": "already reviewed", "ts": "2026-02-20 07:51:59"}
{"event": "SKIP", "row": 582, "media_id": 43, "reason": "already reviewed", "ts": "2026-02-20 07:51:59"}
{"event": "SKIP", "row": 588, "media_id": 26, "reason": "already reviewed", "ts": "2026-02-20 07:51:59"}
{"event": "SKIP", "row": 592, "media_id": 75, "reason": "already reviewed", "ts": "2026-02-20 07:51:59"}
{"event": "SKIP", "row": 581, "media_id": 40, "reason": "already reviewed", "ts": "2026-02-20 07:51:59"}
{"event": "SKIP", "row": 591, "media_id": 97, "reason": "already reviewed", "ts": "2026-02-20 07:51:59"}
{"event": "SKIP", "row": 574, "media_id": 82, "reason": "already reviewed", "ts": "2026-02-20 07:51:59"}
{"event": "SKIP", "row": 593, "media_id": 73, "reason": "already reviewed", "ts": "2026-02-20 07:51:59"}
{"event": "SKIP", "row": 607, "media_id": 20, "reason": "already reviewed", "ts": "2026-02-20 07:51:59"}
{"event": "SKIP", "row": 604, "media_id": 95, "reason": "already reviewed", "ts": "2026-02-20 07:51:59"}
{"event": "SKIP", "row": 602, "media_id": 77, "reason": "already reviewed", "ts": "2026-02-20 07:51:59"}
{"event": "SKIP", "row": 616, "media_id": 77, "reason": "already reviewed", "ts": "2026-02-20 07:51:59"}
{"event": "SKIP", "row": 619, "media_id": 87, "reason": "already reviewed", "ts": "2026-02-20 07:51:59"}
{"event": "SKIP", "row": 606, "media_id": 78, "reason": "already reviewed", "ts": "2026-02-20 07:51:59"}
{"event": "SKIP", "row": 603, "media_id": 60, "reason": "already reviewed", "ts": "2026-02-20 07:51:59"}
{"event": "SKIP", "row": 601, "media_id": 10, "reason": "already reviewed", "ts": "2026-02-20 07:51:59"}
{"event": "SKIP", "row": 617, "media_id": 83, "reason": "already reviewed", "ts": "2026-02-20 07:51:59"}
{"event": "SKIP", "row": 613, "media_id": 21, "reason": "already reviewed", "ts": "2026-02-20 07:51:59"}
{"event": "SKIP", "row": 611, "media_id": 91, "reason": "already reviewed", "ts": "2026-02-20 07:51:59"}
{"event": "SKIP", "row": 621, "media_id": 43, "reason": "already reviewed", "ts": "2026-02-20 07:51:59"}
{"event": "SKIP", "row": 610, "media_id": 23, "reason": "already reviewed", "ts": "2026-02-20 07:51:59"}
{"event": "SKIP", "row": 605, "media_id": 74, "reason": "already reviewed", "ts": "2026-02-20 07:51:59"}
{"event": "SKIP", "row": 609, "media_id": 11, "reason": "already reviewed", "ts": "2026-02-20 07:51:59"}
{"event": "SKIP", "row": 624, "media_id": 77, "reason": "already reviewed", "ts": "2026-02-20 07:51:59"}
{"event": "SKIP", "row": 627, "media_id": 90, "reason": "already reviewed", "ts": "2026-02-20 07:51:59"}
{"event": "SKIP", "row": 608, "media_id": 14, "reason": "already reviewed", "ts": "2026-02-20 07:51:59"}
{"event": "SKIP", "row": 625, "media_id": 72, "reason": "already reviewed", "ts": "2026-02-20 07:51:59"}
{"event": "SKIP", "row": 615, "media_id": 100, "reason": "already reviewed", "ts": "2026-02-20 07:51:59"}
{"event": "SKIP", "row": 618, "media_id": 43, "reason": "already reviewed", "ts": "2026-02-20 07:51:59"}
{"event": "SKIP", "row": 623, "media_id": 40, "reason": "already reviewed", "ts": "2026-02-20 07:51:59"}
{"event": "SKIP", "row": 628, "media_id": 83, "reason": "already reviewed", "ts": "2026-02-20 07:51:59"}
{"event": "SKIP", "row": 614, "media_id": 37, "reason": "already reviewed", "ts": "2026-02-20 07:51:59"}
{"event": "SKIP", "row": 626, "media_id": 43, "reason": "already reviewed", "ts": "2026-02-20 07:51:59"}
{"event": "SKIP", "row": 629, "media_id": 47, "reason": "already reviewed", "ts": "2026-02-20 07:51:59"}
{"event": "SKIP", "row": 630, "media_id": 40, "reason": "already reviewed", "ts": "2026-02-20 07:51:59"}
{"event": "SKIP", "row": 635, "media_id": 68, "reason": "already reviewed", "ts": "2026-02-20 07:51:59"}
{"event": "SKIP", "row": 634, "media_id": 65, "reason": "already reviewed", "ts": "2026-02-20 07:51:59"}
{"event": "SKIP", "row": 632, "media_id": 29, "reason": "already reviewed", "ts": "2026-02-20 07:51:59"}
{"event": "SKIP", "row": 638, "media_id": 21, "reason": "already reviewed", "ts": "2026-02-20 07:51:59"}
{"event": "SKIP", "row": 620, "media_id": 33, "reason": "already reviewed", "ts": "2026-02-20 07:51:59"}
{"event": "SKIP", "row": 612, "media_id": 68, "reason": "already reviewed", "ts": "2026-02-20 07:51:59"}
{"event": "SKIP", "row": 631, "media_id": 44, "reason": "already reviewed", "ts": "2026-02-20 07:51:59"}
{"event": "SKIP", "row": 636, "media_id": 44, "reason": "already reviewed", "ts": "2026-02-20 07:51:59"}
{"event": "SKIP", "row": 641, "media_id": 53, "reason": "already reviewed", "ts": "2026-02-20 07:51:59"}
{"event": "SKIP", "row": 646, "media_id": 61, "reason": "already reviewed", "ts": "2026-02-20 07:51:59"}
{"event": "SKIP", "row": 637, "media_id": 77, "reason": "already reviewed", "ts": "2026-02-20 07:51:59"}
{"event": "SKIP", "row": 622, "media_id": 85, "reason": "already reviewed", "ts": "2026-02-20 07:51:59"}
{"event": "SKIP", "row": 640, "media_id": 93, "reason": "already reviewed", "ts": "2026-02-20 07:51:59"}
{"event": "SKIP", "row": 642, "media_id": 93, "reason": "already reviewed", "ts": "2026-02-20 07:51:59"}
{"event": "SKIP", "row": 648, "media_id": 60, "reason": "already reviewed", "ts": "2026-02-20 07:51:59"}
{"event": "SKIP", "row": 649, "media_id": 49, "reason": "already reviewed", "ts": "2026-02-20 07:51:59"}
{"event": "SKIP", "row": 633, "media_id": 10, "reason": "already reviewed", "ts": "2026-02-20 07:51:59"}
{"event": "SKIP", "row": 644, "media_id": 96, "reason": "already reviewed", "ts": "2026-02-20 07:51:59"}
{"event": "SKIP", "row": 650, "media_id": 54, "reason": "already reviewed", "ts": "2026-02-20 07:51:59"}
{"event": "SKIP", "row": 643, "media_id": 79, "reason": "already reviewed", "ts": "2026-02-20 07:51:59"}
{"event": "SKIP", "row": 645, "media_id": 69, "reason": "already reviewed", "ts": "2026-02-20 07:51:59"}
{"event": "SKIP", "row": 647, "media_id": 87, "reason": "already reviewed", "ts": "2026-02-20 07:51:59"}
{"event": "SKIP", "row": 639, "media_id": 99, "reason": "already reviewed", "ts": "2026-02-20 07:51:59"}
{"event": "SKIP", "row": 659, "media_id": 54, "reason": "already reviewed", "ts": "2026-02-20 07:51:59"}
{"event": "SKIP", "row": 663, "media_id": 13, "reason": "already reviewed", "ts": "2026-02-20 07:51:59"}
{"event": "SKIP", "row": 652, "media_id": 7, "reason": "already reviewed", "ts": "2026-02-20 07:51:59"}
{"event": "SKIP", "row": 670, "media_id": 78, "reason": "already reviewed", "ts": "2026-02-20 07:51:59"}
{"event": "SKIP", "row": 666, "media_id": 91, "reason": "already reviewed", "ts": "2026-02-20 07:51:59"}
{"event": "SKIP", "row": 651, "media_id": 78, "reason": "already reviewed", "ts": "2026-02-20 07:51:59"}
{"event": "SKIP", "row": 656, "media_id": 58, "reason": "already reviewed", "ts": "2026-02-20 07:51:59"}
{"event": "SKIP", "row": 660, "media_id": 65, "reason": "already reviewed", "ts": "2026-02-20 07:51:59"}
{"event": "SKIP", "row": 657, "media_id": 56, "reason": "already reviewed", "ts": "2026-02-20 07:51:59"}
{"event": "SKIP", "row": 664, "media_id": 18, "reason": "already reviewed", "ts": "2026-02-20 07:51:59"}
{"event": "SKIP", "row": 667, "media_id": 79, "reason": "already reviewed", "ts": "2026-02-20 07:51:59"}
{"event": "SKIP", "row": 669, "media_id": 20, "reason": "already reviewed", "ts": "2026-02-20 07:51:59"}
{"event": "SKIP", "row": 668, "media_id": 3, "reason": "already reviewed", "ts": "2026-02-20 07:51:59"}
{"event": "SKIP", "row": 662, "media_id": 29, "reason": "already reviewed", "ts": "2026-02-20 07:51:59"}
{"event": "SKIP", "row": 674, "media_id": 80, "reason": "already reviewed", "ts": "2026-02-20 07:51:59"}
{"event": "SKIP", "row": 658, "media_id": 58, "reason": "already reviewed", "ts": "2026-02-20 07:51:59"}
{"event": "SKIP", "row": 654, "media_id": 67, "reason": "already reviewed", "ts": "2026-02-20 07:51:59"}
{"event": "SKIP", "row": 661, "media_id": 50, "reason": "already reviewed", "ts": "2026-02-20 07:51:59"}
{"event": "SKIP", "row": 672, "media_id": 39, "reason": "already reviewed", "ts": "2026-02-20 07:51:59"}
{"event": "SKIP", "row": 665, "media_id": 61, "reason": "already reviewed", "ts": "2026-02-20 07:51:59"}
{"event": "SKIP", "row": 680, "media_id": 46, "reason": "already reviewed", "ts": "2026-02-20 07:51:59"}
{"event": "SKIP", "row": 676, "media_id": 69, "reason": "already reviewed", "ts": "2026-02-20 07:51:59"}
{"event": "SKIP", "row": 655, "media_id": 11, "reason": "already reviewed", "ts": "2026-02-20 07:51:59"}
{"event": "SKIP", "row": 671, "media_id": 15, "reason": "already reviewed", "ts": "2026-02-20 07:51:59"}
{"event": "SKIP", "row": 678, "media_id": 92, "reason": "already reviewed", "ts": "2026-02-20 07:51:59"}
{"event": "SKIP", "row": 653, "media_id": 71, "reason": "already reviewed", "ts": "2026-02-20 07:51:59"}
{"event": "SKIP", "row": 685, "media_id": 71, "reason": "already reviewed", "ts": "2026-02-20 07:51:59"}
{"event": "SKIP", "row": 679, "media_id": 55, "reason": "already reviewed", "ts": "2026-02-20 07:51:59"}
{"event": "SKIP", "row": 675, "media_id": 15, "reason": "already reviewed", "ts": "2026-02-20 07:51:59"}
{"event": "SKIP", "row": 683, "media_id": 47, "reason": "already reviewed", "ts": "2026-02-20 07:51:59"}
{"event": "SKIP", "row": 677, "media_id": 66, "reason": "already reviewed", "ts": "2026-02-20 07:51:59"}
{"event": "SKIP", "row": 681, "media_id": 54, "reason": "already reviewed", "ts": "2026-02-20 07:51:59"}
{"event": "SKIP", "row": 690, "media_id": 94, "reason": "already reviewed", "ts": "2026-02-20 07:51:59"}
{"event": "SKIP", "row": 673, "media_id": 31, "reason": "already reviewed", "ts": "2026-02-20 07:51:59"}
{"event": "SKIP", "row": 691, "media_id": 75, "reason": "already reviewed", "ts": "2026-02-20 07:51:59"}
{"event": "SKIP", "row": 688, "media_id": 96, "reason": "already reviewed", "ts": "2026-02-20 07:51:59"}
{"event": "SKIP", "row": 695, "media_id": 62, "reason": "already reviewed", "ts": "2026-02-20 07:51:59"}
{"event": "SKIP", "row": 682, "media_id": 86, "reason": "already reviewed", "ts": "2026-02-20 07:51:59"}
{"event": "SKIP", "row": 692, "media_id": 6, "reason": "already reviewed", "ts": "2026-02-20 07:51:59"}
{"event": "SKIP", "row": 700, "media_id": 70, "reason": "already reviewed", "ts": "2026-02-20 07:51:59"}
{"event": "SKIP", "row": 687, "media_id": 50, "reason": "already reviewed", "ts": "2026-02-20 07:51:59"}
{"event": "SKIP", "row": 689, "media_id": 9, "reason": "already reviewed", "ts": "2026-02-20 07:51:59"}
{"event": "SKIP", "row": 697, "media_id": 38, "reason": "already reviewed", "ts": "2026-02-20 07:51:59"}
{"event": "SKIP", "row": 696, "media_id": 9, "reason": "already reviewed", "ts": "2026-02-20 07:51:59"}
{"event": "SKIP", "row": 694, "media_id": 88, "reason": "already reviewed", "ts": "2026-02-20 07:51:59"}
{"event": "SKIP", "row": 699, "media_id": 40, "reason": "already reviewed", "ts": "2026-02-20 07:51:59"}
{"event": "SKIP", "row": 686, "media_id": 61, "reason": "already reviewed", "ts": "2026-02-20 07:51:59"}
{"event": "SKIP", "row": 693, "media_id": 44, "reason": "already reviewed", "ts": "2026-02-20 07:51:59"}
{"event": "SKIP", "row": 684, "media_id": 70, "reason": "already reviewed", "ts": "2026-02-20 07:51:59"}
{"event": "SKIP", "row": 698, "media_id": 26, "reason": "already reviewed", "ts": "2026-02-20 07:51:59"}
{"event": "SKIP", "row": 701, "media_id": 5, "reason": "already reviewed", "ts": "2026-02-20 07:51:59"}
{"event": "SKIP", "row": 702, "media_id": 46, "reason": "already reviewed", "ts": "2026-02-20 07:51:59"}
{"event": "SKIP", "row": 709, "media_id": 94, "reason": "already reviewed", "ts": "2026-02-20 07:51:59"}
{"event": "SKIP", "row": 705, "media_id": 96, "reason": "already reviewed", "ts": "2026-02-20 07:51:59"}
{"event": "SKIP", "row": 712, "media_id": 14, "reason": "already reviewed", "ts": "2026-02-20 07:51:59"}
{"event": "SKIP", "row": 721, "media_id": 66, "reason": "already reviewed", "ts": "2026-02-20 07:51:59"}
{"event": "SKIP", "row": 704, "media_id": 48, "reason": "already reviewed", "ts": "2026-02-20 07:51:59"}
{"event": "SKIP", "row": 719, "media_id": 8, "reason": "already reviewed", "ts": "2026-02-20 07:51:59"}
{"event": "SKIP", "row": 718, "media_id": 56, "reason": "already reviewed", "ts": "2026-02-20 07:51:59"}
{"event": "SKIP", "row": 713, "media_id": 85, "reason": "already reviewed", "ts": "2026-02-20 07:51:59"}
{"event": "SKIP", "row": 717, "media_id": 6, "reason": "already reviewed", "ts": "2026-02-20 07:51:59"}
{"event": "SKIP", "row": 703, "media_id": 43, "reason": "already reviewed", "ts": "2026-02-20 07:51:59"}
{"event": "SKIP", "row": 715, "media_id": 55, "reason": "already reviewed", "ts": "2026-02-20 07:51:59"}
{"event": "SKIP", "row": 729, "media_id": 57, "reason": "already reviewed", "ts": "2026-02-20 07:51:59"}
{"event": "SKIP", "row": 710, "media_id": 56, "reason": "already reviewed", "ts": "2026-02-20 07:51:59"}
{"event": "SKIP", "row": 723, "media_id": 57, "reason": "already reviewed", "ts": "2026-02-20 07:51:59"}
{"event": "SKIP", "row": 707, "media_id": 89, "reason": "already reviewed", "ts": "2026-02-20 07:51:59"}
{"event": "SKIP", "row": 708, "media_id": 67, "reason": "already reviewed", "ts": "2026-02-20 07:51:59"}
{"event": "SKIP", "row": 720, "media_id": 82, "reason": "already reviewed", "ts": "2026-02-20 07:51:59"}
{"event": "SKIP", "row": 726, "media_id": 50, "reason": "already reviewed", "ts": "2026-02-20 07:51:59"}
{"event": "SKIP", "row": 706, "media_id": 44, "reason": "already reviewed", "ts": "2026-02-20 07:51:59"}
{"event": "SKIP", "row": 714, "media_id": 58, "reason": "already reviewed", "ts": "2026-02-20 07:51:59"}
{"event": "SKIP", "row": 716, "media_id": 57, "reason": "already reviewed", "ts": "2026-02-20 07:51:59"}
{"event": "SKIP", "row": 711, "media_id": 70, "reason": "already reviewed", "ts": "2026-02-20 07:51:59"}
{"event": "SKIP", "row": 724, "media_id": 9, "reason": "already reviewed", "ts": "2026-02-20 07:51:59"}
{"event": "SKIP", "row": 731, "media_id": 51, "reason": "already reviewed", "ts": "2026-02-20 07:51:59"}
{"event": "SKIP", "row": 728, "media_id": 58, "reason": "already reviewed", "ts": "2026-02-20 07:51:59"}
{"event": "SKIP", "row": 736, "media_id": 34, "reason": "already reviewed", "ts": "2026-02-20 07:51:59"}
{"event": "SKIP", "row": 734, "media_id": 67, "reason": "already reviewed", "ts": "2026-02-20 07:51:59"}
{"event": "SKIP", "row": 730, "media_id": 18, "reason": "already reviewed", "ts": "2026-02-20 07:51:59"}
{"event": "SKIP", "row": 733, "media_id": 4, "reason": "already reviewed", "ts": "2026-02-20 07:51:59"}
{"event": "SKIP", "row": 740, "media_id": 23, "reason": "already reviewed", "ts": "2026-02-20 07:51:59"}
{"event": "SKIP", "row": 732, "media_id": 36, "reason": "already reviewed", "ts": "2026-02-20 07:51:59"}
{"event": "SKIP", "row": 725, "media_id": 83, "reason": "already reviewed", "ts": "2026-02-20 07:51:59"}
{"event": "SKIP", "row": 743, "media_id": 70, "reason": "already reviewed", "ts": "2026-02-20 07:51:59"}
{"event": "SKIP", "row": 722, "media_id": 19, "reason": "already reviewed", "ts": "2026-02-20 07:51:59"}
{"event": "SKIP", "row": 737, "media_id": 79, "reason": "already reviewed", "ts": "2026-02-20 07:51:59"}
{"event": "SKIP", "row": 739, "media_id": 18, "reason": "already reviewed", "ts": "2026-02-20 07:51:59"}
{"event": "SKIP", "row": 735, "media_id": 16, "reason": "already reviewed", "ts": "2026-02-20 07:51:59"}
{"event": "SKIP", "row": 741, "media_id": 88, "reason": "already reviewed", "ts": "2026-02-20 07:51:59"}
{"event": "SKIP", "row": 727, "media_id": 78, "reason": "already reviewed", "ts": "2026-02-20 07:51:59"}
{"event": "SKIP", "row": 745, "media_id": 66, "reason": "already reviewed", "ts": "2026-02-20 07:51:59"}
{"event": "SKIP", "row": 748, "media_id": 71, "reason": "already reviewed", "ts": "2026-02-20 07:51:59"}
{"event": "SKIP", "row": 742, "media_id": 45, "reason": "already reviewed", "ts": "2026-02-20 07:51:59"}
{"event": "SKIP", "row": 749, "media_id": 60, "reason": "already reviewed", "ts": "2026-02-20 07:51:59"}
{"event": "SKIP", "row": 744, "media_id": 21, "reason": "already reviewed", "ts": "2026-02-20 07:51:59"}
{"event": "SKIP", "row": 750, "media_id": 79, "reason": "already reviewed", "ts": "2026-02-20 07:51:59"}
{"event": "SKIP", "row": 747, "media_id": 64, "reason": "already reviewed", "ts": "2026-02-20 07:51:59"}
{"event": "SKIP", "row": 746, "media_id": 26, "reason": "already reviewed", "ts": "2026-02-20 07:51:59"}
{"event": "SKIP", "row": 738, "media_id": 63, "reason": "already reviewed", "ts": "2026-02-20 07:51:59"}
{"event": "SKIP", "row": 757, "media_id": 17, "reason": "already reviewed", "ts": "2026-02-20 07:52:00"}
{"event": "SKIP", "row": 751, "media_id": 40, "reason": "already reviewed", "ts": "2026-02-20 07:52:00"}
{"event": "SKIP", "row": 753, "media_id": 53, "reason": "already reviewed", "ts": "2026-02-20 07:52:00"}
{"event": "SKIP", "row": 754, "media_id": 10, "reason": "already reviewed", "ts": "2026-02-20 07:52:00"}
{"event": "SKIP", "row": 758, "media_id": 76, "reason": "already reviewed", "ts": "2026-02-20 07:52:00"}
{"event": "SKIP", "row": 765, "media_id": 26, "reason": "already reviewed", "ts": "2026-02-20 07:52:00"}
{"event": "SKIP", "row": 771, "media_id": 78, "reason": "already reviewed", "ts": "2026-02-20 07:52:00"}
{"event": "SKIP", "row": 760, "media_id": 8, "reason": "already reviewed", "ts": "2026-02-20 07:52:00"}
{"event": "SKIP", "row": 756, "media_id": 60, "reason": "already reviewed", "ts": "2026-02-20 07:52:00"}
{"event": "SKIP", "row": 759, "media_id": 17, "reason": "already reviewed", "ts": "2026-02-20 07:52:00"}
{"event": "SKIP", "row": 767, "media_id": 69, "reason": "already reviewed", "ts": "2026-02-20 07:52:00"}
{"event": "SKIP", "row": 769, "media_id": 75, "reason": "already reviewed", "ts": "2026-02-20 07:52:00"}
{"event": "SKIP", "row": 762, "media_id": 21, "reason": "already reviewed", "ts": "2026-02-20 07:52:00"}
{"event": "SKIP", "row": 773, "media_id": 6, "reason": "already reviewed", "ts": "2026-02-20 07:52:00"}
{"event": "SKIP", "row": 775, "media_id": 74, "reason": "already reviewed", "ts": "2026-02-20 07:52:00"}
{"event": "SKIP", "row": 768, "media_id": 83, "reason": "already reviewed", "ts": "2026-02-20 07:52:00"}
{"event": "SKIP", "row": 766, "media_id": 17, "reason": "already reviewed", "ts": "2026-02-20 07:52:00"}
{"event": "SKIP", "row": 761, "media_id": 20, "reason": "already reviewed", "ts": "2026-02-20 07:52:00"}
{"event": "SKIP", "row": 763, "media_id": 29, "reason": "already reviewed", "ts": "2026-02-20 07:52:00"}
{"event": "SKIP", "row": 752, "media_id": 93, "reason": "already reviewed", "ts": "2026-02-20 07:52:00"}
{"event": "SKIP", "row": 777, "media_id": 81, "reason": "already reviewed", "ts": "2026-02-20 07:52:00"}
{"event": "SKIP", "row": 755, "media_id": 83, "reason": "already reviewed", "ts": "2026-02-20 07:52:00"}
{"event": "SKIP", "row": 779, "media_id": 32, "reason": "already reviewed", "ts": "2026-02-20 07:52:00"}
{"event": "SKIP", "row": 764, "media_id": 37, "reason": "already reviewed", "ts": "2026-02-20 07:52:00"}
{"event": "SKIP", "row": 780, "media_id": 59, "reason": "already reviewed", "ts": "2026-02-20 07:52:00"}
{"event": "SKIP", "row": 772, "media_id": 6, "reason": "already reviewed", "ts": "2026-02-20 07:52:00"}
{"event": "SKIP", "row": 795, "media_id": 21, "reason": "already reviewed", "ts": "2026-02-20 07:52:00"}
{"event": "SKIP", "row": 776, "media_id": 82, "reason": "already reviewed", "ts": "2026-02-20 07:52:00"}
{"event": "SKIP", "row": 770, "media_id": 85, "reason": "already reviewed", "ts": "2026-02-20 07:52:00"}
{"event": "SKIP", "row": 783, "media_id": 27, "reason": "already reviewed", "ts": "2026-02-20 07:52:00"}
{"event": "SKIP", "row": 786, "media_id": 17, "reason": "already reviewed", "ts": "2026-02-20 07:52:00"}
{"event": "SKIP", "row": 774, "media_id": 84, "reason": "already reviewed", "ts": "2026-02-20 07:52:00"}
{"event": "SKIP", "row": 788, "media_id": 31, "reason": "already reviewed", "ts": "2026-02-20 07:52:00"}
{"event": "SKIP", "row": 790, "media_id": 19, "reason": "already reviewed", "ts": "2026-02-20 07:52:00"}
{"event": "SKIP", "row": 792, "media_id": 54, "reason": "already reviewed", "ts": "2026-02-20 07:52:00"}
{"event": "SKIP", "row": 785, "media_id": 41, "reason": "already reviewed", "ts": "2026-02-20 07:52:00"}
{"event": "SKIP", "row": 784, "media_id": 19, "reason": "already reviewed", "ts": "2026-02-20 07:52:00"}
{"event": "SKIP", "row": 787, "media_id": 72, "reason": "already reviewed", "ts": "2026-02-20 07:52:00"}
{"event": "SKIP", "row": 789, "media_id": 35, "reason": "already reviewed", "ts": "2026-02-20 07:52:00"}
{"event": "SKIP", "row": 781, "media_id": 8, "reason": "already reviewed", "ts": "2026-02-20 07:52:00"}
{"event": "SKIP", "row": 778, "media_id": 83, "reason": "already reviewed", "ts": "2026-02-20 07:52:00"}
{"event": "SKIP", "row": 782, "media_id": 54, "reason": "already reviewed", "ts": "2026-02-20 07:52:00"}
{"event": "SKIP", "row": 793, "media_id": 42, "reason": "already reviewed", "ts": "2026-02-20 07:52:00"}
{"event": "SKIP", "row": 794, "media_id": 41, "reason": "already reviewed", "ts": "2026-02-20 07:52:00"}
{"event": "SKIP", "row": 796, "media_id": 60, "reason": "already reviewed", "ts": "2026-02-20 07:52:00"}
{"event": "SKIP", "row": 798, "media_id": 51, "reason": "already reviewed", "ts": "2026-02-20 07:52:00"}
{"event": "SKIP", "row": 797, "media_id": 64, "reason": "already reviewed", "ts": "2026-02-20 07:52:00"}
{"event": "SKIP", "row": 799, "media_id": 31, "reason": "already reviewed", "ts": "2026-02-20 07:52:00"}
{"event": "SKIP", "row": 791, "media_id": 38, "reason": "already reviewed", "ts": "2026-02-20 07:52:00"}
{"event": "SKIP", "row": 800, "media_id": 46, "reason": "already reviewed", "ts": "2026-02-20 07:52:00"}
{"event": "SKIP", "row": 804, "media_id": 56, "reason": "already reviewed", "ts": "2026-02-20 07:52:00"}
{"event": "SKIP", "row": 811, "media_id": 98, "reason": "already reviewed", "ts": "2026-02-20 07:52:00"}
{"event": "SKIP", "row": 813, "media_id": 17, "reason": "already reviewed", "ts": "2026-02-20 07:52:00"}
{"event": "SKIP", "row": 803, "media_id": 69, "reason": "already reviewed", "ts": "2026-02-20 07:52:00"}
{"event": "SKIP", "row": 801, "media_id": 37, "reason": "already reviewed", "ts": "2026-02-20 07:52:00"}
{"event": "SKIP", "row": 802, "media_id": 84, "reason": "already reviewed", "ts": "2026-02-20 07:52:00"}
{"event": "SKIP", "row": 816, "media_id": 78, "reason": "already reviewed", "ts": "2026-02-20 07:52:00"}
{"event": "SKIP", "row": 817, "media_id": 65, "reason": "already reviewed", "ts": "2026-02-20 07:52:00"}
{"event": "SKIP", "row": 808, "media_id": 72, "reason": "already reviewed", "ts": "2026-02-20 07:52:00"}
{"event": "SKIP", "row": 819, "media_id": 43, "reason": "already reviewed", "ts": "2026-02-20 07:52:00"}
{"event": "SKIP", "row": 812, "media_id": 80, "reason": "already reviewed", "ts": "2026-02-20 07:52:00"}
{"event": "SKIP", "row": 810, "media_id": 50, "reason": "already reviewed", "ts": "2026-02-20 07:52:00"}
{"event": "SKIP", "row": 805, "media_id": 94, "reason": "already reviewed", "ts": "2026-02-20 07:52:00"}
{"event": "SKIP", "row": 822, "media_id": 79, "reason": "already reviewed", "ts": "2026-02-20 07:52:00"}
{"event": "SKIP", "row": 806, "media_id": 52, "reason": "already reviewed", "ts": "2026-02-20 07:52:00"}
{"event": "SKIP", "row": 807, "media_id": 52, "reason": "already reviewed", "ts": "2026-02-20 07:52:00"}
{"event": "SKIP", "row": 827, "media_id": 61, "reason": "already reviewed", "ts": "2026-02-20 07:52:00"}
{"event": "SKIP", "row": 823, "media_id": 51, "reason": "already reviewed", "ts": "2026-02-20 07:52:00"}
{"event": "SKIP", "row": 818, "media_id": 5, "reason": "already reviewed", "ts": "2026-02-20 07:52:00"}
{"event": "SKIP", "row": 809, "media_id": 71, "reason": "already reviewed", "ts": "2026-02-20 07:52:00"}
{"event": "SKIP", "row": 815, "media_id": 47, "reason": "already reviewed", "ts": "2026-02-20 07:52:00"}
{"event": "SKIP", "row": 814, "media_id": 48, "reason": "already reviewed", "ts": "2026-02-20 07:52:00"}
{"event": "SKIP", "row": 825, "media_id": 65, "reason": "already reviewed", "ts": "2026-02-20 07:52:00"}
{"event": "SKIP", "row": 821, "media_id": 66, "reason": "already reviewed", "ts": "2026-02-20 07:52:00"}
{"event": "SKIP", "row": 828, "media_id": 43, "reason": "already reviewed", "ts": "2026-02-20 07:52:00"}
{"event": "SKIP", "row": 826, "media_id": 63, "reason": "already reviewed", "ts": "2026-02-20 07:52:00"}
{"event": "SKIP", "row": 835, "media_id": 81, "reason": "already reviewed", "ts": "2026-02-20 07:52:00"}
{"event": "SKIP", "row": 824, "media_id": 39, "reason": "already reviewed", "ts": "2026-02-20 07:52:00"}
{"event": "SKIP", "row": 834, "media_id": 62, "reason": "already reviewed", "ts": "2026-02-20 07:52:00"}
{"event": "SKIP", "row": 832, "media_id": 100, "reason": "already reviewed", "ts": "2026-02-20 07:52:00"}
{"event": "SKIP", "row": 833, "media_id": 30, "reason": "already reviewed", "ts": "2026-02-20 07:52:00"}
{"event": "SKIP", "row": 836, "media_id": 49, "reason": "already reviewed", "ts": "2026-02-20 07:52:00"}
{"event": "SKIP", "row": 837, "media_id": 32, "reason": "already reviewed", "ts": "2026-02-20 07:52:00"}
{"event": "SKIP", "row": 830, "media_id": 89, "reason": "already reviewed", "ts": "2026-02-20 07:52:00"}
{"event": "SKIP", "row": 843, "media_id": 95, "reason": "already reviewed", "ts": "2026-02-20 07:52:00"}
{"event": "SKIP", "row": 831, "media_id": 61, "reason": "already reviewed", "ts": "2026-02-20 07:52:00"}
{"event": "SKIP", "row": 845, "media_id": 72, "reason": "already reviewed", "ts": "2026-02-20 07:52:00"}
{"event": "SKIP", "row": 841, "media_id": 89, "reason": "already reviewed", "ts": "2026-02-20 07:52:00"}
{"event": "SKIP", "row": 842, "media_id": 65, "reason": "already reviewed", "ts": "2026-02-20 07:52:00"}
{"event": "SKIP", "row": 838, "media_id": 90, "reason": "already reviewed", "ts": "2026-02-20 07:52:00"}
{"event": "SKIP", "row": 829, "media_id": 75, "reason": "already reviewed", "ts": "2026-02-20 07:52:00"}
{"event": "SKIP", "row": 846, "media_id": 62, "reason": "already reviewed", "ts": "2026-02-20 07:52:00"}
{"event": "SKIP", "row": 839, "media_id": 3, "reason": "already reviewed", "ts": "2026-02-20 07:52:00"}
{"event": "SKIP", "row": 847, "media_id": 41, "reason": "already reviewed", "ts": "2026-02-20 07:52:00"}
{"event": "SKIP", "row": 820, "media_id": 59, "reason": "already reviewed", "ts": "2026-02-20 07:52:00"}
{"event": "SKIP", "row": 840, "media_id": 54, "reason": "already reviewed", "ts": "2026-02-20 07:52:00"}
{"event": "SKIP", "row": 849, "media_id": 46, "reason": "already reviewed", "ts": "2026-02-20 07:52:00"}
{"event": "SKIP", "row": 848, "media_id": 69, "reason": "already reviewed", "ts": "2026-02-20 07:52:00"}
{"event": "SKIP", "row": 850, "media_id": 62, "reason": "already reviewed", "ts": "2026-02-20 07:52:00"}
{"event": "SKIP", "row": 844, "media_id": 18, "reason": "already reviewed", "ts": "2026-02-20 07:52:00"}
{"event": "SKIP", "row": 852, "media_id": 29, "reason": "already reviewed", "ts": "2026-02-20 07:52:00"}
{"event": "SKIP", "row": 861, "media_id": 11, "reason": "already reviewed", "ts": "2026-02-20 07:52:00"}
{"event": "SKIP", "row": 858, "media_id": 70, "reason": "already reviewed", "ts": "2026-02-20 07:52:00"}
{"event": "SKIP", "row": 851, "media_id": 36, "reason": "already reviewed", "ts": "2026-02-20 07:52:00"}
{"event": "SKIP", "row": 859, "media_id": 45, "reason": "already reviewed", "ts": "2026-02-20 07:52:00"}
{"event": "SKIP", "row": 854, "media_id": 91, "reason": "already reviewed", "ts": "2026-02-20 07:52:00"}
{"event": "SKIP", "row": 855, "media_id": 62, "reason": "already reviewed", "ts": "2026-02-20 07:52:00"}
{"event": "SKIP", "row": 872, "media_id": 88, "reason": "already reviewed", "ts": "2026-02-20 07:52:00"}
{"event": "SKIP", "row": 862, "media_id": 84, "reason": "already reviewed", "ts": "2026-02-20 07:52:00"}
{"event": "SKIP", "row": 871, "media_id": 92, "reason": "already reviewed", "ts": "2026-02-20 07:52:00"}
{"event": "SKIP", "row": 853, "media_id": 37, "reason": "already reviewed", "ts": "2026-02-20 07:52:00"}
{"event": "SKIP", "row": 868, "media_id": 7, "reason": "already reviewed", "ts": "2026-02-20 07:52:00"}
{"event": "SKIP", "row": 867, "media_id": 76, "reason": "already reviewed", "ts": "2026-02-20 07:52:00"}
{"event": "SKIP", "row": 863, "media_id": 62, "reason": "already reviewed", "ts": "2026-02-20 07:52:00"}
{"event": "SKIP", "row": 870, "media_id": 13, "reason": "already reviewed", "ts": "2026-02-20 07:52:00"}
{"event": "SKIP", "row": 869, "media_id": 82, "reason": "already reviewed", "ts": "2026-02-20 07:52:00"}
{"event": "SKIP", "row": 860, "media_id": 6, "reason": "already reviewed", "ts": "2026-02-20 07:52:00"}
{"event": "SKIP", "row": 879, "media_id": 69, "reason": "already reviewed", "ts": "2026-02-20 07:52:00"}
{"event": "SKIP", "row": 856, "media_id": 93, "reason": "already reviewed", "ts": "2026-02-20 07:52:00"}
{"event": "SKIP", "row": 875, "media_id": 84, "reason": "already reviewed", "ts": "2026-02-20 07:52:00"}
{"event": "SKIP", "row": 864, "media_id": 69, "reason": "already reviewed", "ts": "2026-02-20 07:52:00"}
{"event": "SKIP", "row": 865, "media_id": 90, "reason": "already reviewed", "ts": "2026-02-20 07:52:00"}
{"event": "SKIP", "row": 881, "media_id": 51, "reason": "already reviewed", "ts": "2026-02-20 07:52:00"}
{"event": "SKIP", "row": 878, "media_id": 12, "reason": "already reviewed", "ts": "2026-02-20 07:52:00"}
{"event": "SKIP", "row": 873, "media_id": 71, "reason": "already reviewed", "ts": "2026-02-20 07:52:00"}
{"event": "SKIP", "row": 874, "media_id": 84, "reason": "already reviewed", "ts": "2026-02-20 07:52:00"}
{"event": "SKIP", "row": 886, "media_id": 70, "reason": "already reviewed", "ts": "2026-02-20 07:52:00"}
{"event": "SKIP", "row": 877, "media_id": 83, "reason": "already reviewed", "ts": "2026-02-20 07:52:00"}
{"event": "SKIP", "row": 866, "media_id": 14, "reason": "already reviewed", "ts": "2026-02-20 07:52:00"}
{"event": "SKIP", "row": 884, "media_id": 78, "reason": "already reviewed", "ts": "2026-02-20 07:52:00"}
{"event": "SKIP", "row": 880, "media_id": 54, "reason": "already reviewed", "ts": "2026-02-20 07:52:00"}
{"event": "SKIP", "row": 889, "media_id": 43, "reason": "already reviewed", "ts": "2026-02-20 07:52:00"}
{"event": "SKIP", "row": 882, "media_id": 96, "reason": "already reviewed", "ts": "2026-02-20 07:52:00"}
{"event": "SKIP", "row": 890, "media_id": 59, "reason": "already reviewed", "ts": "2026-02-20 07:52:00"}
{"event": "SKIP", "row": 883, "media_id": 2, "reason": "already reviewed", "ts": "2026-02-20 07:52:00"}
{"event": "SKIP", "row": 892, "media_id": 44, "reason": "already reviewed", "ts": "2026-02-20 07:52:00"}
{"event": "SKIP", "row": 876, "media_id": 37, "reason": "already reviewed", "ts": "2026-02-20 07:52:00"}
{"event": "SKIP", "row": 888, "media_id": 35, "reason": "already reviewed", "ts": "2026-02-20 07:52:00"}
{"event": "SKIP", "row": 891, "media_id": 24, "reason": "already reviewed", "ts": "2026-02-20 07:52:00"}
{"event": "SKIP", "row": 857, "media_id": 16, "reason": "already reviewed", "ts": "2026-02-20 07:52:00"}
{"event": "SKIP", "row": 887, "media_id": 18, "reason": "already reviewed", "ts": "2026-02-20 07:52:00"}
{"event": "SKIP", "row": 895, "media_id": 66, "reason": "already reviewed", "ts": "2026-02-20 07:52:00"}
{"event": "SKIP", "row": 894, "media_id": 79, "reason": "already reviewed", "ts": "2026-02-20 07:52:00"}
{"event": "SKIP", "row": 897, "media_id": 18, "reason": "already reviewed", "ts": "2026-02-20 07:52:00"}
{"event": "SKIP", "row": 899, "media_id": 50, "reason": "already reviewed", "ts": "2026-02-20 07:52:00"}
{"event": "SKIP", "row": 896, "media_id": 52, "reason": "already reviewed", "ts": "2026-02-20 07:52:00"}
{"event": "SKIP", "row": 885, "media_id": 37, "reason": "already reviewed", "ts": "2026-02-20 07:52:00"}
{"event": "SKIP", "row": 900, "media_id": 97, "reason": "already reviewed", "ts": "2026-02-20 07:52:00"}
{"event": "SKIP", "row": 898, "media_id": 32, "reason": "already reviewed", "ts": "2026-02-20 07:52:00"}
{"event": "SKIP", "row": 893, "media_id": 87, "reason": "already reviewed", "ts": "2026-02-20 07:52:00"}
{"event": "SKIP", "row": 920, "media_id": 74, "reason": "already reviewed", "ts": "2026-02-20 07:52:00"}
{"event": "SKIP", "row": 908, "media_id": 16, "reason": "already reviewed", "ts": "2026-02-20 07:52:00"}
{"event": "SKIP", "row": 902, "media_id": 74, "reason": "already reviewed", "ts": "2026-02-20 07:52:00"}
{"event": "SKIP", "row": 917, "media_id": 91, "reason": "already reviewed", "ts": "2026-02-20 07:52:00"}
{"event": "SKIP", "row": 919, "media_id": 71, "reason": "already reviewed", "ts": "2026-02-20 07:52:00"}
{"event": "SKIP", "row": 901, "media_id": 39, "reason": "already reviewed", "ts": "2026-02-20 07:52:00"}
{"event": "SKIP", "row": 904, "media_id": 31, "reason": "already reviewed", "ts": "2026-02-20 07:52:00"}
{"event": "SKIP", "row": 915, "media_id": 97, "reason": "already reviewed", "ts": "2026-02-20 07:52:00"}
{"event": "SKIP", "row": 913, "media_id": 97, "reason": "already reviewed", "ts": "2026-02-20 07:52:00"}
{"event": "SKIP", "row": 906, "media_id": 21, "reason": "already reviewed", "ts": "2026-02-20 07:52:00"}
{"event": "SKIP", "row": 910, "media_id": 18, "reason": "already reviewed", "ts": "2026-02-20 07:52:00"}
{"event": "SKIP", "row": 909, "media_id": 79, "reason": "already reviewed", "ts": "2026-02-20 07:52:00"}
{"event": "SKIP", "row": 918, "media_id": 73, "reason": "already reviewed", "ts": "2026-02-20 07:52:00"}
{"event": "SKIP", "row": 916, "media_id": 68, "reason": "already reviewed", "ts": "2026-02-20 07:52:00"}
{"event": "SKIP", "row": 912, "media_id": 54, "reason": "already reviewed", "ts": "2026-02-20 07:52:00"}
{"event": "SKIP", "row": 923, "media_id": 27, "reason": "already reviewed", "ts": "2026-02-20 07:52:00"}
{"event": "SKIP", "row": 925, "media_id": 8, "reason": "already reviewed", "ts": "2026-02-20 07:52:00"}
{"event": "SKIP", "row": 921, "media_id": 22, "reason": "already reviewed", "ts": "2026-02-20 07:52:00"}
{"event": "SKIP", "row": 905, "media_id": 16, "reason": "already reviewed", "ts": "2026-02-20 07:52:00"}
{"event": "SKIP", "row": 914, "media_id": 28, "reason": "already reviewed", "ts": "2026-02-20 07:52:00"}
{"event": "SKIP", "row": 903, "media_id": 84, "reason": "already reviewed", "ts": "2026-02-20 07:52:00"}
{"event": "SKIP", "row": 927, "media_id": 73, "reason": "already reviewed", "ts": "2026-02-20 07:52:00"}
{"event": "SKIP", "row": 926, "media_id": 66, "reason": "already reviewed", "ts": "2026-02-20 07:52:00"}
{"event": "SKIP", "row": 934, "media_id": 5, "reason": "already reviewed", "ts": "2026-02-20 07:52:00"}
{"event": "SKIP", "row": 924, "media_id": 12, "reason": "already reviewed", "ts": "2026-02-20 07:52:00"}
{"event": "SKIP", "row": 911, "media_id": 59, "reason": "already reviewed", "ts": "2026-02-20 07:52:00"}
{"event": "SKIP", "row": 930, "media_id": 1, "reason": "already reviewed", "ts": "2026-02-20 07:52:00"}
{"event": "SKIP", "row": 931, "media_id": 10, "reason": "already reviewed", "ts": "2026-02-20 07:52:00"}
{"event": "SKIP", "row": 939, "media_id": 85, "reason": "already reviewed", "ts": "2026-02-20 07:52:00"}
{"event": "SKIP", "row": 937, "media_id": 49, "reason": "already reviewed", "ts": "2026-02-20 07:52:00"}
{"event": "SKIP", "row": 935, "media_id": 24, "reason": "already reviewed", "ts": "2026-02-20 07:52:00"}
{"event": "SKIP", "row": 907, "media_id": 65, "reason": "already reviewed", "ts": "2026-02-20 07:52:00"}
{"event": "SKIP", "row": 936, "media_id": 83, "reason": "already reviewed", "ts": "2026-02-20 07:52:00"}
{"event": "SKIP", "row": 940, "media_id": 84, "reason": "already reviewed", "ts": "2026-02-20 07:52:00"}
{"event": "SKIP", "row": 932, "media_id": 45, "reason": "already reviewed", "ts": "2026-02-20 07:52:00"}
{"event": "SKIP", "row": 941, "media_id": 23, "reason": "already reviewed", "ts": "2026-02-20 07:52:00"}
{"event": "SKIP", "row": 946, "media_id": 69, "reason": "already reviewed", "ts": "2026-02-20 07:52:00"}
{"event": "SKIP", "row": 929, "media_id": 3, "reason": "already reviewed", "ts": "2026-02-20 07:52:00"}
{"event": "SKIP", "row": 922, "media_id": 57, "reason": "already reviewed", "ts": "2026-02-20 07:52:00"}
{"event": "SKIP", "row": 945, "media_id": 87, "reason": "already reviewed", "ts": "2026-02-20 07:52:00"}
{"event": "SKIP", "row": 942, "media_id": 68, "reason": "already reviewed", "ts": "2026-02-20 07:52:00"}
{"event": "SKIP", "row": 950, "media_id": 85, "reason": "already reviewed", "ts": "2026-02-20 07:52:00"}
{"event": "SKIP", "row": 949, "media_id": 93, "reason": "already reviewed", "ts": "2026-02-20 07:52:00"}
{"event": "SKIP", "row": 928, "media_id": 60, "reason": "already reviewed", "ts": "2026-02-20 07:52:00"}
{"event": "SKIP", "row": 938, "media_id": 49, "reason": "already reviewed", "ts": "2026-02-20 07:52:00"}
{"event": "SKIP", "row": 933, "media_id": 8, "reason": "already reviewed", "ts": "2026-02-20 07:52:00"}
{"event": "SKIP", "row": 944, "media_id": 3, "reason": "already reviewed", "ts": "2026-02-20 07:52:00"}
{"event": "SKIP", "row": 948, "media_id": 20, "reason": "already reviewed", "ts": "2026-02-20 07:52:00"}
{"event": "SKIP", "row": 947, "media_id": 32, "reason": "already reviewed", "ts": "2026-02-20 07:52:00"}
{"event": "SKIP", "row": 943, "media_id": 29, "reason": "already reviewed", "ts": "2026-02-20 07:52:00"}
{"event": "SKIP", "row": 953, "media_id": 77, "reason": "already reviewed", "ts": "2026-02-20 07:52:00"}
{"event": "SKIP", "row": 951, "media_id": 99, "reason": "already reviewed", "ts": "2026-02-20 07:52:00"}
{"event": "SKIP", "row": 961, "media_id": 87, "reason": "already reviewed", "ts": "2026-02-20 07:52:00"}
{"event": "SKIP", "row": 960, "media_id": 74, "reason": "already reviewed", "ts": "2026-02-20 07:52:00"}
{"event": "SKIP", "row": 965, "media_id": 72, "reason": "already reviewed", "ts": "2026-02-20 07:52:00"}
{"event": "SKIP", "row": 958, "media_id": 65, "reason": "already reviewed", "ts": "2026-02-20 07:52:00"}
{"event": "SKIP", "row": 964, "media_id": 39, "reason": "already reviewed", "ts": "2026-02-20 07:52:00"}
{"event": "SKIP", "row": 971, "media_id": 24, "reason": "already reviewed", "ts": "2026-02-20 07:52:00"}
{"event": "SKIP", "row": 955, "media_id": 95, "reason": "already reviewed", "ts": "2026-02-20 07:52:00"}
{"event": "SKIP", "row": 954, "media_id": 77, "reason": "already reviewed", "ts": "2026-02-20 07:52:00"}
{"event": "SKIP", "row": 962, "media_id": 39, "reason": "already reviewed", "ts": "2026-02-20 07:52:00"}
{"event": "SKIP", "row": 973, "media_id": 91, "reason": "already reviewed", "ts": "2026-02-20 07:52:00"}
{"event": "SKIP", "row": 968, "media_id": 83, "reason": "already reviewed", "ts": "2026-02-20 07:52:00"}
{"event": "SKIP", "row": 967, "media_id": 64, "reason": "already reviewed", "ts": "2026-02-20 07:52:00"}
{"event": "SKIP", "row": 966, "media_id": 23, "reason": "already reviewed", "ts": "2026-02-20 07:52:00"}
{"event": "SKIP", "row": 952, "media_id": 27, "reason": "already reviewed", "ts": "2026-02-20 07:52:00"}
{"event": "SKIP", "row": 963, "media_id": 67, "reason": "already reviewed", "ts": "2026-02-20 07:52:00"}
{"event": "SKIP", "row": 970, "media_id": 20, "reason": "already reviewed", "ts": "2026-02-20 07:52:00"}
{"event": "SKIP", "row": 974, "media_id": 8, "reason": "already reviewed", "ts": "2026-02-20 07:52:00"}
{"event": "SKIP", "row": 956, "media_id": 57, "reason": "already reviewed", "ts": "2026-02-20 07:52:00"}
{"event": "SKIP", "row": 957, "media_id": 28, "reason": "already reviewed", "ts": "2026-02-20 07:52:00"}
{"event": "SKIP", "row": 976, "media_id": 18, "reason": "already reviewed", "ts": "2026-02-20 07:52:00"}
{"event": "SKIP", "row": 975, "media_id": 54, "reason": "already reviewed", "ts": "2026-02-20 07:52:00"}
{"event": "SKIP", "row": 979, "media_id": 48, "reason": "already reviewed", "ts": "2026-02-20 07:52:00"}
{"event": "SKIP", "row": 972, "media_id": 31, "reason": "already reviewed", "ts": "2026-02-20 07:52:00"}
{"event": "SKIP", "row": 969, "media_id": 41, "reason": "already reviewed", "ts": "2026-02-20 07:52:00"}
{"event": "SKIP", "row": 981, "media_id": 35, "reason": "already reviewed", "ts": "2026-02-20 07:52:00"}
{"event": "SKIP", "row": 978, "media_id": 83, "reason": "already reviewed", "ts": "2026-02-20 07:52:00"}
{"event": "SKIP", "row": 977, "media_id": 33, "reason": "already reviewed", "ts": "2026-02-20 07:52:00"}
{"event": "SKIP", "row": 989, "media_id": 90, "reason": "already reviewed", "ts": "2026-02-20 07:52:00"}
{"event": "SKIP", "row": 980, "media_id": 93, "reason": "already reviewed", "ts": "2026-02-20 07:52:00"}
{"event": "SKIP", "row": 959, "media_id": 94, "reason": "already reviewed", "ts": "2026-02-20 07:52:00"}
{"event": "SKIP", "row": 983, "media_id": 10, "reason": "already reviewed", "ts": "2026-02-20 07:52:00"}
{"event": "SKIP", "row": 987, "media_id": 25, "reason": "already reviewed", "ts": "2026-02-20 07:52:00"}
{"event": "SKIP", "row": 986, "media_id": 39, "reason": "already reviewed", "ts": "2026-02-20 07:52:00"}
{"event": "SKIP", "row": 988, "media_id": 97, "reason": "already reviewed", "ts": "2026-02-20 07:52:00"}
{"event": "SKIP", "row": 990, "media_id": 27, "reason": "already reviewed", "ts": "2026-02-20 07:52:00"}
{"event": "SKIP", "row": 982, "media_id": 78, "reason": "already reviewed", "ts": "2026-02-20 07:52:00"}
{"event": "SKIP", "row": 985, "media_id": 62, "reason": "already reviewed", "ts": "2026-02-20 07:52:00"}
{"event": "SKIP", "row": 984, "media_id": 76, "reason": "already reviewed", "ts": "2026-02-20 07:52:00"}
{"event": "SKIP", "row": 997, "media_id": 41, "reason": "already reviewed", "ts": "2026-02-20 07:52:00"}
{"event": "SKIP", "row": 993, "media_id": 69, "reason": "already reviewed", "ts": "2026-02-20 07:52:00"}
{"event": "SKIP", "row": 992, "media_id": 37, "reason": "already reviewed", "ts": "2026-02-20 07:52:00"}
{"event": "SKIP", "row": 998, "media_id": 41, "reason": "already reviewed", "ts": "2026-02-20 07:52:00"}
{"event": "SKIP", "row": 991, "media_id": 71, "reason": "already reviewed", "ts": "2026-02-20 07:52:00"}
{"event": "SKIP", "row": 1000, "media_id": 19, "reason": "already reviewed", "ts": "2026-02-20 07:52:00"}
{"event": "SKIP", "row": 995, "media_id": 64, "reason": "already reviewed", "ts": "2026-02-20 07:52:00"}
{"event": "SKIP", "row": 996, "media_id": 93, "reason": "already reviewed", "ts": "2026-02-20 07:52:00"}
{"event": "SKIP", "row": 999, "media_id": 73, "reason": "already reviewed", "ts": "2026-02-20 07:52:00"}
{"event": "SKIP", "row": 994, "media_id": 34, "reason": "already reviewed", "ts": "2026-02-20 07:52:00"}
{"event": "BULK_DONE", "file": "reviews.csv", "total": 1000, "success": 98, "skipped": 902, "failed": 0, "elapsed_sec": 4.06, "ts": "2026-02-20 07:52:00"}
{"event": "BULK_START", "file": "reviews.csv", "total": 1000, "user_id": 54, "ts": "2026-02-20 09:00:58"}
{"event": "SUCCESS", "row": 1, "user_id": 54, "media_id": 82, "rating": 1, "comment": "Total waste of time", "ts": "2026-02-20 09:00:58"}
{"event": "SUCCESS", "row": 18, "user_id": 54, "media_id": 59, "rating": 5, "comment": "One of the best I have seen", "ts": "2026-02-20 09:00:58"}
{"event": "SUCCESS", "row": 16, "user_id": 54, "media_id": 46, "rating": 3, "comment": "Groundbreaking stuff", "ts": "2026-02-20 09:00:58"}
{"event": "SUCCESS", "row": 19, "user_id": 54, "media_id": 49, "rating": 1, "comment": "Weak script", "ts": "2026-02-20 09:00:58"}
{"event": "SUCCESS", "row": 2, "user_id": 54, "media_id": 95, "rating": 3, "comment": "Kept me hooked throughout", "ts": "2026-02-20 09:00:58"}
{"event": "SKIP", "row": 22, "media_id": 9, "reason": "already reviewed", "ts": "2026-02-20 09:00:58"}
{"event": "SUCCESS", "row": 24, "user_id": 54, "media_id": 30, "rating": 1, "comment": "Surprisingly good", "ts": "2026-02-20 09:00:58"}
{"event": "SUCCESS", "row": 20, "user_id": 54, "media_id": 38, "rating": 5, "comment": "Solid 4 out of 5", "ts": "2026-02-20 09:00:58"}
{"event": "SUCCESS", "row": 21, "user_id": 54, "media_id": 74, "rating": 2, "comment": "Dry and lifeless", "ts": "2026-02-20 09:00:58"}
{"event": "SUCCESS", "row": 25, "user_id": 54, "media_id": 36, "rating": 4, "comment": "Would watch again", "ts": "2026-02-20 09:00:58"}
{"event": "SKIP", "row": 23, "media_id": 30, "reason": "already reviewed", "ts": "2026-02-20 09:00:58"}
{"event": "SKIP", "row": 13, "media_id": 36, "reason": "already reviewed", "ts": "2026-02-20 09:00:58"}
{"event": "SUCCESS", "row": 3, "user_id": 54, "media_id": 29, "rating": 2, "comment": "Feels recycled", "ts": "2026-02-20 09:00:58"}
{"event": "SKIP", "row": 29, "media_id": 82, "reason": "already reviewed", "ts": "2026-02-20 09:00:58"}
{"event": "SUCCESS", "row": 7, "user_id": 54, "media_id": 30, "rating": 5, "comment": "Groundbreaking stuff", "ts": "2026-02-20 09:00:58"}
{"event": "SKIP", "row": 27, "media_id": 46, "reason": "already reviewed", "ts": "2026-02-20 09:00:58"}
{"event": "SKIP", "row": 32, "media_id": 82, "reason": "already reviewed", "ts": "2026-02-20 09:00:58"}
{"event": "SUCCESS", "row": 34, "user_id": 54, "media_id": 100, "rating": 1, "comment": "Not worth the hype", "ts": "2026-02-20 09:00:58"}
{"event": "SUCCESS", "row": 35, "user_id": 54, "media_id": 5, "rating": 3, "comment": "Nothing special", "ts": "2026-02-20 09:00:58"}
{"event": "SKIP", "row": 11, "media_id": 36, "reason": "already reviewed", "ts": "2026-02-20 09:00:58"}
{"event": "SUCCESS", "row": 30, "user_id": 54, "media_id": 94, "rating": 2, "comment": "Overrated in my opinion", "ts": "2026-02-20 09:00:58"}
{"event": "SKIP", "row": 36, "media_id": 35, "reason": "already reviewed", "ts": "2026-02-20 09:00:58"}
{"event": "SUCCESS", "row": 37, "user_id": 54, "media_id": 73, "rating": 3, "comment": "Masterpiece of modern cinema", "ts": "2026-02-20 09:00:58"}
{"event": "SKIP", "row": 40, "media_id": 34, "reason": "already reviewed", "ts": "2026-02-20 09:00:58"}
{"event": "SUCCESS", "row": 41, "user_id": 54, "media_id": 96, "rating": 5, "comment": "Great background score", "ts": "2026-02-20 09:00:58"}
{"event": "SUCCESS", "row": 33, "user_id": 54, "media_id": 88, "rating": 3, "comment": "Lost interest halfway", "ts": "2026-02-20 09:00:58"}
{"event": "SUCCESS", "row": 28, "user_id": 54, "media_id": 35, "rating": 1, "comment": "Groundbreaking stuff", "ts": "2026-02-20 09:00:58"}
{"event": "SUCCESS", "row": 45, "user_id": 54, "media_id": 64, "rating": 1, "comment": "Gripping from start to finish", "ts": "2026-02-20 09:00:58"}
{"event": "SKIP", "row": 42, "media_id": 34, "reason": "already reviewed", "ts": "2026-02-20 09:00:58"}
{"event": "SUCCESS", "row": 46, "user_id": 54, "media_id": 7, "rating": 1, "comment": "Highly recommended", "ts": "2026-02-20 09:00:58"}
{"event": "SKIP", "row": 44, "media_id": 29, "reason": "already reviewed", "ts": "2026-02-20 09:00:58"}
{"event": "SUCCESS", "row": 48, "user_id": 54, "media_id": 55, "rating": 5, "comment": "Boring and slow paced", "ts": "2026-02-20 09:00:58"}
{"event": "SUCCESS", "row": 43, "user_id": 54, "media_id": 75, "rating": 4, "comment": "Solid 4 out of 5", "ts": "2026-02-20 09:00:58"}
{"event": "SUCCESS", "row": 8, "user_id": 54, "media_id": 4, "rating": 5, "comment": "Average at best", "ts": "2026-02-20 09:00:58"}
{"event": "SUCCESS", "row": 49, "user_id": 54, "media_id": 50, "rating": 4, "comment": "Groundbreaking stuff", "ts": "2026-02-20 09:00:58"}
{"event": "SUCCESS", "row": 47, "user_id": 54, "media_id": 81, "rating": 2, "comment": "Overhyped trash", "ts": "2026-02-20 09:00:58"}
{"event": "SUCCESS", "row": 6, "user_id": 54, "media_id": 4, "rating": 1, "comment": "Masterpiece of modern cinema", "ts": "2026-02-20 09:00:58"}
{"event": "SUCCESS", "row": 12, "user_id": 54, "media_id": 21, "rating": 4, "comment": "Best thing I watched this year", "ts": "2026-02-20 09:00:58"}
{"event": "SUCCESS", "row": 26, "user_id": 54, "media_id": 47, "rating": 2, "comment": "Solid 4 out of 5", "ts": "2026-02-20 09:00:58"}
{"event": "SUCCESS", "row": 9, "user_id": 54, "media_id": 92, "rating": 5, "comment": "Loved every minute", "ts": "2026-02-20 09:00:58"}
{"event": "SUCCESS", "row": 50, "user_id": 54, "media_id": 60, "rating": 5, "comment": "Predictable plot but fun", "ts": "2026-02-20 09:00:58"}
{"event": "SUCCESS", "row": 38, "user_id": 54, "media_id": 84, "rating": 4, "comment": "Nothing special", "ts": "2026-02-20 09:00:58"}
{"event": "SUCCESS", "row": 10, "user_id": 54, "media_id": 29, "rating": 4, "comment": "Cheesy but enjoyable", "ts": "2026-02-20 09:00:58"}
{"event": "SUCCESS", "row": 15, "user_id": 54, "media_id": 12, "rating": 4, "comment": "Decent but could be better", "ts": "2026-02-20 09:00:58"}
{"event": "SUCCESS", "row": 5, "user_id": 54, "media_id": 76, "rating": 4, "comment": "Mind blowing experience", "ts": "2026-02-20 09:00:58"}
{"event": "SUCCESS", "row": 39, "user_id": 54, "media_id": 83, "rating": 4, "comment": "Highly recommended", "ts": "2026-02-20 09:00:58"}
{"event": "SUCCESS", "row": 14, "user_id": 54, "media_id": 98, "rating": 3, "comment": "Decent but could be better", "ts": "2026-02-20 09:00:58"}
{"event": "SUCCESS", "row": 31, "user_id": 54, "media_id": 60, "rating": 4, "comment": "Stunning visuals", "ts": "2026-02-20 09:00:58"}
{"event": "SUCCESS", "row": 17, "user_id": 54, "media_id": 34, "rating": 1, "comment": "Fresh and original", "ts": "2026-02-20 09:00:58"}
{"event": "SUCCESS", "row": 4, "user_id": 54, "media_id": 14, "rating": 5, "comment": "Must watch for everyone", "ts": "2026-02-20 09:00:58"}
{"event": "SKIP", "row": 55, "media_id": 38, "reason": "already reviewed", "ts": "2026-02-20 09:00:58"}
{"event": "SKIP", "row": 59, "media_id": 14, "reason": "already reviewed", "ts": "2026-02-20 09:00:58"}
{"event": "SUCCESS", "row": 52, "user_id": 54, "media_id": 93, "rating": 1, "comment": "Overhyped trash", "ts": "2026-02-20 09:00:58"}
{"event": "SKIP", "row": 69, "media_id": 98, "reason": "already reviewed", "ts": "2026-02-20 09:00:58"}
{"event": "SKIP", "row": 68, "media_id": 94, "reason": "already reviewed", "ts": "2026-02-20 09:00:58"}
{"event": "SKIP", "row": 58, "media_id": 98, "reason": "already reviewed", "ts": "2026-02-20 09:00:58"}
{"event": "SKIP", "row": 56, "media_id": 59, "reason": "already reviewed", "ts": "2026-02-20 09:00:58"}
{"event": "SUCCESS", "row": 60, "user_id": 54, "media_id": 65, "rating": 5, "comment": "Average at best", "ts": "2026-02-20 09:00:58"}
{"event": "SKIP", "row": 54, "media_id": 83, "reason": "already reviewed", "ts": "2026-02-20 09:00:58"}
{"event": "SUCCESS", "row": 75, "user_id": 54, "media_id": 40, "rating": 4, "comment": "Hidden gem", "ts": "2026-02-20 09:00:58"}
{"event": "SUCCESS", "row": 74, "user_id": 54, "media_id": 97, "rating": 2, "comment": "Dry and lifeless", "ts": "2026-02-20 09:00:58"}
{"event": "SUCCESS", "row": 77, "user_id": 54, "media_id": 67, "rating": 4, "comment": "One of the best I have seen", "ts": "2026-02-20 09:00:58"}
{"event": "SUCCESS", "row": 78, "user_id": 54, "media_id": 32, "rating": 2, "comment": "Boring and slow paced", "ts": "2026-02-20 09:00:58"}
{"event": "SUCCESS", "row": 79, "user_id": 54, "media_id": 44, "rating": 1, "comment": "Cheesy but enjoyable", "ts": "2026-02-20 09:00:58"}
{"event": "SKIP", "row": 76, "media_id": 84, "reason": "already reviewed", "ts": "2026-02-20 09:00:58"}
{"event": "SKIP", "row": 85, "media_id": 36, "reason": "already reviewed", "ts": "2026-02-20 09:00:58"}
{"event": "SKIP", "row": 83, "media_id": 9, "reason": "already reviewed", "ts": "2026-02-20 09:00:58"}
{"event": "SUCCESS", "row": 51, "user_id": 54, "media_id": 71, "rating": 1, "comment": "Overhyped trash", "ts": "2026-02-20 09:00:58"}
{"event": "SUCCESS", "row": 86, "user_id": 54, "media_id": 70, "rating": 2, "comment": "Fresh and original", "ts": "2026-02-20 09:00:59"}
{"event": "SUCCESS", "row": 84, "user_id": 54, "media_id": 10, "rating": 5, "comment": "Kept me hooked throughout", "ts": "2026-02-20 09:00:59"}
{"event": "SKIP", "row": 87, "media_id": 74, "reason": "already reviewed", "ts": "2026-02-20 09:00:59"}
{"event": "SUCCESS", "row": 82, "user_id": 54, "media_id": 91, "rating": 1, "comment": "Not worth the hype", "ts": "2026-02-20 09:00:59"}
{"event": "SKIP", "row": 88, "media_id": 32, "reason": "already reviewed", "ts": "2026-02-20 09:00:59"}
{"event": "SUCCESS", "row": 90, "user_id": 54, "media_id": 85, "rating": 4, "comment": "Terrible ending ruined it", "ts": "2026-02-20 09:00:59"}
{"event": "SKIP", "row": 81, "media_id": 29, "reason": "already reviewed", "ts": "2026-02-20 09:00:59"}
{"event": "SKIP", "row": 92, "media_id": 94, "reason": "already reviewed", "ts": "2026-02-20 09:00:59"}
{"event": "SKIP", "row": 93, "media_id": 84, "reason": "already reviewed", "ts": "2026-02-20 09:00:59"}
{"event": "SKIP", "row": 91, "media_id": 55, "reason": "already reviewed", "ts": "2026-02-20 09:00:59"}
{"event": "SUCCESS", "row": 89, "user_id": 54, "media_id": 25, "rating": 1, "comment": "Decent but could be better", "ts": "2026-02-20 09:00:59"}
{"event": "SUCCESS", "row": 96, "user_id": 54, "media_id": 69, "rating": 4, "comment": "Very disappointing", "ts": "2026-02-20 09:00:59"}
{"event": "SUCCESS", "row": 94, "user_id": 54, "media_id": 52, "rating": 3, "comment": "Decent but could be better", "ts": "2026-02-20 09:00:59"}
{"event": "SKIP", "row": 97, "media_id": 55, "reason": "already reviewed", "ts": "2026-02-20 09:00:59"}
{"event": "SKIP", "row": 98, "media_id": 60, "reason": "already reviewed", "ts": "2026-02-20 09:00:59"}
{"event": "SKIP", "row": 100, "media_id": 7, "reason": "already reviewed", "ts": "2026-02-20 09:00:59"}
{"event": "SKIP", "row": 95, "media_id": 32, "reason": "already reviewed", "ts": "2026-02-20 09:00:59"}
{"event": "SUCCESS", "row": 99, "user_id": 54, "media_id": 57, "rating": 5, "comment": "Decent but could be better", "ts": "2026-02-20 09:00:59"}
{"event": "SKIP", "row": 67, "media_id": 73, "reason": "already reviewed", "ts": "2026-02-20 09:00:59"}
{"event": "SKIP", "row": 62, "media_id": 21, "reason": "already reviewed", "ts": "2026-02-20 09:00:59"}
{"event": "SKIP", "row": 72, "media_id": 34, "reason": "already reviewed", "ts": "2026-02-20 09:00:59"}
{"event": "SUCCESS", "row": 71, "user_id": 54, "media_id": 61, "rating": 5, "comment": "Overrated in my opinion", "ts": "2026-02-20 09:00:59"}
{"event": "SKIP", "row": 73, "media_id": 55, "reason": "already reviewed", "ts": "2026-02-20 09:00:59"}
{"event": "SUCCESS", "row": 57, "user_id": 54, "media_id": 93, "rating": 3, "comment": "Light hearted fun", "ts": "2026-02-20 09:00:59"}
{"event": "SUCCESS", "row": 80, "user_id": 54, "media_id": 71, "rating": 2, "comment": "Cheesy but enjoyable", "ts": "2026-02-20 09:00:59"}
{"event": "SUCCESS", "row": 61, "user_id": 54, "media_id": 20, "rating": 3, "comment": "Gripping from start to finish", "ts": "2026-02-20 09:00:59"}
{"event": "SUCCESS", "row": 53, "user_id": 54, "media_id": 69, "rating": 3, "comment": "Lost interest halfway", "ts": "2026-02-20 09:00:59"}
{"event": "SUCCESS", "row": 65, "user_id": 54, "media_id": 15, "rating": 3, "comment": "Exceeded my expectations", "ts": "2026-02-20 09:00:59"}
{"event": "SUCCESS", "row": 70, "user_id": 54, "media_id": 17, "rating": 2, "comment": "Hidden gem", "ts": "2026-02-20 09:00:59"}
{"event": "SUCCESS", "row": 63, "user_id": 54, "media_id": 68, "rating": 1, "comment": "Groundbreaking stuff", "ts": "2026-02-20 09:00:59"}
{"event": "SUCCESS", "row": 66, "user_id": 54, "media_id": 31, "rating": 1, "comment": "Kept me hooked throughout", "ts": "2026-02-20 09:00:59"}
{"event": "SUCCESS", "row": 64, "user_id": 54, "media_id": 42, "rating": 4, "comment": "Total waste of time", "ts": "2026-02-20 09:00:59"}
{"event": "SKIP", "row": 111, "media_id": 70, "reason": "already reviewed", "ts": "2026-02-20 09:00:59"}
{"event": "SKIP", "row": 119, "media_id": 75, "reason": "already reviewed", "ts": "2026-02-20 09:00:59"}
{"event": "SKIP", "row": 113, "media_id": 75, "reason": "already reviewed", "ts": "2026-02-20 09:00:59"}
{"event": "SKIP", "row": 116, "media_id": 9, "reason": "already reviewed", "ts": "2026-02-20 09:00:59"}
{"event": "SKIP", "row": 101, "media_id": 12, "reason": "already reviewed", "ts": "2026-02-20 09:00:59"}
{"event": "SKIP", "row": 109, "media_id": 25, "reason": "already reviewed", "ts": "2026-02-20 09:00:59"}
{"event": "SKIP", "row": 121, "media_id": 85, "reason": "already reviewed", "ts": "2026-02-20 09:00:59"}
{"event": "SKIP", "row": 122, "media_id": 67, "reason": "already reviewed", "ts": "2026-02-20 09:00:59"}
{"event": "SKIP", "row": 108, "media_id": 92, "reason": "already reviewed", "ts": "2026-02-20 09:00:59"}
{"event": "SUCCESS", "row": 110, "user_id": 54, "media_id": 8, "rating": 5, "comment": "Feels recycled", "ts": "2026-02-20 09:00:59"}
{"event": "SUCCESS", "row": 117, "user_id": 54, "media_id": 87, "rating": 2, "comment": "Nothing special", "ts": "2026-02-20 09:00:59"}
{"event": "SUCCESS", "row": 126, "user_id": 54, "media_id": 41, "rating": 1, "comment": "Absolutely loved it", "ts": "2026-02-20 09:00:59"}
{"event": "SUCCESS", "row": 128, "user_id": 54, "media_id": 13, "rating": 1, "comment": "Great background score", "ts": "2026-02-20 09:00:59"}
{"event": "SKIP", "row": 112, "media_id": 41, "reason": "already reviewed", "ts": "2026-02-20 09:00:59"}
{"event": "SKIP", "row": 130, "media_id": 17, "reason": "already reviewed", "ts": "2026-02-20 09:00:59"}
{"event": "SKIP", "row": 132, "media_id": 21, "reason": "already reviewed", "ts": "2026-02-20 09:00:59"}
{"event": "SKIP", "row": 129, "media_id": 28, "reason": "already reviewed", "ts": "2026-02-20 09:00:59"}
{"event": "SKIP", "row": 131, "media_id": 32, "reason": "already reviewed", "ts": "2026-02-20 09:00:59"}
{"event": "SKIP", "row": 138, "media_id": 96, "reason": "already reviewed", "ts": "2026-02-20 09:00:59"}
{"event": "SKIP", "row": 139, "media_id": 35, "reason": "already reviewed", "ts": "2026-02-20 09:00:59"}
{"event": "SUCCESS", "row": 135, "user_id": 54, "media_id": 86, "rating": 5, "comment": "Exceeded my expectations", "ts": "2026-02-20 09:00:59"}
{"event": "SKIP", "row": 133, "media_id": 91, "reason": "already reviewed", "ts": "2026-02-20 09:00:59"}
{"event": "SKIP", "row": 107, "media_id": 94, "reason": "already reviewed", "ts": "2026-02-20 09:00:59"}
{"event": "SUCCESS", "row": 142, "user_id": 54, "media_id": 63, "rating": 3, "comment": "Great storyline and acting", "ts": "2026-02-20 09:00:59"}
{"event": "SKIP", "row": 141, "media_id": 88, "reason": "already reviewed", "ts": "2026-02-20 09:00:59"}
{"event": "SKIP", "row": 134, "media_id": 84, "reason": "already reviewed", "ts": "2026-02-20 09:00:59"}
{"event": "SKIP", "row": 146, "media_id": 34, "reason": "already reviewed", "ts": "2026-02-20 09:00:59"}
{"event": "SKIP", "row": 136, "media_id": 85, "reason": "already reviewed", "ts": "2026-02-20 09:00:59"}
{"event": "SKIP", "row": 148, "media_id": 55, "reason": "already reviewed", "ts": "2026-02-20 09:00:59"}
{"event": "SKIP", "row": 125, "media_id": 86, "reason": "already reviewed", "ts": "2026-02-20 09:00:59"}
{"event": "SUCCESS", "row": 144, "user_id": 54, "media_id": 6, "rating": 1, "comment": "Best thing I watched this year", "ts": "2026-02-20 09:00:59"}
{"event": "SKIP", "row": 137, "media_id": 34, "reason": "already reviewed", "ts": "2026-02-20 09:00:59"}
{"event": "SKIP", "row": 149, "media_id": 15, "reason": "already reviewed", "ts": "2026-02-20 09:00:59"}
{"event": "SUCCESS", "row": 145, "user_id": 54, "media_id": 99, "rating": 2, "comment": "Would watch again", "ts": "2026-02-20 09:00:59"}
{"event": "SKIP", "row": 150, "media_id": 20, "reason": "already reviewed", "ts": "2026-02-20 09:00:59"}
{"event": "SUCCESS", "row": 106, "user_id": 54, "media_id": 37, "rating": 4, "comment": "Emotional rollercoaster", "ts": "2026-02-20 09:00:59"}
{"event": "SKIP", "row": 105, "media_id": 50, "reason": "already reviewed", "ts": "2026-02-20 09:00:59"}
{"event": "SKIP", "row": 143, "media_id": 12, "reason": "already reviewed", "ts": "2026-02-20 09:00:59"}
{"event": "SKIP", "row": 114, "media_id": 68, "reason": "already reviewed", "ts": "2026-02-20 09:00:59"}
{"event": "SKIP", "row": 124, "media_id": 34, "reason": "already reviewed", "ts": "2026-02-20 09:00:59"}
{"event": "SKIP", "row": 147, "media_id": 57, "reason": "already reviewed", "ts": "2026-02-20 09:00:59"}
{"event": "SUCCESS", "row": 118, "user_id": 54, "media_id": 16, "rating": 5, "comment": "Kept me hooked throughout", "ts": "2026-02-20 09:00:59"}
{"event": "SKIP", "row": 127, "media_id": 59, "reason": "already reviewed", "ts": "2026-02-20 09:00:59"}
{"event": "SUCCESS", "row": 102, "user_id": 54, "media_id": 53, "rating": 4, "comment": "Funny and entertaining", "ts": "2026-02-20 09:00:59"}
{"event": "SUCCESS", "row": 103, "user_id": 54, "media_id": 28, "rating": 4, "comment": "Great storyline and acting", "ts": "2026-02-20 09:00:59"}
{"event": "SUCCESS", "row": 140, "user_id": 54, "media_id": 27, "rating": 3, "comment": "Masterpiece of modern cinema", "ts": "2026-02-20 09:00:59"}
{"event": "SUCCESS", "row": 120, "user_id": 54, "media_id": 80, "rating": 1, "comment": "Loved every minute", "ts": "2026-02-20 09:00:59"}
{"event": "SUCCESS", "row": 123, "user_id": 54, "media_id": 27, "rating": 3, "comment": "Kept me hooked throughout", "ts": "2026-02-20 09:00:59"}
{"event": "SUCCESS", "row": 115, "user_id": 54, "media_id": 66, "rating": 1, "comment": "Brilliant direction", "ts": "2026-02-20 09:00:59"}
{"event": "SUCCESS", "row": 104, "user_id": 54, "media_id": 22, "rating": 4, "comment": "Absolutely loved it", "ts": "2026-02-20 09:00:59"}
{"event": "SKIP", "row": 153, "media_id": 6, "reason": "already reviewed", "ts": "2026-02-20 09:00:59"}
{"event": "SKIP", "row": 166, "media_id": 40, "reason": "already reviewed", "ts": "2026-02-20 09:00:59"}
{"event": "SKIP", "row": 156, "media_id": 14, "reason": "already reviewed", "ts": "2026-02-20 09:00:59"}
{"event": "SKIP", "row": 167, "media_id": 4, "reason": "already reviewed", "ts": "2026-02-20 09:00:59"}
{"event": "SKIP", "row": 162, "media_id": 95, "reason": "already reviewed", "ts": "2026-02-20 09:00:59"}
{"event": "SKIP", "row": 155, "media_id": 88, "reason": "already reviewed", "ts": "2026-02-20 09:00:59"}
{"event": "SKIP", "row": 160, "media_id": 4, "reason": "already reviewed", "ts": "2026-02-20 09:00:59"}
{"event": "SKIP", "row": 171, "media_id": 87, "reason": "already reviewed", "ts": "2026-02-20 09:00:59"}
{"event": "SKIP", "row": 169, "media_id": 99, "reason": "already reviewed", "ts": "2026-02-20 09:00:59"}
{"event": "SKIP", "row": 154, "media_id": 6, "reason": "already reviewed", "ts": "2026-02-20 09:00:59"}
{"event": "SKIP", "row": 159, "media_id": 21, "reason": "already reviewed", "ts": "2026-02-20 09:00:59"}
{"event": "SKIP", "row": 158, "media_id": 96, "reason": "already reviewed", "ts": "2026-02-20 09:00:59"}
{"event": "SKIP", "row": 174, "media_id": 5, "reason": "already reviewed", "ts": "2026-02-20 09:00:59"}
{"event": "SUCCESS", "row": 151, "user_id": 54, "media_id": 48, "rating": 5, "comment": "Weak script", "ts": "2026-02-20 09:00:59"}
{"event": "SKIP", "row": 170, "media_id": 83, "reason": "already reviewed", "ts": "2026-02-20 09:00:59"}
{"event": "SUCCESS", "row": 175, "user_id": 54, "media_id": 56, "rating": 3, "comment": "Fresh and original", "ts": "2026-02-20 09:00:59"}
{"event": "SKIP", "row": 177, "media_id": 66, "reason": "already reviewed", "ts": "2026-02-20 09:00:59"}
{"event": "SKIP", "row": 187, "media_id": 52, "reason": "already reviewed", "ts": "2026-02-20 09:00:59"}
{"event": "SUCCESS", "row": 183, "user_id": 54, "media_id": 43, "rating": 5, "comment": "Fell asleep watching", "ts": "2026-02-20 09:00:59"}
{"event": "SKIP", "row": 186, "media_id": 86, "reason": "already reviewed", "ts": "2026-02-20 09:00:59"}
{"event": "SKIP", "row": 184, "media_id": 85, "reason": "already reviewed", "ts": "2026-02-20 09:00:59"}
{"event": "SKIP", "row": 178, "media_id": 74, "reason": "already reviewed", "ts": "2026-02-20 09:00:59"}
{"event": "SKIP", "row": 182, "media_id": 56, "reason": "already reviewed", "ts": "2026-02-20 09:00:59"}
{"event": "SKIP", "row": 172, "media_id": 4, "reason": "already reviewed", "ts": "2026-02-20 09:00:59"}
{"event": "SKIP", "row": 188, "media_id": 17, "reason": "already reviewed", "ts": "2026-02-20 09:00:59"}
{"event": "SKIP", "row": 164, "media_id": 5, "reason": "already reviewed", "ts": "2026-02-20 09:00:59"}
{"event": "SKIP", "row": 163, "media_id": 21, "reason": "already reviewed", "ts": "2026-02-20 09:00:59"}
{"event": "SUCCESS", "row": 161, "user_id": 54, "media_id": 43, "rating": 4, "comment": "Hidden gem", "ts": "2026-02-20 09:00:59"}
{"event": "SKIP", "row": 195, "media_id": 42, "reason": "already reviewed", "ts": "2026-02-20 09:00:59"}
{"event": "SKIP", "row": 196, "media_id": 57, "reason": "already reviewed", "ts": "2026-02-20 09:00:59"}
{"event": "SKIP", "row": 200, "media_id": 12, "reason": "already reviewed", "ts": "2026-02-20 09:00:59"}
{"event": "SUCCESS", "row": 185, "user_id": 54, "media_id": 39, "rating": 5, "comment": "Exceeded my expectations", "ts": "2026-02-20 09:00:59"}
{"event": "SKIP", "row": 199, "media_id": 85, "reason": "already reviewed", "ts": "2026-02-20 09:00:59"}
{"event": "SKIP", "row": 197, "media_id": 61, "reason": "already reviewed", "ts": "2026-02-20 09:00:59"}
{"event": "SKIP", "row": 191, "media_id": 73, "reason": "already reviewed", "ts": "2026-02-20 09:00:59"}
{"event": "SUCCESS", "row": 198, "user_id": 54, "media_id": 11, "rating": 3, "comment": "Light hearted fun", "ts": "2026-02-20 09:00:59"}
{"event": "SKIP", "row": 192, "media_id": 71, "reason": "already reviewed", "ts": "2026-02-20 09:00:59"}
{"event": "SKIP", "row": 180, "media_id": 67, "reason": "already reviewed", "ts": "2026-02-20 09:00:59"}
{"event": "SKIP", "row": 179, "media_id": 6, "reason": "already reviewed", "ts": "2026-02-20 09:00:59"}
{"event": "SKIP", "row": 190, "media_id": 96, "reason": "already reviewed", "ts": "2026-02-20 09:00:59"}
{"event": "SUCCESS", "row": 152, "user_id": 54, "media_id": 19, "rating": 4, "comment": "Very disappointing", "ts": "2026-02-20 09:00:59"}
{"event": "SKIP", "row": 193, "media_id": 37, "reason": "already reviewed", "ts": "2026-02-20 09:00:59"}
{"event": "SKIP", "row": 189, "media_id": 86, "reason": "already reviewed", "ts": "2026-02-20 09:00:59"}
{"event": "SKIP", "row": 181, "media_id": 93, "reason": "already reviewed", "ts": "2026-02-20 09:00:59"}
{"event": "SUCCESS", "row": 173, "user_id": 54, "media_id": 23, "rating": 5, "comment": "Predictable plot but fun", "ts": "2026-02-20 09:00:59"}
{"event": "SUCCESS", "row": 157, "user_id": 54, "media_id": 72, "rating": 4, "comment": "Not my cup of tea", "ts": "2026-02-20 09:00:59"}
{"event": "SKIP", "row": 176, "media_id": 41, "reason": "already reviewed", "ts": "2026-02-20 09:00:59"}
{"event": "SKIP", "row": 194, "media_id": 75, "reason": "already reviewed", "ts": "2026-02-20 09:00:59"}
{"event": "SUCCESS", "row": 168, "user_id": 54, "media_id": 43, "rating": 3, "comment": "Boring and slow paced", "ts": "2026-02-20 09:00:59"}
{"event": "SUCCESS", "row": 165, "user_id": 54, "media_id": 26, "rating": 4, "comment": "Terrible ending ruined it", "ts": "2026-02-20 09:00:59"}
{"event": "SKIP", "row": 216, "media_id": 57, "reason": "already reviewed", "ts": "2026-02-20 09:00:59"}
{"event": "SKIP", "row": 203, "media_id": 32, "reason": "already reviewed", "ts": "2026-02-20 09:00:59"}
{"event": "SKIP", "row": 202, "media_id": 19, "reason": "already reviewed", "ts": "2026-02-20 09:00:59"}
{"event": "SKIP", "row": 201, "media_id": 40, "reason": "already reviewed", "ts": "2026-02-20 09:00:59"}
{"event": "SKIP", "row": 212, "media_id": 7, "reason": "already reviewed", "ts": "2026-02-20 09:00:59"}
{"event": "SKIP", "row": 204, "media_id": 99, "reason": "already reviewed", "ts": "2026-02-20 09:00:59"}
{"event": "SKIP", "row": 214, "media_id": 60, "reason": "already reviewed", "ts": "2026-02-20 09:00:59"}
{"event": "SKIP", "row": 213, "media_id": 16, "reason": "already reviewed", "ts": "2026-02-20 09:00:59"}
{"event": "SKIP", "row": 210, "media_id": 55, "reason": "already reviewed", "ts": "2026-02-20 09:00:59"}
{"event": "SKIP", "row": 220, "media_id": 97, "reason": "already reviewed", "ts": "2026-02-20 09:00:59"}
{"event": "SKIP", "row": 219, "media_id": 61, "reason": "already reviewed", "ts": "2026-02-20 09:00:59"}
{"event": "SKIP", "row": 224, "media_id": 37, "reason": "already reviewed", "ts": "2026-02-20 09:00:59"}
{"event": "SKIP", "row": 209, "media_id": 99, "reason": "already reviewed", "ts": "2026-02-20 09:00:59"}
{"event": "SKIP", "row": 217, "media_id": 65, "reason": "already reviewed", "ts": "2026-02-20 09:00:59"}
{"event": "SKIP", "row": 223, "media_id": 57, "reason": "already reviewed", "ts": "2026-02-20 09:00:59"}
{"event": "SKIP", "row": 207, "media_id": 52, "reason": "already reviewed", "ts": "2026-02-20 09:00:59"}
{"event": "SKIP", "row": 208, "media_id": 84, "reason": "already reviewed", "ts": "2026-02-20 09:00:59"}
{"event": "SUCCESS", "row": 205, "user_id": 54, "media_id": 54, "rating": 5, "comment": "Average at best", "ts": "2026-02-20 09:00:59"}
{"event": "SKIP", "row": 221, "media_id": 36, "reason": "already reviewed", "ts": "2026-02-20 09:00:59"}
{"event": "SKIP", "row": 239, "media_id": 4, "reason": "already reviewed", "ts": "2026-02-20 09:00:59"}
{"event": "SKIP", "row": 237, "media_id": 29, "reason": "already reviewed", "ts": "2026-02-20 09:00:59"}
{"event": "SKIP", "row": 241, "media_id": 22, "reason": "already reviewed", "ts": "2026-02-20 09:00:59"}
{"event": "SUCCESS", "row": 234, "user_id": 54, "media_id": 62, "rating": 1, "comment": "Terrible ending ruined it", "ts": "2026-02-20 09:01:00"}
{"event": "SKIP", "row": 240, "media_id": 86, "reason": "already reviewed", "ts": "2026-02-20 09:01:00"}
{"event": "SKIP", "row": 244, "media_id": 85, "reason": "already reviewed", "ts": "2026-02-20 09:01:00"}
{"event": "SKIP", "row": 242, "media_id": 80, "reason": "already reviewed", "ts": "2026-02-20 09:01:00"}
{"event": "SKIP", "row": 246, "media_id": 60, "reason": "already reviewed", "ts": "2026-02-20 09:01:00"}
{"event": "SKIP", "row": 236, "media_id": 69, "reason": "already reviewed", "ts": "2026-02-20 09:01:00"}
{"event": "SKIP", "row": 222, "media_id": 81, "reason": "already reviewed", "ts": "2026-02-20 09:01:00"}
{"event": "SKIP", "row": 231, "media_id": 8, "reason": "already reviewed", "ts": "2026-02-20 09:01:00"}
{"event": "SKIP", "row": 230, "media_id": 70, "reason": "already reviewed", "ts": "2026-02-20 09:01:00"}
{"event": "SKIP", "row": 228, "media_id": 20, "reason": "already reviewed", "ts": "2026-02-20 09:01:00"}
{"event": "SKIP", "row": 227, "media_id": 30, "reason": "already reviewed", "ts": "2026-02-20 09:01:00"}
{"event": "SKIP", "row": 226, "media_id": 11, "reason": "already reviewed", "ts": "2026-02-20 09:01:00"}
{"event": "SKIP", "row": 250, "media_id": 97, "reason": "already reviewed", "ts": "2026-02-20 09:01:00"}
{"event": "SUCCESS", "row": 211, "user_id": 54, "media_id": 90, "rating": 5, "comment": "Mediocre at best", "ts": "2026-02-20 09:01:00"}
{"event": "SKIP", "row": 249, "media_id": 44, "reason": "already reviewed", "ts": "2026-02-20 09:01:00"}
{"event": "SKIP", "row": 238, "media_id": 35, "reason": "already reviewed", "ts": "2026-02-20 09:01:00"}
{"event": "SKIP", "row": 225, "media_id": 43, "reason": "already reviewed", "ts": "2026-02-20 09:01:00"}
{"event": "SKIP", "row": 245, "media_id": 83, "reason": "already reviewed", "ts": "2026-02-20 09:01:00"}
{"event": "SKIP", "row": 235, "media_id": 39, "reason": "already reviewed", "ts": "2026-02-20 09:01:00"}
{"event": "SKIP", "row": 248, "media_id": 28, "reason": "already reviewed", "ts": "2026-02-20 09:01:00"}
{"event": "SKIP", "row": 229, "media_id": 54, "reason": "already reviewed", "ts": "2026-02-20 09:01:00"}
{"event": "SUCCESS", "row": 218, "user_id": 54, "media_id": 58, "rating": 2, "comment": "Feels recycled", "ts": "2026-02-20 09:01:00"}
{"event": "SKIP", "row": 232, "media_id": 50, "reason": "already reviewed", "ts": "2026-02-20 09:01:00"}
{"event": "SKIP", "row": 206, "media_id": 92, "reason": "already reviewed", "ts": "2026-02-20 09:01:00"}
{"event": "SKIP", "row": 247, "media_id": 34, "reason": "already reviewed", "ts": "2026-02-20 09:01:00"}
{"event": "SUCCESS", "row": 233, "user_id": 54, "media_id": 3, "rating": 5, "comment": "Surprisingly good", "ts": "2026-02-20 09:01:00"}
{"event": "SUCCESS", "row": 243, "user_id": 54, "media_id": 51, "rating": 5, "comment": "Incredible performance by the lead", "ts": "2026-02-20 09:01:00"}
{"event": "SUCCESS", "row": 215, "user_id": 54, "media_id": 77, "rating": 3, "comment": "Gripping from start to finish", "ts": "2026-02-20 09:01:00"}
{"event": "SKIP", "row": 251, "media_id": 11, "reason": "already reviewed", "ts": "2026-02-20 09:01:00"}
{"event": "SKIP", "row": 262, "media_id": 92, "reason": "already reviewed", "ts": "2026-02-20 09:01:00"}
{"event": "SKIP", "row": 258, "media_id": 86, "reason": "already reviewed", "ts": "2026-02-20 09:01:00"}
{"event": "SKIP", "row": 268, "media_id": 90, "reason": "already reviewed", "ts": "2026-02-20 09:01:00"}
{"event": "SKIP", "row": 270, "media_id": 6, "reason": "already reviewed", "ts": "2026-02-20 09:01:00"}
{"event": "SKIP", "row": 254, "media_id": 9, "reason": "already reviewed", "ts": "2026-02-20 09:01:00"}
{"event": "SKIP", "row": 255, "media_id": 4, "reason": "already reviewed", "ts": "2026-02-20 09:01:00"}
{"event": "SKIP", "row": 256, "media_id": 3, "reason": "already reviewed", "ts": "2026-02-20 09:01:00"}
{"event": "SKIP", "row": 264, "media_id": 75, "reason": "already reviewed", "ts": "2026-02-20 09:01:00"}
{"event": "SKIP", "row": 252, "media_id": 96, "reason": "already reviewed", "ts": "2026-02-20 09:01:00"}
{"event": "SKIP", "row": 267, "media_id": 76, "reason": "already reviewed", "ts": "2026-02-20 09:01:00"}
{"event": "SKIP", "row": 257, "media_id": 31, "reason": "already reviewed", "ts": "2026-02-20 09:01:00"}
{"event": "SKIP", "row": 269, "media_id": 77, "reason": "already reviewed", "ts": "2026-02-20 09:01:00"}
{"event": "SKIP", "row": 274, "media_id": 56, "reason": "already reviewed", "ts": "2026-02-20 09:01:00"}
{"event": "SUCCESS", "row": 260, "user_id": 54, "media_id": 33, "rating": 3, "comment": "Overrated in my opinion", "ts": "2026-02-20 09:01:00"}
{"event": "SKIP", "row": 279, "media_id": 56, "reason": "already reviewed", "ts": "2026-02-20 09:01:00"}
{"event": "SKIP", "row": 286, "media_id": 46, "reason": "already reviewed", "ts": "2026-02-20 09:01:00"}
{"event": "SKIP", "row": 284, "media_id": 4, "reason": "already reviewed", "ts": "2026-02-20 09:01:00"}
{"event": "SKIP", "row": 280, "media_id": 42, "reason": "already reviewed", "ts": "2026-02-20 09:01:00"}
{"event": "SKIP", "row": 282, "media_id": 97, "reason": "already reviewed", "ts": "2026-02-20 09:01:00"}
{"event": "SKIP", "row": 290, "media_id": 31, "reason": "already reviewed", "ts": "2026-02-20 09:01:00"}
{"event": "SKIP", "row": 291, "media_id": 72, "reason": "already reviewed", "ts": "2026-02-20 09:01:00"}
{"event": "SKIP", "row": 287, "media_id": 36, "reason": "already reviewed", "ts": "2026-02-20 09:01:00"}
{"event": "SKIP", "row": 293, "media_id": 3, "reason": "already reviewed", "ts": "2026-02-20 09:01:00"}
{"event": "SKIP", "row": 289, "media_id": 67, "reason": "already reviewed", "ts": "2026-02-20 09:01:00"}
{"event": "SKIP", "row": 276, "media_id": 23, "reason": "already reviewed", "ts": "2026-02-20 09:01:00"}
{"event": "SKIP", "row": 273, "media_id": 54, "reason": "already reviewed", "ts": "2026-02-20 09:01:00"}
{"event": "SKIP", "row": 266, "media_id": 92, "reason": "already reviewed", "ts": "2026-02-20 09:01:00"}
{"event": "SKIP", "row": 278, "media_id": 100, "reason": "already reviewed", "ts": "2026-02-20 09:01:00"}
{"event": "SKIP", "row": 281, "media_id": 36, "reason": "already reviewed", "ts": "2026-02-20 09:01:00"}
{"event": "SKIP", "row": 259, "media_id": 28, "reason": "already reviewed", "ts": "2026-02-20 09:01:00"}
{"event": "SKIP", "row": 277, "media_id": 35, "reason": "already reviewed", "ts": "2026-02-20 09:01:00"}
{"event": "SUCCESS", "row": 285, "user_id": 54, "media_id": 24, "rating": 4, "comment": "Masterpiece of modern cinema", "ts": "2026-02-20 09:01:00"}
{"event": "SKIP", "row": 300, "media_id": 40, "reason": "already reviewed", "ts": "2026-02-20 09:01:00"}
{"event": "SKIP", "row": 294, "media_id": 29, "reason": "already reviewed", "ts": "2026-02-20 09:01:00"}
{"event": "SKIP", "row": 295, "media_id": 32, "reason": "already reviewed", "ts": "2026-02-20 09:01:00"}
{"event": "SKIP", "row": 265, "media_id": 74, "reason": "already reviewed", "ts": "2026-02-20 09:01:00"}
{"event": "SKIP", "row": 288, "media_id": 36, "reason": "already reviewed", "ts": "2026-02-20 09:01:00"}
{"event": "SKIP", "row": 299, "media_id": 46, "reason": "already reviewed", "ts": "2026-02-20 09:01:00"}
{"event": "SKIP", "row": 272, "media_id": 65, "reason": "already reviewed", "ts": "2026-02-20 09:01:00"}
{"event": "SKIP", "row": 271, "media_id": 55, "reason": "already reviewed", "ts": "2026-02-20 09:01:00"}
{"event": "SKIP", "row": 275, "media_id": 59, "reason": "already reviewed", "ts": "2026-02-20 09:01:00"}
{"event": "SUCCESS", "row": 253, "user_id": 54, "media_id": 45, "rating": 2, "comment": "Once is enough", "ts": "2026-02-20 09:01:00"}
{"event": "SKIP", "row": 292, "media_id": 61, "reason": "already reviewed", "ts": "2026-02-20 09:01:00"}
{"event": "SKIP", "row": 296, "media_id": 75, "reason": "already reviewed", "ts": "2026-02-20 09:01:00"}
{"event": "SKIP", "row": 298, "media_id": 55, "reason": "already reviewed", "ts": "2026-02-20 09:01:00"}
{"event": "SUCCESS", "row": 261, "user_id": 54, "media_id": 78, "rating": 5, "comment": "Feels recycled", "ts": "2026-02-20 09:01:00"}
{"event": "SKIP", "row": 297, "media_id": 71, "reason": "already reviewed", "ts": "2026-02-20 09:01:00"}
{"event": "SUCCESS", "row": 283, "user_id": 54, "media_id": 79, "rating": 4, "comment": "Best thing I watched this year", "ts": "2026-02-20 09:01:00"}
{"event": "SKIP", "row": 263, "media_id": 21, "reason": "already reviewed", "ts": "2026-02-20 09:01:00"}
{"event": "SKIP", "row": 310, "media_id": 69, "reason": "already reviewed", "ts": "2026-02-20 09:01:00"}
{"event": "SKIP", "row": 301, "media_id": 16, "reason": "already reviewed", "ts": "2026-02-20 09:01:00"}
{"event": "SKIP", "row": 305, "media_id": 93, "reason": "already reviewed", "ts": "2026-02-20 09:01:00"}
{"event": "SKIP", "row": 311, "media_id": 6, "reason": "already reviewed", "ts": "2026-02-20 09:01:00"}
{"event": "SKIP", "row": 316, "media_id": 44, "reason": "already reviewed", "ts": "2026-02-20 09:01:00"}
{"event": "SKIP", "row": 317, "media_id": 33, "reason": "already reviewed", "ts": "2026-02-20 09:01:00"}
{"event": "SKIP", "row": 313, "media_id": 97, "reason": "already reviewed", "ts": "2026-02-20 09:01:00"}
{"event": "SKIP", "row": 320, "media_id": 88, "reason": "already reviewed", "ts": "2026-02-20 09:01:00"}
{"event": "SKIP", "row": 321, "media_id": 20, "reason": "already reviewed", "ts": "2026-02-20 09:01:00"}
{"event": "SKIP", "row": 312, "media_id": 38, "reason": "already reviewed", "ts": "2026-02-20 09:01:00"}
{"event": "SKIP", "row": 319, "media_id": 10, "reason": "already reviewed", "ts": "2026-02-20 09:01:00"}
{"event": "SKIP", "row": 308, "media_id": 30, "reason": "already reviewed", "ts": "2026-02-20 09:01:00"}
{"event": "SKIP", "row": 306, "media_id": 68, "reason": "already reviewed", "ts": "2026-02-20 09:01:00"}
{"event": "SKIP", "row": 302, "media_id": 16, "reason": "already reviewed", "ts": "2026-02-20 09:01:00"}
{"event": "SUCCESS", "row": 303, "user_id": 54, "media_id": 89, "rating": 2, "comment": "Average at best", "ts": "2026-02-20 09:01:00"}
{"event": "SKIP", "row": 333, "media_id": 10, "reason": "already reviewed", "ts": "2026-02-20 09:01:00"}
{"event": "SKIP", "row": 309, "media_id": 39, "reason": "already reviewed", "ts": "2026-02-20 09:01:00"}
{"event": "SKIP", "row": 334, "media_id": 53, "reason": "already reviewed", "ts": "2026-02-20 09:01:00"}
{"event": "SKIP", "row": 330, "media_id": 27, "reason": "already reviewed", "ts": "2026-02-20 09:01:00"}
{"event": "SKIP", "row": 331, "media_id": 85, "reason": "already reviewed", "ts": "2026-02-20 09:01:00"}
{"event": "SKIP", "row": 335, "media_id": 77, "reason": "already reviewed", "ts": "2026-02-20 09:01:00"}
{"event": "SKIP", "row": 336, "media_id": 5, "reason": "already reviewed", "ts": "2026-02-20 09:01:00"}
{"event": "SKIP", "row": 342, "media_id": 83, "reason": "already reviewed", "ts": "2026-02-20 09:01:00"}
{"event": "SKIP", "row": 338, "media_id": 59, "reason": "already reviewed", "ts": "2026-02-20 09:01:00"}
{"event": "SKIP", "row": 322, "media_id": 11, "reason": "already reviewed", "ts": "2026-02-20 09:01:00"}
{"event": "SKIP", "row": 326, "media_id": 58, "reason": "already reviewed", "ts": "2026-02-20 09:01:00"}
{"event": "SKIP", "row": 323, "media_id": 72, "reason": "already reviewed", "ts": "2026-02-20 09:01:00"}
{"event": "SKIP", "row": 339, "media_id": 30, "reason": "already reviewed", "ts": "2026-02-20 09:01:00"}
{"event": "SKIP", "row": 328, "media_id": 73, "reason": "already reviewed", "ts": "2026-02-20 09:01:00"}
{"event": "SKIP", "row": 329, "media_id": 79, "reason": "already reviewed", "ts": "2026-02-20 09:01:00"}
{"event": "SUCCESS", "row": 314, "user_id": 54, "media_id": 2, "rating": 5, "comment": "Poor character development", "ts": "2026-02-20 09:01:00"}
{"event": "SKIP", "row": 343, "media_id": 19, "reason": "already reviewed", "ts": "2026-02-20 09:01:00"}
{"event": "SKIP", "row": 344, "media_id": 22, "reason": "already reviewed", "ts": "2026-02-20 09:01:00"}
{"event": "SKIP", "row": 350, "media_id": 11, "reason": "already reviewed", "ts": "2026-02-20 09:01:00"}
{"event": "SKIP", "row": 347, "media_id": 89, "reason": "already reviewed", "ts": "2026-02-20 09:01:00"}
{"event": "SKIP", "row": 337, "media_id": 91, "reason": "already reviewed", "ts": "2026-02-20 09:01:00"}
{"event": "SKIP", "row": 325, "media_id": 100, "reason": "already reviewed", "ts": "2026-02-20 09:01:00"}
{"event": "SKIP", "row": 332, "media_id": 31, "reason": "already reviewed", "ts": "2026-02-20 09:01:00"}
{"event": "SKIP", "row": 346, "media_id": 57, "reason": "already reviewed", "ts": "2026-02-20 09:01:00"}
{"event": "SKIP", "row": 324, "media_id": 77, "reason": "already reviewed", "ts": "2026-02-20 09:01:00"}
{"event": "SKIP", "row": 304, "media_id": 28, "reason": "already reviewed", "ts": "2026-02-20 09:01:00"}
{"event": "SKIP", "row": 318, "media_id": 9, "reason": "already reviewed", "ts": "2026-02-20 09:01:00"}
{"event": "SKIP", "row": 327, "media_id": 76, "reason": "already reviewed", "ts": "2026-02-20 09:01:00"}
{"event": "SKIP", "row": 348, "media_id": 52, "reason": "already reviewed", "ts": "2026-02-20 09:01:00"}
{"event": "SKIP", "row": 345, "media_id": 96, "reason": "already reviewed", "ts": "2026-02-20 09:01:00"}
{"event": "SKIP", "row": 349, "media_id": 70, "reason": "already reviewed", "ts": "2026-02-20 09:01:00"}
{"event": "SKIP", "row": 315, "media_id": 61, "reason": "already reviewed", "ts": "2026-02-20 09:01:00"}
{"event": "SKIP", "row": 340, "media_id": 76, "reason": "already reviewed", "ts": "2026-02-20 09:01:00"}
{"event": "SKIP", "row": 307, "media_id": 13, "reason": "already reviewed", "ts": "2026-02-20 09:01:00"}
{"event": "SKIP", "row": 341, "media_id": 15, "reason": "already reviewed", "ts": "2026-02-20 09:01:00"}
{"event": "SKIP", "row": 351, "media_id": 56, "reason": "already reviewed", "ts": "2026-02-20 09:01:00"}
{"event": "SKIP", "row": 352, "media_id": 33, "reason": "already reviewed", "ts": "2026-02-20 09:01:00"}
{"event": "SKIP", "row": 361, "media_id": 14, "reason": "already reviewed", "ts": "2026-02-20 09:01:00"}
{"event": "SKIP", "row": 359, "media_id": 61, "reason": "already reviewed", "ts": "2026-02-20 09:01:00"}
{"event": "SKIP", "row": 367, "media_id": 52, "reason": "already reviewed", "ts": "2026-02-20 09:01:00"}
{"event": "SKIP", "row": 353, "media_id": 30, "reason": "already reviewed", "ts": "2026-02-20 09:01:00"}
{"event": "SKIP", "row": 368, "media_id": 85, "reason": "already reviewed", "ts": "2026-02-20 09:01:00"}
{"event": "SKIP", "row": 356, "media_id": 67, "reason": "already reviewed", "ts": "2026-02-20 09:01:00"}
{"event": "SKIP", "row": 369, "media_id": 53, "reason": "already reviewed", "ts": "2026-02-20 09:01:00"}
{"event": "SKIP", "row": 365, "media_id": 12, "reason": "already reviewed", "ts": "2026-02-20 09:01:00"}
{"event": "SKIP", "row": 371, "media_id": 97, "reason": "already reviewed", "ts": "2026-02-20 09:01:00"}
{"event": "SKIP", "row": 354, "media_id": 3, "reason": "already reviewed", "ts": "2026-02-20 09:01:00"}
{"event": "SKIP", "row": 373, "media_id": 35, "reason": "already reviewed", "ts": "2026-02-20 09:01:00"}
{"event": "SKIP", "row": 357, "media_id": 24, "reason": "already reviewed", "ts": "2026-02-20 09:01:00"}
{"event": "SKIP", "row": 363, "media_id": 85, "reason": "already reviewed", "ts": "2026-02-20 09:01:00"}
{"event": "SKIP", "row": 379, "media_id": 53, "reason": "already reviewed", "ts": "2026-02-20 09:01:00"}
{"event": "SKIP", "row": 358, "media_id": 82, "reason": "already reviewed", "ts": "2026-02-20 09:01:00"}
{"event": "SKIP", "row": 376, "media_id": 81, "reason": "already reviewed", "ts": "2026-02-20 09:01:00"}
{"event": "SKIP", "row": 364, "media_id": 71, "reason": "already reviewed", "ts": "2026-02-20 09:01:00"}
{"event": "SKIP", "row": 366, "media_id": 42, "reason": "already reviewed", "ts": "2026-02-20 09:01:00"}
{"event": "SKIP", "row": 378, "media_id": 71, "reason": "already reviewed", "ts": "2026-02-20 09:01:00"}
{"event": "SKIP", "row": 374, "media_id": 37, "reason": "already reviewed", "ts": "2026-02-20 09:01:00"}
{"event": "SKIP", "row": 360, "media_id": 43, "reason": "already reviewed", "ts": "2026-02-20 09:01:00"}
{"event": "SKIP", "row": 372, "media_id": 57, "reason": "already reviewed", "ts": "2026-02-20 09:01:00"}
{"event": "SKIP", "row": 362, "media_id": 53, "reason": "already reviewed", "ts": "2026-02-20 09:01:00"}
{"event": "SKIP", "row": 377, "media_id": 91, "reason": "already reviewed", "ts": "2026-02-20 09:01:00"}
{"event": "SKIP", "row": 355, "media_id": 6, "reason": "already reviewed", "ts": "2026-02-20 09:01:00"}
{"event": "SKIP", "row": 381, "media_id": 83, "reason": "already reviewed", "ts": "2026-02-20 09:01:00"}
{"event": "SKIP", "row": 380, "media_id": 15, "reason": "already reviewed", "ts": "2026-02-20 09:01:00"}
{"event": "SKIP", "row": 389, "media_id": 65, "reason": "already reviewed", "ts": "2026-02-20 09:01:00"}
{"event": "SKIP", "row": 382, "media_id": 92, "reason": "already reviewed", "ts": "2026-02-20 09:01:00"}
{"event": "SKIP", "row": 370, "media_id": 67, "reason": "already reviewed", "ts": "2026-02-20 09:01:00"}
{"event": "SKIP", "row": 385, "media_id": 59, "reason": "already reviewed", "ts": "2026-02-20 09:01:00"}
{"event": "SKIP", "row": 387, "media_id": 66, "reason": "already reviewed", "ts": "2026-02-20 09:01:00"}
{"event": "SKIP", "row": 386, "media_id": 50, "reason": "already reviewed", "ts": "2026-02-20 09:01:00"}
{"event": "SKIP", "row": 388, "media_id": 36, "reason": "already reviewed", "ts": "2026-02-20 09:01:00"}
{"event": "SKIP", "row": 395, "media_id": 59, "reason": "already reviewed", "ts": "2026-02-20 09:01:00"}
{"event": "SKIP", "row": 390, "media_id": 37, "reason": "already reviewed", "ts": "2026-02-20 09:01:00"}
{"event": "SKIP", "row": 398, "media_id": 53, "reason": "already reviewed", "ts": "2026-02-20 09:01:00"}
{"event": "SKIP", "row": 394, "media_id": 98, "reason": "already reviewed", "ts": "2026-02-20 09:01:00"}
{"event": "SKIP", "row": 384, "media_id": 62, "reason": "already reviewed", "ts": "2026-02-20 09:01:00"}
{"event": "SKIP", "row": 383, "media_id": 91, "reason": "already reviewed", "ts": "2026-02-20 09:01:00"}
{"event": "SKIP", "row": 391, "media_id": 75, "reason": "already reviewed", "ts": "2026-02-20 09:01:00"}
{"event": "SKIP", "row": 396, "media_id": 90, "reason": "already reviewed", "ts": "2026-02-20 09:01:00"}
{"event": "SKIP", "row": 400, "media_id": 49, "reason": "already reviewed", "ts": "2026-02-20 09:01:00"}
{"event": "SKIP", "row": 375, "media_id": 63, "reason": "already reviewed", "ts": "2026-02-20 09:01:00"}
{"event": "SKIP", "row": 399, "media_id": 96, "reason": "already reviewed", "ts": "2026-02-20 09:01:00"}
{"event": "SKIP", "row": 397, "media_id": 50, "reason": "already reviewed", "ts": "2026-02-20 09:01:00"}
{"event": "SKIP", "row": 392, "media_id": 58, "reason": "already reviewed", "ts": "2026-02-20 09:01:00"}
{"event": "SKIP", "row": 393, "media_id": 45, "reason": "already reviewed", "ts": "2026-02-20 09:01:00"}
{"event": "SKIP", "row": 401, "media_id": 84, "reason": "already reviewed", "ts": "2026-02-20 09:01:00"}
{"event": "SKIP", "row": 419, "media_id": 38, "reason": "already reviewed", "ts": "2026-02-20 09:01:00"}
{"event": "SKIP", "row": 405, "media_id": 59, "reason": "already reviewed", "ts": "2026-02-20 09:01:00"}
{"event": "SKIP", "row": 420, "media_id": 56, "reason": "already reviewed", "ts": "2026-02-20 09:01:00"}
{"event": "SKIP", "row": 414, "media_id": 31, "reason": "already reviewed", "ts": "2026-02-20 09:01:00"}
{"event": "SKIP", "row": 416, "media_id": 13, "reason": "already reviewed", "ts": "2026-02-20 09:01:00"}
{"event": "SKIP", "row": 408, "media_id": 34, "reason": "already reviewed", "ts": "2026-02-20 09:01:00"}
{"event": "SKIP", "row": 403, "media_id": 76, "reason": "already reviewed", "ts": "2026-02-20 09:01:00"}
{"event": "SKIP", "row": 411, "media_id": 69, "reason": "already reviewed", "ts": "2026-02-20 09:01:00"}
{"event": "SKIP", "row": 402, "media_id": 5, "reason": "already reviewed", "ts": "2026-02-20 09:01:00"}
{"event": "SKIP", "row": 412, "media_id": 81, "reason": "already reviewed", "ts": "2026-02-20 09:01:00"}
{"event": "SKIP", "row": 409, "media_id": 89, "reason": "already reviewed", "ts": "2026-02-20 09:01:00"}
{"event": "SKIP", "row": 406, "media_id": 19, "reason": "already reviewed", "ts": "2026-02-20 09:01:00"}
{"event": "SKIP", "row": 422, "media_id": 88, "reason": "already reviewed", "ts": "2026-02-20 09:01:00"}
{"event": "SKIP", "row": 418, "media_id": 6, "reason": "already reviewed", "ts": "2026-02-20 09:01:00"}
{"event": "SKIP", "row": 407, "media_id": 20, "reason": "already reviewed", "ts": "2026-02-20 09:01:00"}
{"event": "SKIP", "row": 425, "media_id": 31, "reason": "already reviewed", "ts": "2026-02-20 09:01:00"}
{"event": "SKIP", "row": 427, "media_id": 82, "reason": "already reviewed", "ts": "2026-02-20 09:01:00"}
{"event": "SKIP", "row": 424, "media_id": 49, "reason": "already reviewed", "ts": "2026-02-20 09:01:00"}
{"event": "SKIP", "row": 413, "media_id": 5, "reason": "already reviewed", "ts": "2026-02-20 09:01:00"}
{"event": "SKIP", "row": 435, "media_id": 49, "reason": "already reviewed", "ts": "2026-02-20 09:01:00"}
{"event": "SKIP", "row": 433, "media_id": 39, "reason": "already reviewed", "ts": "2026-02-20 09:01:00"}
{"event": "SKIP", "row": 432, "media_id": 55, "reason": "already reviewed", "ts": "2026-02-20 09:01:00"}
{"event": "SKIP", "row": 429, "media_id": 37, "reason": "already reviewed", "ts": "2026-02-20 09:01:00"}
{"event": "SKIP", "row": 428, "media_id": 33, "reason": "already reviewed", "ts": "2026-02-20 09:01:00"}
{"event": "SKIP", "row": 421, "media_id": 68, "reason": "already reviewed", "ts": "2026-02-20 09:01:00"}
{"event": "SKIP", "row": 431, "media_id": 76, "reason": "already reviewed", "ts": "2026-02-20 09:01:00"}
{"event": "SKIP", "row": 436, "media_id": 74, "reason": "already reviewed", "ts": "2026-02-20 09:01:00"}
{"event": "SKIP", "row": 417, "media_id": 22, "reason": "already reviewed", "ts": "2026-02-20 09:01:00"}
{"event": "SKIP", "row": 415, "media_id": 96, "reason": "already reviewed", "ts": "2026-02-20 09:01:00"}
{"event": "SKIP", "row": 426, "media_id": 19, "reason": "already reviewed", "ts": "2026-02-20 09:01:00"}
{"event": "SKIP", "row": 438, "media_id": 51, "reason": "already reviewed", "ts": "2026-02-20 09:01:00"}
{"event": "SKIP", "row": 404, "media_id": 57, "reason": "already reviewed", "ts": "2026-02-20 09:01:00"}
{"event": "SKIP", "row": 442, "media_id": 46, "reason": "already reviewed", "ts": "2026-02-20 09:01:00"}
{"event": "SKIP", "row": 430, "media_id": 10, "reason": "already reviewed", "ts": "2026-02-20 09:01:00"}
{"event": "SKIP", "row": 445, "media_id": 13, "reason": "already reviewed", "ts": "2026-02-20 09:01:00"}
{"event": "SKIP", "row": 441, "media_id": 100, "reason": "already reviewed", "ts": "2026-02-20 09:01:00"}
{"event": "SKIP", "row": 443, "media_id": 25, "reason": "already reviewed", "ts": "2026-02-20 09:01:00"}
{"event": "SKIP", "row": 439, "media_id": 73, "reason": "already reviewed", "ts": "2026-02-20 09:01:00"}
{"event": "SKIP", "row": 434, "media_id": 62, "reason": "already reviewed", "ts": "2026-02-20 09:01:00"}
{"event": "SKIP", "row": 448, "media_id": 38, "reason": "already reviewed", "ts": "2026-02-20 09:01:00"}
{"event": "SKIP", "row": 450, "media_id": 17, "reason": "already reviewed", "ts": "2026-02-20 09:01:00"}
{"event": "SKIP", "row": 449, "media_id": 54, "reason": "already reviewed", "ts": "2026-02-20 09:01:00"}
{"event": "SKIP", "row": 447, "media_id": 47, "reason": "already reviewed", "ts": "2026-02-20 09:01:00"}
{"event": "SKIP", "row": 440, "media_id": 96, "reason": "already reviewed", "ts": "2026-02-20 09:01:00"}
{"event": "SKIP", "row": 444, "media_id": 87, "reason": "already reviewed", "ts": "2026-02-20 09:01:00"}
{"event": "SKIP", "row": 437, "media_id": 38, "reason": "already reviewed", "ts": "2026-02-20 09:01:00"}
{"event": "SKIP", "row": 410, "media_id": 11, "reason": "already reviewed", "ts": "2026-02-20 09:01:00"}
{"event": "SKIP", "row": 446, "media_id": 57, "reason": "already reviewed", "ts": "2026-02-20 09:01:00"}
{"event": "SKIP", "row": 423, "media_id": 23, "reason": "already reviewed", "ts": "2026-02-20 09:01:00"}
{"event": "SKIP", "row": 465, "media_id": 83, "reason": "already reviewed", "ts": "2026-02-20 09:01:00"}
{"event": "SKIP", "row": 467, "media_id": 53, "reason": "already reviewed", "ts": "2026-02-20 09:01:00"}
{"event": "SKIP", "row": 451, "media_id": 68, "reason": "already reviewed", "ts": "2026-02-20 09:01:00"}
{"event": "SKIP", "row": 457, "media_id": 47, "reason": "already reviewed", "ts": "2026-02-20 09:01:00"}
{"event": "SKIP", "row": 452, "media_id": 22, "reason": "already reviewed", "ts": "2026-02-20 09:01:00"}
{"event": "SKIP", "row": 456, "media_id": 93, "reason": "already reviewed", "ts": "2026-02-20 09:01:00"}
{"event": "SKIP", "row": 470, "media_id": 31, "reason": "already reviewed", "ts": "2026-02-20 09:01:00"}
{"event": "SKIP", "row": 468, "media_id": 6, "reason": "already reviewed", "ts": "2026-02-20 09:01:00"}
{"event": "SKIP", "row": 464, "media_id": 42, "reason": "already reviewed", "ts": "2026-02-20 09:01:00"}
{"event": "SKIP", "row": 454, "media_id": 60, "reason": "already reviewed", "ts": "2026-02-20 09:01:00"}
{"event": "SKIP", "row": 453, "media_id": 38, "reason": "already reviewed", "ts": "2026-02-20 09:01:00"}
{"event": "SKIP", "row": 458, "media_id": 2, "reason": "already reviewed", "ts": "2026-02-20 09:01:00"}
{"event": "SKIP", "row": 466, "media_id": 60, "reason": "already reviewed", "ts": "2026-02-20 09:01:00"}
{"event": "SKIP", "row": 461, "media_id": 49, "reason": "already reviewed", "ts": "2026-02-20 09:01:00"}
{"event": "SKIP", "row": 471, "media_id": 50, "reason": "already reviewed", "ts": "2026-02-20 09:01:00"}
{"event": "SKIP", "row": 455, "media_id": 97, "reason": "already reviewed", "ts": "2026-02-20 09:01:00"}
{"event": "SKIP", "row": 473, "media_id": 76, "reason": "already reviewed", "ts": "2026-02-20 09:01:00"}
{"event": "SKIP", "row": 460, "media_id": 87, "reason": "already reviewed", "ts": "2026-02-20 09:01:00"}
{"event": "SKIP", "row": 459, "media_id": 16, "reason": "already reviewed", "ts": "2026-02-20 09:01:00"}
{"event": "SKIP", "row": 476, "media_id": 5, "reason": "already reviewed", "ts": "2026-02-20 09:01:00"}
{"event": "SKIP", "row": 463, "media_id": 4, "reason": "already reviewed", "ts": "2026-02-20 09:01:00"}
{"event": "SKIP", "row": 475, "media_id": 79, "reason": "already reviewed", "ts": "2026-02-20 09:01:00"}
{"event": "SKIP", "row": 462, "media_id": 87, "reason": "already reviewed", "ts": "2026-02-20 09:01:00"}
{"event": "SKIP", "row": 479, "media_id": 48, "reason": "already reviewed", "ts": "2026-02-20 09:01:00"}
{"event": "SKIP", "row": 482, "media_id": 59, "reason": "already reviewed", "ts": "2026-02-20 09:01:00"}
{"event": "SKIP", "row": 474, "media_id": 84, "reason": "already reviewed", "ts": "2026-02-20 09:01:00"}
{"event": "SKIP", "row": 487, "media_id": 76, "reason": "already reviewed", "ts": "2026-02-20 09:01:00"}
{"event": "SKIP", "row": 481, "media_id": 36, "reason": "already reviewed", "ts": "2026-02-20 09:01:00"}
{"event": "SKIP", "row": 478, "media_id": 47, "reason": "already reviewed", "ts": "2026-02-20 09:01:00"}
{"event": "SKIP", "row": 480, "media_id": 46, "reason": "already reviewed", "ts": "2026-02-20 09:01:00"}
{"event": "SKIP", "row": 477, "media_id": 57, "reason": "already reviewed", "ts": "2026-02-20 09:01:00"}
{"event": "SKIP", "row": 483, "media_id": 28, "reason": "already reviewed", "ts": "2026-02-20 09:01:00"}
{"event": "SKIP", "row": 488, "media_id": 43, "reason": "already reviewed", "ts": "2026-02-20 09:01:00"}
{"event": "SKIP", "row": 485, "media_id": 17, "reason": "already reviewed", "ts": "2026-02-20 09:01:00"}
{"event": "SKIP", "row": 491, "media_id": 23, "reason": "already reviewed", "ts": "2026-02-20 09:01:00"}
{"event": "SKIP", "row": 495, "media_id": 34, "reason": "already reviewed", "ts": "2026-02-20 09:01:00"}
{"event": "SKIP", "row": 486, "media_id": 9, "reason": "already reviewed", "ts": "2026-02-20 09:01:00"}
{"event": "SKIP", "row": 496, "media_id": 95, "reason": "already reviewed", "ts": "2026-02-20 09:01:00"}
{"event": "SKIP", "row": 472, "media_id": 86, "reason": "already reviewed", "ts": "2026-02-20 09:01:00"}
{"event": "SKIP", "row": 493, "media_id": 46, "reason": "already reviewed", "ts": "2026-02-20 09:01:00"}
{"event": "SKIP", "row": 490, "media_id": 17, "reason": "already reviewed", "ts": "2026-02-20 09:01:00"}
{"event": "SKIP", "row": 494, "media_id": 42, "reason": "already reviewed", "ts": "2026-02-20 09:01:00"}
{"event": "SKIP", "row": 497, "media_id": 15, "reason": "already reviewed", "ts": "2026-02-20 09:01:00"}
{"event": "SKIP", "row": 484, "media_id": 7, "reason": "already reviewed", "ts": "2026-02-20 09:01:00"}
{"event": "SUCCESS", "row": 489, "user_id": 54, "media_id": 1, "rating": 3, "comment": "Highly recommended", "ts": "2026-02-20 09:01:00"}
{"event": "SKIP", "row": 499, "media_id": 76, "reason": "already reviewed", "ts": "2026-02-20 09:01:00"}
{"event": "SKIP", "row": 469, "media_id": 64, "reason": "already reviewed", "ts": "2026-02-20 09:01:00"}
{"event": "SKIP", "row": 492, "media_id": 4, "reason": "already reviewed", "ts": "2026-02-20 09:01:00"}
{"event": "SKIP", "row": 498, "media_id": 58, "reason": "already reviewed", "ts": "2026-02-20 09:01:00"}
{"event": "SKIP", "row": 500, "media_id": 65, "reason": "already reviewed", "ts": "2026-02-20 09:01:00"}
{"event": "SKIP", "row": 510, "media_id": 42, "reason": "already reviewed", "ts": "2026-02-20 09:01:00"}
{"event": "SKIP", "row": 501, "media_id": 6, "reason": "already reviewed", "ts": "2026-02-20 09:01:00"}
{"event": "SKIP", "row": 502, "media_id": 59, "reason": "already reviewed", "ts": "2026-02-20 09:01:00"}
{"event": "SKIP", "row": 506, "media_id": 11, "reason": "already reviewed", "ts": "2026-02-20 09:01:00"}
{"event": "SKIP", "row": 513, "media_id": 13, "reason": "already reviewed", "ts": "2026-02-20 09:01:00"}
{"event": "SKIP", "row": 505, "media_id": 92, "reason": "already reviewed", "ts": "2026-02-20 09:01:00"}
{"event": "SKIP", "row": 518, "media_id": 94, "reason": "already reviewed", "ts": "2026-02-20 09:01:00"}
{"event": "SKIP", "row": 515, "media_id": 28, "reason": "already reviewed", "ts": "2026-02-20 09:01:00"}
{"event": "SKIP", "row": 519, "media_id": 55, "reason": "already reviewed", "ts": "2026-02-20 09:01:00"}
{"event": "SKIP", "row": 508, "media_id": 36, "reason": "already reviewed", "ts": "2026-02-20 09:01:00"}
{"event": "SKIP", "row": 521, "media_id": 88, "reason": "already reviewed", "ts": "2026-02-20 09:01:00"}
{"event": "SKIP", "row": 509, "media_id": 75, "reason": "already reviewed", "ts": "2026-02-20 09:01:00"}
{"event": "SKIP", "row": 514, "media_id": 84, "reason": "already reviewed", "ts": "2026-02-20 09:01:00"}
{"event": "SKIP", "row": 523, "media_id": 56, "reason": "already reviewed", "ts": "2026-02-20 09:01:00"}
{"event": "SKIP", "row": 529, "media_id": 7, "reason": "already reviewed", "ts": "2026-02-20 09:01:00"}
{"event": "SKIP", "row": 522, "media_id": 12, "reason": "already reviewed", "ts": "2026-02-20 09:01:00"}
{"event": "SKIP", "row": 511, "media_id": 68, "reason": "already reviewed", "ts": "2026-02-20 09:01:00"}
{"event": "SKIP", "row": 516, "media_id": 30, "reason": "already reviewed", "ts": "2026-02-20 09:01:00"}
{"event": "SKIP", "row": 531, "media_id": 74, "reason": "already reviewed", "ts": "2026-02-20 09:01:00"}
{"event": "SKIP", "row": 524, "media_id": 95, "reason": "already reviewed", "ts": "2026-02-20 09:01:00"}
{"event": "SKIP", "row": 507, "media_id": 19, "reason": "already reviewed", "ts": "2026-02-20 09:01:00"}
{"event": "SKIP", "row": 517, "media_id": 59, "reason": "already reviewed", "ts": "2026-02-20 09:01:00"}
{"event": "SKIP", "row": 504, "media_id": 88, "reason": "already reviewed", "ts": "2026-02-20 09:01:00"}
{"event": "SKIP", "row": 512, "media_id": 65, "reason": "already reviewed", "ts": "2026-02-20 09:01:00"}
{"event": "SKIP", "row": 503, "media_id": 62, "reason": "already reviewed", "ts": "2026-02-20 09:01:00"}
{"event": "SKIP", "row": 527, "media_id": 86, "reason": "already reviewed", "ts": "2026-02-20 09:01:00"}
{"event": "SKIP", "row": 530, "media_id": 40, "reason": "already reviewed", "ts": "2026-02-20 09:01:00"}
{"event": "SKIP", "row": 520, "media_id": 33, "reason": "already reviewed", "ts": "2026-02-20 09:01:00"}
{"event": "SKIP", "row": 534, "media_id": 48, "reason": "already reviewed", "ts": "2026-02-20 09:01:00"}
{"event": "SKIP", "row": 528, "media_id": 46, "reason": "already reviewed", "ts": "2026-02-20 09:01:00"}
{"event": "SKIP", "row": 540, "media_id": 24, "reason": "already reviewed", "ts": "2026-02-20 09:01:00"}
{"event": "SKIP", "row": 533, "media_id": 14, "reason": "already reviewed", "ts": "2026-02-20 09:01:00"}
{"event": "SKIP", "row": 525, "media_id": 72, "reason": "already reviewed", "ts": "2026-02-20 09:01:00"}
{"event": "SKIP", "row": 532, "media_id": 20, "reason": "already reviewed", "ts": "2026-02-20 09:01:00"}
{"event": "SKIP", "row": 543, "media_id": 19, "reason": "already reviewed", "ts": "2026-02-20 09:01:00"}
{"event": "SKIP", "row": 539, "media_id": 78, "reason": "already reviewed", "ts": "2026-02-20 09:01:00"}
{"event": "SKIP", "row": 537, "media_id": 80, "reason": "already reviewed", "ts": "2026-02-20 09:01:00"}
{"event": "SKIP", "row": 526, "media_id": 72, "reason": "already reviewed", "ts": "2026-02-20 09:01:00"}
{"event": "SKIP", "row": 536, "media_id": 55, "reason": "already reviewed", "ts": "2026-02-20 09:01:00"}
{"event": "SKIP", "row": 541, "media_id": 98, "reason": "already reviewed", "ts": "2026-02-20 09:01:00"}
{"event": "SKIP", "row": 542, "media_id": 45, "reason": "already reviewed", "ts": "2026-02-20 09:01:00"}
{"event": "SKIP", "row": 538, "media_id": 83, "reason": "already reviewed", "ts": "2026-02-20 09:01:00"}
{"event": "SKIP", "row": 546, "media_id": 96, "reason": "already reviewed", "ts": "2026-02-20 09:01:00"}
{"event": "SKIP", "row": 548, "media_id": 44, "reason": "already reviewed", "ts": "2026-02-20 09:01:00"}
{"event": "SKIP", "row": 545, "media_id": 95, "reason": "already reviewed", "ts": "2026-02-20 09:01:00"}
{"event": "SKIP", "row": 547, "media_id": 49, "reason": "already reviewed", "ts": "2026-02-20 09:01:00"}
{"event": "SKIP", "row": 550, "media_id": 73, "reason": "already reviewed", "ts": "2026-02-20 09:01:00"}
{"event": "SKIP", "row": 535, "media_id": 36, "reason": "already reviewed", "ts": "2026-02-20 09:01:00"}
{"event": "SKIP", "row": 544, "media_id": 52, "reason": "already reviewed", "ts": "2026-02-20 09:01:00"}
{"event": "SKIP", "row": 549, "media_id": 40, "reason": "already reviewed", "ts": "2026-02-20 09:01:00"}
{"event": "SKIP", "row": 553, "media_id": 87, "reason": "already reviewed", "ts": "2026-02-20 09:01:00"}
{"event": "SKIP", "row": 555, "media_id": 78, "reason": "already reviewed", "ts": "2026-02-20 09:01:00"}
{"event": "SKIP", "row": 558, "media_id": 56, "reason": "already reviewed", "ts": "2026-02-20 09:01:00"}
{"event": "SKIP", "row": 570, "media_id": 51, "reason": "already reviewed", "ts": "2026-02-20 09:01:00"}
{"event": "SKIP", "row": 567, "media_id": 17, "reason": "already reviewed", "ts": "2026-02-20 09:01:00"}
{"event": "SKIP", "row": 551, "media_id": 7, "reason": "already reviewed", "ts": "2026-02-20 09:01:00"}
{"event": "SKIP", "row": 566, "media_id": 64, "reason": "already reviewed", "ts": "2026-02-20 09:01:00"}
{"event": "SKIP", "row": 565, "media_id": 42, "reason": "already reviewed", "ts": "2026-02-20 09:01:00"}
{"event": "SKIP", "row": 568, "media_id": 91, "reason": "already reviewed", "ts": "2026-02-20 09:01:00"}
{"event": "SKIP", "row": 554, "media_id": 57, "reason": "already reviewed", "ts": "2026-02-20 09:01:00"}
{"event": "SKIP", "row": 560, "media_id": 68, "reason": "already reviewed", "ts": "2026-02-20 09:01:00"}
{"event": "SKIP", "row": 552, "media_id": 97, "reason": "already reviewed", "ts": "2026-02-20 09:01:00"}
{"event": "SUCCESS", "row": 564, "user_id": 54, "media_id": 18, "rating": 3, "comment": "Poor character development", "ts": "2026-02-20 09:01:00"}
{"event": "SKIP", "row": 573, "media_id": 74, "reason": "already reviewed", "ts": "2026-02-20 09:01:00"}
{"event": "SKIP", "row": 581, "media_id": 40, "reason": "already reviewed", "ts": "2026-02-20 09:01:00"}
{"event": "SKIP", "row": 582, "media_id": 43, "reason": "already reviewed", "ts": "2026-02-20 09:01:00"}
{"event": "SKIP", "row": 586, "media_id": 83, "reason": "already reviewed", "ts": "2026-02-20 09:01:00"}
{"event": "SKIP", "row": 580, "media_id": 68, "reason": "already reviewed", "ts": "2026-02-20 09:01:00"}
{"event": "SKIP", "row": 583, "media_id": 66, "reason": "already reviewed", "ts": "2026-02-20 09:01:00"}
{"event": "SKIP", "row": 584, "media_id": 66, "reason": "already reviewed", "ts": "2026-02-20 09:01:00"}
{"event": "SKIP", "row": 585, "media_id": 45, "reason": "already reviewed", "ts": "2026-02-20 09:01:00"}
{"event": "SKIP", "row": 574, "media_id": 82, "reason": "already reviewed", "ts": "2026-02-20 09:01:00"}
{"event": "SKIP", "row": 559, "media_id": 87, "reason": "already reviewed", "ts": "2026-02-20 09:01:00"}
{"event": "SKIP", "row": 575, "media_id": 15, "reason": "already reviewed", "ts": "2026-02-20 09:01:00"}
{"event": "SKIP", "row": 563, "media_id": 39, "reason": "already reviewed", "ts": "2026-02-20 09:01:00"}
{"event": "SKIP", "row": 569, "media_id": 72, "reason": "already reviewed", "ts": "2026-02-20 09:01:00"}
{"event": "SKIP", "row": 579, "media_id": 56, "reason": "already reviewed", "ts": "2026-02-20 09:01:00"}
{"event": "SKIP", "row": 557, "media_id": 66, "reason": "already reviewed", "ts": "2026-02-20 09:01:00"}
{"event": "SKIP", "row": 572, "media_id": 41, "reason": "already reviewed", "ts": "2026-02-20 09:01:00"}
{"event": "SKIP", "row": 578, "media_id": 56, "reason": "already reviewed", "ts": "2026-02-20 09:01:00"}
{"event": "SKIP", "row": 561, "media_id": 29, "reason": "already reviewed", "ts": "2026-02-20 09:01:00"}
{"event": "SKIP", "row": 562, "media_id": 8, "reason": "already reviewed", "ts": "2026-02-20 09:01:00"}
{"event": "SKIP", "row": 589, "media_id": 20, "reason": "already reviewed", "ts": "2026-02-20 09:01:00"}
{"event": "SKIP", "row": 592, "media_id": 75, "reason": "already reviewed", "ts": "2026-02-20 09:01:00"}
{"event": "SKIP", "row": 596, "media_id": 57, "reason": "already reviewed", "ts": "2026-02-20 09:01:00"}
{"event": "SKIP", "row": 590, "media_id": 99, "reason": "already reviewed", "ts": "2026-02-20 09:01:00"}
{"event": "SKIP", "row": 587, "media_id": 14, "reason": "already reviewed", "ts": "2026-02-20 09:01:00"}
{"event": "SKIP", "row": 588, "media_id": 26, "reason": "already reviewed", "ts": "2026-02-20 09:01:00"}
{"event": "SKIP", "row": 594, "media_id": 81, "reason": "already reviewed", "ts": "2026-02-20 09:01:00"}
{"event": "SKIP", "row": 600, "media_id": 8, "reason": "already reviewed", "ts": "2026-02-20 09:01:00"}
{"event": "SKIP", "row": 599, "media_id": 60, "reason": "already reviewed", "ts": "2026-02-20 09:01:00"}
{"event": "SKIP", "row": 593, "media_id": 73, "reason": "already reviewed", "ts": "2026-02-20 09:01:00"}
{"event": "SKIP", "row": 591, "media_id": 97, "reason": "already reviewed", "ts": "2026-02-20 09:01:00"}
{"event": "SKIP", "row": 597, "media_id": 76, "reason": "already reviewed", "ts": "2026-02-20 09:01:00"}
{"event": "SKIP", "row": 595, "media_id": 57, "reason": "already reviewed", "ts": "2026-02-20 09:01:00"}
{"event": "SKIP", "row": 556, "media_id": 35, "reason": "already reviewed", "ts": "2026-02-20 09:01:00"}
{"event": "SKIP", "row": 571, "media_id": 3, "reason": "already reviewed", "ts": "2026-02-20 09:01:00"}
{"event": "SKIP", "row": 598, "media_id": 65, "reason": "already reviewed", "ts": "2026-02-20 09:01:00"}
{"event": "SKIP", "row": 576, "media_id": 42, "reason": "already reviewed", "ts": "2026-02-20 09:01:00"}
{"event": "SKIP", "row": 577, "media_id": 59, "reason": "already reviewed", "ts": "2026-02-20 09:01:00"}
{"event": "SKIP", "row": 602, "media_id": 77, "reason": "already reviewed", "ts": "2026-02-20 09:01:00"}
{"event": "SKIP", "row": 608, "media_id": 14, "reason": "already reviewed", "ts": "2026-02-20 09:01:00"}
{"event": "SKIP", "row": 611, "media_id": 91, "reason": "already reviewed", "ts": "2026-02-20 09:01:00"}
{"event": "SKIP", "row": 603, "media_id": 60, "reason": "already reviewed", "ts": "2026-02-20 09:01:00"}
{"event": "SKIP", "row": 609, "media_id": 11, "reason": "already reviewed", "ts": "2026-02-20 09:01:00"}
{"event": "SKIP", "row": 601, "media_id": 10, "reason": "already reviewed", "ts": "2026-02-20 09:01:00"}
{"event": "SKIP", "row": 604, "media_id": 95, "reason": "already reviewed", "ts": "2026-02-20 09:01:00"}
{"event": "SKIP", "row": 605, "media_id": 74, "reason": "already reviewed", "ts": "2026-02-20 09:01:00"}
{"event": "SKIP", "row": 621, "media_id": 43, "reason": "already reviewed", "ts": "2026-02-20 09:01:00"}
{"event": "SKIP", "row": 607, "media_id": 20, "reason": "already reviewed", "ts": "2026-02-20 09:01:00"}
{"event": "SKIP", "row": 613, "media_id": 21, "reason": "already reviewed", "ts": "2026-02-20 09:01:00"}
{"event": "SKIP", "row": 618, "media_id": 43, "reason": "already reviewed", "ts": "2026-02-20 09:01:00"}
{"event": "SKIP", "row": 617, "media_id": 83, "reason": "already reviewed", "ts": "2026-02-20 09:01:00"}
{"event": "SKIP", "row": 606, "media_id": 78, "reason": "already reviewed", "ts": "2026-02-20 09:01:00"}
{"event": "SKIP", "row": 610, "media_id": 23, "reason": "already reviewed", "ts": "2026-02-20 09:01:00"}
{"event": "SKIP", "row": 622, "media_id": 85, "reason": "already reviewed", "ts": "2026-02-20 09:01:00"}
{"event": "SKIP", "row": 612, "media_id": 68, "reason": "already reviewed", "ts": "2026-02-20 09:01:00"}
{"event": "SKIP", "row": 623, "media_id": 40, "reason": "already reviewed", "ts": "2026-02-20 09:01:00"}
{"event": "SKIP", "row": 627, "media_id": 90, "reason": "already reviewed", "ts": "2026-02-20 09:01:00"}
{"event": "SKIP", "row": 625, "media_id": 72, "reason": "already reviewed", "ts": "2026-02-20 09:01:00"}
{"event": "SKIP", "row": 614, "media_id": 37, "reason": "already reviewed", "ts": "2026-02-20 09:01:00"}
{"event": "SKIP", "row": 615, "media_id": 100, "reason": "already reviewed", "ts": "2026-02-20 09:01:00"}
{"event": "SKIP", "row": 631, "media_id": 44, "reason": "already reviewed", "ts": "2026-02-20 09:01:00"}
{"event": "SKIP", "row": 632, "media_id": 29, "reason": "already reviewed", "ts": "2026-02-20 09:01:00"}
{"event": "SKIP", "row": 635, "media_id": 68, "reason": "already reviewed", "ts": "2026-02-20 09:01:00"}
{"event": "SKIP", "row": 624, "media_id": 77, "reason": "already reviewed", "ts": "2026-02-20 09:01:00"}
{"event": "SKIP", "row": 626, "media_id": 43, "reason": "already reviewed", "ts": "2026-02-20 09:01:00"}
{"event": "SKIP", "row": 636, "media_id": 44, "reason": "already reviewed", "ts": "2026-02-20 09:01:00"}
{"event": "SKIP", "row": 628, "media_id": 83, "reason": "already reviewed", "ts": "2026-02-20 09:01:00"}
{"event": "SKIP", "row": 616, "media_id": 77, "reason": "already reviewed", "ts": "2026-02-20 09:01:00"}
{"event": "SKIP", "row": 638, "media_id": 21, "reason": "already reviewed", "ts": "2026-02-20 09:01:00"}
{"event": "SKIP", "row": 642, "media_id": 93, "reason": "already reviewed", "ts": "2026-02-20 09:01:00"}
{"event": "SKIP", "row": 639, "media_id": 99, "reason": "already reviewed", "ts": "2026-02-20 09:01:00"}
{"event": "SKIP", "row": 633, "media_id": 10, "reason": "already reviewed", "ts": "2026-02-20 09:01:00"}
{"event": "SKIP", "row": 630, "media_id": 40, "reason": "already reviewed", "ts": "2026-02-20 09:01:00"}
{"event": "SKIP", "row": 629, "media_id": 47, "reason": "already reviewed", "ts": "2026-02-20 09:01:00"}
{"event": "SKIP", "row": 650, "media_id": 54, "reason": "already reviewed", "ts": "2026-02-20 09:01:00"}
{"event": "SKIP", "row": 634, "media_id": 65, "reason": "already reviewed", "ts": "2026-02-20 09:01:00"}
{"event": "SKIP", "row": 643, "media_id": 79, "reason": "already reviewed", "ts": "2026-02-20 09:01:00"}
{"event": "SKIP", "row": 619, "media_id": 87, "reason": "already reviewed", "ts": "2026-02-20 09:01:00"}
{"event": "SKIP", "row": 620, "media_id": 33, "reason": "already reviewed", "ts": "2026-02-20 09:01:00"}
{"event": "SKIP", "row": 644, "media_id": 96, "reason": "already reviewed", "ts": "2026-02-20 09:01:00"}
{"event": "SKIP", "row": 649, "media_id": 49, "reason": "already reviewed", "ts": "2026-02-20 09:01:00"}
{"event": "SKIP", "row": 647, "media_id": 87, "reason": "already reviewed", "ts": "2026-02-20 09:01:00"}
{"event": "SKIP", "row": 645, "media_id": 69, "reason": "already reviewed", "ts": "2026-02-20 09:01:00"}
{"event": "SKIP", "row": 641, "media_id": 53, "reason": "already reviewed", "ts": "2026-02-20 09:01:00"}
{"event": "SKIP", "row": 646, "media_id": 61, "reason": "already reviewed", "ts": "2026-02-20 09:01:00"}
{"event": "SKIP", "row": 637, "media_id": 77, "reason": "already reviewed", "ts": "2026-02-20 09:01:00"}
{"event": "SKIP", "row": 640, "media_id": 93, "reason": "already reviewed", "ts": "2026-02-20 09:01:00"}
{"event": "SKIP", "row": 648, "media_id": 60, "reason": "already reviewed", "ts": "2026-02-20 09:01:00"}
{"event": "SKIP", "row": 656, "media_id": 58, "reason": "already reviewed", "ts": "2026-02-20 09:01:00"}
{"event": "SKIP", "row": 668, "media_id": 3, "reason": "already reviewed", "ts": "2026-02-20 09:01:00"}
{"event": "SKIP", "row": 658, "media_id": 58, "reason": "already reviewed", "ts": "2026-02-20 09:01:00"}
{"event": "SKIP", "row": 652, "media_id": 7, "reason": "already reviewed", "ts": "2026-02-20 09:01:00"}
{"event": "SKIP", "row": 669, "media_id": 20, "reason": "already reviewed", "ts": "2026-02-20 09:01:00"}
{"event": "SKIP", "row": 653, "media_id": 71, "reason": "already reviewed", "ts": "2026-02-20 09:01:00"}
{"event": "SKIP", "row": 654, "media_id": 67, "reason": "already reviewed", "ts": "2026-02-20 09:01:00"}
{"event": "SKIP", "row": 667, "media_id": 79, "reason": "already reviewed", "ts": "2026-02-20 09:01:00"}
{"event": "SKIP", "row": 655, "media_id": 11, "reason": "already reviewed", "ts": "2026-02-20 09:01:00"}
{"event": "SKIP", "row": 671, "media_id": 15, "reason": "already reviewed", "ts": "2026-02-20 09:01:00"}
{"event": "SKIP", "row": 657, "media_id": 56, "reason": "already reviewed", "ts": "2026-02-20 09:01:00"}
{"event": "SKIP", "row": 659, "media_id": 54, "reason": "already reviewed", "ts": "2026-02-20 09:01:00"}
{"event": "SKIP", "row": 664, "media_id": 18, "reason": "already reviewed", "ts": "2026-02-20 09:01:00"}
{"event": "SKIP", "row": 672, "media_id": 39, "reason": "already reviewed", "ts": "2026-02-20 09:01:00"}
{"event": "SKIP", "row": 666, "media_id": 91, "reason": "already reviewed", "ts": "2026-02-20 09:01:00"}
{"event": "SKIP", "row": 651, "media_id": 78, "reason": "already reviewed", "ts": "2026-02-20 09:01:00"}
{"event": "SKIP", "row": 662, "media_id": 29, "reason": "already reviewed", "ts": "2026-02-20 09:01:00"}
{"event": "SKIP", "row": 678, "media_id": 92, "reason": "already reviewed", "ts": "2026-02-20 09:01:00"}
{"event": "SKIP", "row": 674, "media_id": 80, "reason": "already reviewed", "ts": "2026-02-20 09:01:00"}
{"event": "SKIP", "row": 682, "media_id": 86, "reason": "already reviewed", "ts": "2026-02-20 09:01:00"}
{"event": "SKIP", "row": 661, "media_id": 50, "reason": "already reviewed", "ts": "2026-02-20 09:01:00"}
{"event": "SKIP", "row": 673, "media_id": 31, "reason": "already reviewed", "ts": "2026-02-20 09:01:00"}
{"event": "SKIP", "row": 660, "media_id": 65, "reason": "already reviewed", "ts": "2026-02-20 09:01:00"}
{"event": "SKIP", "row": 665, "media_id": 61, "reason": "already reviewed", "ts": "2026-02-20 09:01:00"}
{"event": "SKIP", "row": 670, "media_id": 78, "reason": "already reviewed", "ts": "2026-02-20 09:01:00"}
{"event": "SKIP", "row": 663, "media_id": 13, "reason": "already reviewed", "ts": "2026-02-20 09:01:00"}
{"event": "SKIP", "row": 676, "media_id": 69, "reason": "already reviewed", "ts": "2026-02-20 09:01:00"}
{"event": "SKIP", "row": 688, "media_id": 96, "reason": "already reviewed", "ts": "2026-02-20 09:01:00"}
{"event": "SKIP", "row": 675, "media_id": 15, "reason": "already reviewed", "ts": "2026-02-20 09:01:00"}
{"event": "SKIP", "row": 685, "media_id": 71, "reason": "already reviewed", "ts": "2026-02-20 09:01:00"}
{"event": "SKIP", "row": 686, "media_id": 61, "reason": "already reviewed", "ts": "2026-02-20 09:01:00"}
{"event": "SKIP", "row": 679, "media_id": 55, "reason": "already reviewed", "ts": "2026-02-20 09:01:00"}
{"event": "SKIP", "row": 684, "media_id": 70, "reason": "already reviewed", "ts": "2026-02-20 09:01:00"}
{"event": "SKIP", "row": 681, "media_id": 54, "reason": "already reviewed", "ts": "2026-02-20 09:01:00"}
{"event": "SKIP", "row": 689, "media_id": 9, "reason": "already reviewed", "ts": "2026-02-20 09:01:00"}
{"event": "SKIP", "row": 694, "media_id": 88, "reason": "already reviewed", "ts": "2026-02-20 09:01:00"}
{"event": "SKIP", "row": 693, "media_id": 44, "reason": "already reviewed", "ts": "2026-02-20 09:01:00"}
{"event": "SKIP", "row": 690, "media_id": 94, "reason": "already reviewed", "ts": "2026-02-20 09:01:00"}
{"event": "SKIP", "row": 692, "media_id": 6, "reason": "already reviewed", "ts": "2026-02-20 09:01:00"}
{"event": "SKIP", "row": 687, "media_id": 50, "reason": "already reviewed", "ts": "2026-02-20 09:01:00"}
{"event": "SKIP", "row": 683, "media_id": 47, "reason": "already reviewed", "ts": "2026-02-20 09:01:00"}
{"event": "SKIP", "row": 680, "media_id": 46, "reason": "already reviewed", "ts": "2026-02-20 09:01:00"}
{"event": "SKIP", "row": 677, "media_id": 66, "reason": "already reviewed", "ts": "2026-02-20 09:01:00"}
{"event": "SKIP", "row": 696, "media_id": 9, "reason": "already reviewed", "ts": "2026-02-20 09:01:00"}
{"event": "SKIP", "row": 697, "media_id": 38, "reason": "already reviewed", "ts": "2026-02-20 09:01:00"}
{"event": "SKIP", "row": 698, "media_id": 26, "reason": "already reviewed", "ts": "2026-02-20 09:01:00"}
{"event": "SKIP", "row": 699, "media_id": 40, "reason": "already reviewed", "ts": "2026-02-20 09:01:00"}
{"event": "SKIP", "row": 695, "media_id": 62, "reason": "already reviewed", "ts": "2026-02-20 09:01:00"}
{"event": "SKIP", "row": 691, "media_id": 75, "reason": "already reviewed", "ts": "2026-02-20 09:01:00"}
{"event": "SKIP", "row": 700, "media_id": 70, "reason": "already reviewed", "ts": "2026-02-20 09:01:00"}
{"event": "SKIP", "row": 701, "media_id": 5, "reason": "already reviewed", "ts": "2026-02-20 09:01:00"}
{"event": "SKIP", "row": 709, "media_id": 94, "reason": "already reviewed", "ts": "2026-02-20 09:01:00"}
{"event": "SKIP", "row": 703, "media_id": 43, "reason": "already reviewed", "ts": "2026-02-20 09:01:00"}
{"event": "SKIP", "row": 704, "media_id": 48, "reason": "already reviewed", "ts": "2026-02-20 09:01:00"}
{"event": "SKIP", "row": 707, "media_id": 89, "reason": "already reviewed", "ts": "2026-02-20 09:01:00"}
{"event": "SKIP", "row": 713, "media_id": 85, "reason": "already reviewed", "ts": "2026-02-20 09:01:00"}
{"event": "SKIP", "row": 712, "media_id": 14, "reason": "already reviewed", "ts": "2026-02-20 09:01:00"}
{"event": "SKIP", "row": 702, "media_id": 46, "reason": "already reviewed", "ts": "2026-02-20 09:01:00"}
{"event": "SKIP", "row": 717, "media_id": 6, "reason": "already reviewed", "ts": "2026-02-20 09:01:00"}
{"event": "SKIP", "row": 706, "media_id": 44, "reason": "already reviewed", "ts": "2026-02-20 09:01:00"}
{"event": "SKIP", "row": 716, "media_id": 57, "reason": "already reviewed", "ts": "2026-02-20 09:01:00"}
{"event": "SKIP", "row": 720, "media_id": 82, "reason": "already reviewed", "ts": "2026-02-20 09:01:00"}
{"event": "SKIP", "row": 715, "media_id": 55, "reason": "already reviewed", "ts": "2026-02-20 09:01:00"}
{"event": "SKIP", "row": 724, "media_id": 9, "reason": "already reviewed", "ts": "2026-02-20 09:01:00"}
{"event": "SKIP", "row": 719, "media_id": 8, "reason": "already reviewed", "ts": "2026-02-20 09:01:00"}
{"event": "SKIP", "row": 722, "media_id": 19, "reason": "already reviewed", "ts": "2026-02-20 09:01:00"}
{"event": "SKIP", "row": 725, "media_id": 83, "reason": "already reviewed", "ts": "2026-02-20 09:01:00"}
{"event": "SKIP", "row": 708, "media_id": 67, "reason": "already reviewed", "ts": "2026-02-20 09:01:00"}
{"event": "SKIP", "row": 727, "media_id": 78, "reason": "already reviewed", "ts": "2026-02-20 09:01:00"}
{"event": "SKIP", "row": 711, "media_id": 70, "reason": "already reviewed", "ts": "2026-02-20 09:01:00"}
{"event": "SKIP", "row": 726, "media_id": 50, "reason": "already reviewed", "ts": "2026-02-20 09:01:00"}
{"event": "SKIP", "row": 721, "media_id": 66, "reason": "already reviewed", "ts": "2026-02-20 09:01:00"}
{"event": "SKIP", "row": 728, "media_id": 58, "reason": "already reviewed", "ts": "2026-02-20 09:01:00"}
{"event": "SKIP", "row": 731, "media_id": 51, "reason": "already reviewed", "ts": "2026-02-20 09:01:00"}
{"event": "SKIP", "row": 729, "media_id": 57, "reason": "already reviewed", "ts": "2026-02-20 09:01:00"}
{"event": "SKIP", "row": 730, "media_id": 18, "reason": "already reviewed", "ts": "2026-02-20 09:01:00"}
{"event": "SKIP", "row": 705, "media_id": 96, "reason": "already reviewed", "ts": "2026-02-20 09:01:00"}
{"event": "SKIP", "row": 739, "media_id": 18, "reason": "already reviewed", "ts": "2026-02-20 09:01:00"}
{"event": "SKIP", "row": 735, "media_id": 16, "reason": "already reviewed", "ts": "2026-02-20 09:01:00"}
{"event": "SKIP", "row": 733, "media_id": 4, "reason": "already reviewed", "ts": "2026-02-20 09:01:00"}
{"event": "SKIP", "row": 732, "media_id": 36, "reason": "already reviewed", "ts": "2026-02-20 09:01:00"}
{"event": "SKIP", "row": 737, "media_id": 79, "reason": "already reviewed", "ts": "2026-02-20 09:01:00"}
{"event": "SKIP", "row": 740, "media_id": 23, "reason": "already reviewed", "ts": "2026-02-20 09:01:00"}
{"event": "SKIP", "row": 723, "media_id": 57, "reason": "already reviewed", "ts": "2026-02-20 09:01:00"}
{"event": "SKIP", "row": 734, "media_id": 67, "reason": "already reviewed", "ts": "2026-02-20 09:01:00"}
{"event": "SKIP", "row": 747, "media_id": 64, "reason": "already reviewed", "ts": "2026-02-20 09:01:00"}
{"event": "SKIP", "row": 718, "media_id": 56, "reason": "already reviewed", "ts": "2026-02-20 09:01:00"}
{"event": "SKIP", "row": 742, "media_id": 45, "reason": "already reviewed", "ts": "2026-02-20 09:01:00"}
{"event": "SKIP", "row": 736, "media_id": 34, "reason": "already reviewed", "ts": "2026-02-20 09:01:00"}
{"event": "SKIP", "row": 745, "media_id": 66, "reason": "already reviewed", "ts": "2026-02-20 09:01:00"}
{"event": "SKIP", "row": 741, "media_id": 88, "reason": "already reviewed", "ts": "2026-02-20 09:01:00"}
{"event": "SKIP", "row": 750, "media_id": 79, "reason": "already reviewed", "ts": "2026-02-20 09:01:00"}
{"event": "SKIP", "row": 743, "media_id": 70, "reason": "already reviewed", "ts": "2026-02-20 09:01:00"}
{"event": "SKIP", "row": 710, "media_id": 56, "reason": "already reviewed", "ts": "2026-02-20 09:01:00"}
{"event": "SKIP", "row": 714, "media_id": 58, "reason": "already reviewed", "ts": "2026-02-20 09:01:00"}
{"event": "SKIP", "row": 744, "media_id": 21, "reason": "already reviewed", "ts": "2026-02-20 09:01:00"}
{"event": "SKIP", "row": 749, "media_id": 60, "reason": "already reviewed", "ts": "2026-02-20 09:01:00"}
{"event": "SKIP", "row": 738, "media_id": 63, "reason": "already reviewed", "ts": "2026-02-20 09:01:00"}
{"event": "SKIP", "row": 746, "media_id": 26, "reason": "already reviewed", "ts": "2026-02-20 09:01:00"}
{"event": "SKIP", "row": 748, "media_id": 71, "reason": "already reviewed", "ts": "2026-02-20 09:01:00"}
{"event": "SKIP", "row": 753, "media_id": 53, "reason": "already reviewed", "ts": "2026-02-20 09:01:00"}
{"event": "SKIP", "row": 751, "media_id": 40, "reason": "already reviewed", "ts": "2026-02-20 09:01:00"}
{"event": "SKIP", "row": 767, "media_id": 69, "reason": "already reviewed", "ts": "2026-02-20 09:01:00"}
{"event": "SKIP", "row": 759, "media_id": 17, "reason": "already reviewed", "ts": "2026-02-20 09:01:00"}
{"event": "SKIP", "row": 758, "media_id": 76, "reason": "already reviewed", "ts": "2026-02-20 09:01:00"}
{"event": "SKIP", "row": 752, "media_id": 93, "reason": "already reviewed", "ts": "2026-02-20 09:01:00"}
{"event": "SKIP", "row": 762, "media_id": 21, "reason": "already reviewed", "ts": "2026-02-20 09:01:00"}
{"event": "SKIP", "row": 761, "media_id": 20, "reason": "already reviewed", "ts": "2026-02-20 09:01:00"}
{"event": "SKIP", "row": 765, "media_id": 26, "reason": "already reviewed", "ts": "2026-02-20 09:01:00"}
{"event": "SKIP", "row": 768, "media_id": 83, "reason": "already reviewed", "ts": "2026-02-20 09:01:00"}
{"event": "SKIP", "row": 755, "media_id": 83, "reason": "already reviewed", "ts": "2026-02-20 09:01:00"}
{"event": "SKIP", "row": 757, "media_id": 17, "reason": "already reviewed", "ts": "2026-02-20 09:01:00"}
{"event": "SKIP", "row": 773, "media_id": 6, "reason": "already reviewed", "ts": "2026-02-20 09:01:00"}
{"event": "SKIP", "row": 775, "media_id": 74, "reason": "already reviewed", "ts": "2026-02-20 09:01:00"}
{"event": "SKIP", "row": 772, "media_id": 6, "reason": "already reviewed", "ts": "2026-02-20 09:01:00"}
{"event": "SKIP", "row": 766, "media_id": 17, "reason": "already reviewed", "ts": "2026-02-20 09:01:00"}
{"event": "SKIP", "row": 778, "media_id": 83, "reason": "already reviewed", "ts": "2026-02-20 09:01:00"}
{"event": "SKIP", "row": 756, "media_id": 60, "reason": "already reviewed", "ts": "2026-02-20 09:01:00"}
{"event": "SKIP", "row": 776, "media_id": 82, "reason": "already reviewed", "ts": "2026-02-20 09:01:00"}
{"event": "SKIP", "row": 774, "media_id": 84, "reason": "already reviewed", "ts": "2026-02-20 09:01:00"}
{"event": "SKIP", "row": 771, "media_id": 78, "reason": "already reviewed", "ts": "2026-02-20 09:01:00"}
{"event": "SKIP", "row": 779, "media_id": 32, "reason": "already reviewed", "ts": "2026-02-20 09:01:00"}
{"event": "SKIP", "row": 769, "media_id": 75, "reason": "already reviewed", "ts": "2026-02-20 09:01:00"}
{"event": "SKIP", "row": 760, "media_id": 8, "reason": "already reviewed", "ts": "2026-02-20 09:01:00"}
{"event": "SKIP", "row": 780, "media_id": 59, "reason": "already reviewed", "ts": "2026-02-20 09:01:00"}
{"event": "SKIP", "row": 782, "media_id": 54, "reason": "already reviewed", "ts": "2026-02-20 09:01:00"}
{"event": "SKIP", "row": 783, "media_id": 27, "reason": "already reviewed", "ts": "2026-02-20 09:01:00"}
{"event": "SKIP", "row": 781, "media_id": 8, "reason": "already reviewed", "ts": "2026-02-20 09:01:00"}
{"event": "SKIP", "row": 787, "media_id": 72, "reason": "already reviewed", "ts": "2026-02-20 09:01:00"}
{"event": "SKIP", "row": 777, "media_id": 81, "reason": "already reviewed", "ts": "2026-02-20 09:01:00"}
{"event": "SKIP", "row": 785, "media_id": 41, "reason": "already reviewed", "ts": "2026-02-20 09:01:00"}
{"event": "SKIP", "row": 763, "media_id": 29, "reason": "already reviewed", "ts": "2026-02-20 09:01:00"}
{"event": "SKIP", "row": 790, "media_id": 19, "reason": "already reviewed", "ts": "2026-02-20 09:01:00"}
{"event": "SKIP", "row": 792, "media_id": 54, "reason": "already reviewed", "ts": "2026-02-20 09:01:00"}
{"event": "SKIP", "row": 786, "media_id": 17, "reason": "already reviewed", "ts": "2026-02-20 09:01:00"}
{"event": "SKIP", "row": 784, "media_id": 19, "reason": "already reviewed", "ts": "2026-02-20 09:01:00"}
{"event": "SKIP", "row": 796, "media_id": 60, "reason": "already reviewed", "ts": "2026-02-20 09:01:00"}
{"event": "SKIP", "row": 794, "media_id": 41, "reason": "already reviewed", "ts": "2026-02-20 09:01:00"}
{"event": "SKIP", "row": 795, "media_id": 21, "reason": "already reviewed", "ts": "2026-02-20 09:01:00"}
{"event": "SKIP", "row": 800, "media_id": 46, "reason": "already reviewed", "ts": "2026-02-20 09:01:00"}
{"event": "SKIP", "row": 793, "media_id": 42, "reason": "already reviewed", "ts": "2026-02-20 09:01:00"}
{"event": "SKIP", "row": 788, "media_id": 31, "reason": "already reviewed", "ts": "2026-02-20 09:01:00"}
{"event": "SKIP", "row": 789, "media_id": 35, "reason": "already reviewed", "ts": "2026-02-20 09:01:00"}
{"event": "SKIP", "row": 754, "media_id": 10, "reason": "already reviewed", "ts": "2026-02-20 09:01:00"}
{"event": "SKIP", "row": 770, "media_id": 85, "reason": "already reviewed", "ts": "2026-02-20 09:01:00"}
{"event": "SKIP", "row": 791, "media_id": 38, "reason": "already reviewed", "ts": "2026-02-20 09:01:00"}
{"event": "SKIP", "row": 764, "media_id": 37, "reason": "already reviewed", "ts": "2026-02-20 09:01:00"}
{"event": "SKIP", "row": 798, "media_id": 51, "reason": "already reviewed", "ts": "2026-02-20 09:01:00"}
{"event": "SKIP", "row": 797, "media_id": 64, "reason": "already reviewed", "ts": "2026-02-20 09:01:00"}
{"event": "SKIP", "row": 799, "media_id": 31, "reason": "already reviewed", "ts": "2026-02-20 09:01:00"}
{"event": "SKIP", "row": 805, "media_id": 94, "reason": "already reviewed", "ts": "2026-02-20 09:01:00"}
{"event": "SKIP", "row": 807, "media_id": 52, "reason": "already reviewed", "ts": "2026-02-20 09:01:00"}
{"event": "SKIP", "row": 809, "media_id": 71, "reason": "already reviewed", "ts": "2026-02-20 09:01:00"}
{"event": "SKIP", "row": 801, "media_id": 37, "reason": "already reviewed", "ts": "2026-02-20 09:01:00"}
{"event": "SKIP", "row": 812, "media_id": 80, "reason": "already reviewed", "ts": "2026-02-20 09:01:00"}
{"event": "SKIP", "row": 818, "media_id": 5, "reason": "already reviewed", "ts": "2026-02-20 09:01:00"}
{"event": "SKIP", "row": 808, "media_id": 72, "reason": "already reviewed", "ts": "2026-02-20 09:01:00"}
{"event": "SKIP", "row": 802, "media_id": 84, "reason": "already reviewed", "ts": "2026-02-20 09:01:00"}
{"event": "SKIP", "row": 816, "media_id": 78, "reason": "already reviewed", "ts": "2026-02-20 09:01:00"}
{"event": "SKIP", "row": 803, "media_id": 69, "reason": "already reviewed", "ts": "2026-02-20 09:01:00"}
{"event": "SKIP", "row": 806, "media_id": 52, "reason": "already reviewed", "ts": "2026-02-20 09:01:00"}
{"event": "SKIP", "row": 821, "media_id": 66, "reason": "already reviewed", "ts": "2026-02-20 09:01:00"}
{"event": "SKIP", "row": 820, "media_id": 59, "reason": "already reviewed", "ts": "2026-02-20 09:01:00"}
{"event": "SKIP", "row": 822, "media_id": 79, "reason": "already reviewed", "ts": "2026-02-20 09:01:00"}
{"event": "SKIP", "row": 823, "media_id": 51, "reason": "already reviewed", "ts": "2026-02-20 09:01:00"}
{"event": "SKIP", "row": 819, "media_id": 43, "reason": "already reviewed", "ts": "2026-02-20 09:01:00"}
{"event": "SKIP", "row": 804, "media_id": 56, "reason": "already reviewed", "ts": "2026-02-20 09:01:00"}
{"event": "SKIP", "row": 829, "media_id": 75, "reason": "already reviewed", "ts": "2026-02-20 09:01:00"}
{"event": "SKIP", "row": 811, "media_id": 98, "reason": "already reviewed", "ts": "2026-02-20 09:01:00"}
{"event": "SKIP", "row": 814, "media_id": 48, "reason": "already reviewed", "ts": "2026-02-20 09:01:00"}
{"event": "SKIP", "row": 828, "media_id": 43, "reason": "already reviewed", "ts": "2026-02-20 09:01:00"}
{"event": "SKIP", "row": 833, "media_id": 30, "reason": "already reviewed", "ts": "2026-02-20 09:01:00"}
{"event": "SKIP", "row": 830, "media_id": 89, "reason": "already reviewed", "ts": "2026-02-20 09:01:00"}
{"event": "SKIP", "row": 834, "media_id": 62, "reason": "already reviewed", "ts": "2026-02-20 09:01:00"}
{"event": "SKIP", "row": 831, "media_id": 61, "reason": "already reviewed", "ts": "2026-02-20 09:01:00"}
{"event": "SKIP", "row": 824, "media_id": 39, "reason": "already reviewed", "ts": "2026-02-20 09:01:00"}
{"event": "SKIP", "row": 842, "media_id": 65, "reason": "already reviewed", "ts": "2026-02-20 09:01:00"}
{"event": "SKIP", "row": 826, "media_id": 63, "reason": "already reviewed", "ts": "2026-02-20 09:01:00"}
{"event": "SKIP", "row": 835, "media_id": 81, "reason": "already reviewed", "ts": "2026-02-20 09:01:00"}
{"event": "SKIP", "row": 827, "media_id": 61, "reason": "already reviewed", "ts": "2026-02-20 09:01:00"}
{"event": "SKIP", "row": 810, "media_id": 50, "reason": "already reviewed", "ts": "2026-02-20 09:01:00"}
{"event": "SKIP", "row": 840, "media_id": 54, "reason": "already reviewed", "ts": "2026-02-20 09:01:00"}
{"event": "SKIP", "row": 837, "media_id": 32, "reason": "already reviewed", "ts": "2026-02-20 09:01:00"}
{"event": "SKIP", "row": 844, "media_id": 18, "reason": "already reviewed", "ts": "2026-02-20 09:01:00"}
{"event": "SKIP", "row": 815, "media_id": 47, "reason": "already reviewed", "ts": "2026-02-20 09:01:00"}
{"event": "SKIP", "row": 832, "media_id": 100, "reason": "already reviewed", "ts": "2026-02-20 09:01:00"}
{"event": "SKIP", "row": 825, "media_id": 65, "reason": "already reviewed", "ts": "2026-02-20 09:01:00"}
{"event": "SKIP", "row": 845, "media_id": 72, "reason": "already reviewed", "ts": "2026-02-20 09:01:00"}
{"event": "SKIP", "row": 848, "media_id": 69, "reason": "already reviewed", "ts": "2026-02-20 09:01:00"}
{"event": "SKIP", "row": 839, "media_id": 3, "reason": "already reviewed", "ts": "2026-02-20 09:01:00"}
{"event": "SKIP", "row": 836, "media_id": 49, "reason": "already reviewed", "ts": "2026-02-20 09:01:00"}
{"event": "SKIP", "row": 846, "media_id": 62, "reason": "already reviewed", "ts": "2026-02-20 09:01:00"}
{"event": "SKIP", "row": 838, "media_id": 90, "reason": "already reviewed", "ts": "2026-02-20 09:01:00"}
{"event": "SKIP", "row": 813, "media_id": 17, "reason": "already reviewed", "ts": "2026-02-20 09:01:00"}
{"event": "SKIP", "row": 850, "media_id": 62, "reason": "already reviewed", "ts": "2026-02-20 09:01:00"}
{"event": "SKIP", "row": 843, "media_id": 95, "reason": "already reviewed", "ts": "2026-02-20 09:01:00"}
{"event": "SKIP", "row": 847, "media_id": 41, "reason": "already reviewed", "ts": "2026-02-20 09:01:00"}
{"event": "SKIP", "row": 849, "media_id": 46, "reason": "already reviewed", "ts": "2026-02-20 09:01:00"}
{"event": "SKIP", "row": 841, "media_id": 89, "reason": "already reviewed", "ts": "2026-02-20 09:01:00"}
{"event": "SKIP", "row": 817, "media_id": 65, "reason": "already reviewed", "ts": "2026-02-20 09:01:00"}
{"event": "SKIP", "row": 855, "media_id": 62, "reason": "already reviewed", "ts": "2026-02-20 09:01:00"}
{"event": "SKIP", "row": 861, "media_id": 11, "reason": "already reviewed", "ts": "2026-02-20 09:01:00"}
{"event": "SKIP", "row": 854, "media_id": 91, "reason": "already reviewed", "ts": "2026-02-20 09:01:00"}
{"event": "SKIP", "row": 866, "media_id": 14, "reason": "already reviewed", "ts": "2026-02-20 09:01:00"}
{"event": "SKIP", "row": 851, "media_id": 36, "reason": "already reviewed", "ts": "2026-02-20 09:01:00"}
{"event": "SKIP", "row": 853, "media_id": 37, "reason": "already reviewed", "ts": "2026-02-20 09:01:00"}
{"event": "SKIP", "row": 862, "media_id": 84, "reason": "already reviewed", "ts": "2026-02-20 09:01:00"}
{"event": "SKIP", "row": 863, "media_id": 62, "reason": "already reviewed", "ts": "2026-02-20 09:01:00"}
{"event": "SKIP", "row": 858, "media_id": 70, "reason": "already reviewed", "ts": "2026-02-20 09:01:00"}
{"event": "SKIP", "row": 872, "media_id": 88, "reason": "already reviewed", "ts": "2026-02-20 09:01:00"}
{"event": "SKIP", "row": 860, "media_id": 6, "reason": "already reviewed", "ts": "2026-02-20 09:01:00"}
{"event": "SKIP", "row": 871, "media_id": 92, "reason": "already reviewed", "ts": "2026-02-20 09:01:00"}
{"event": "SKIP", "row": 859, "media_id": 45, "reason": "already reviewed", "ts": "2026-02-20 09:01:00"}
{"event": "SKIP", "row": 869, "media_id": 82, "reason": "already reviewed", "ts": "2026-02-20 09:01:00"}
{"event": "SKIP", "row": 870, "media_id": 13, "reason": "already reviewed", "ts": "2026-02-20 09:01:00"}
{"event": "SKIP", "row": 865, "media_id": 90, "reason": "already reviewed", "ts": "2026-02-20 09:01:00"}
{"event": "SKIP", "row": 864, "media_id": 69, "reason": "already reviewed", "ts": "2026-02-20 09:01:00"}
{"event": "SKIP", "row": 874, "media_id": 84, "reason": "already reviewed", "ts": "2026-02-20 09:01:00"}
{"event": "SKIP", "row": 873, "media_id": 71, "reason": "already reviewed", "ts": "2026-02-20 09:01:00"}
{"event": "SKIP", "row": 856, "media_id": 93, "reason": "already reviewed", "ts": "2026-02-20 09:01:00"}
{"event": "SKIP", "row": 867, "media_id": 76, "reason": "already reviewed", "ts": "2026-02-20 09:01:00"}
{"event": "SKIP", "row": 878, "media_id": 12, "reason": "already reviewed", "ts": "2026-02-20 09:01:00"}
{"event": "SKIP", "row": 857, "media_id": 16, "reason": "already reviewed", "ts": "2026-02-20 09:01:00"}
{"event": "SKIP", "row": 881, "media_id": 51, "reason": "already reviewed", "ts": "2026-02-20 09:01:00"}
{"event": "SKIP", "row": 852, "media_id": 29, "reason": "already reviewed", "ts": "2026-02-20 09:01:00"}
{"event": "SKIP", "row": 880, "media_id": 54, "reason": "already reviewed", "ts": "2026-02-20 09:01:00"}
{"event": "SKIP", "row": 877, "media_id": 83, "reason": "already reviewed", "ts": "2026-02-20 09:01:00"}
{"event": "SKIP", "row": 886, "media_id": 70, "reason": "already reviewed", "ts": "2026-02-20 09:01:00"}
{"event": "SKIP", "row": 879, "media_id": 69, "reason": "already reviewed", "ts": "2026-02-20 09:01:00"}
{"event": "SKIP", "row": 883, "media_id": 2, "reason": "already reviewed", "ts": "2026-02-20 09:01:00"}
{"event": "SKIP", "row": 876, "media_id": 37, "reason": "already reviewed", "ts": "2026-02-20 09:01:00"}
{"event": "SKIP", "row": 868, "media_id": 7, "reason": "already reviewed", "ts": "2026-02-20 09:01:00"}
{"event": "SKIP", "row": 887, "media_id": 18, "reason": "already reviewed", "ts": "2026-02-20 09:01:00"}
{"event": "SKIP", "row": 890, "media_id": 59, "reason": "already reviewed", "ts": "2026-02-20 09:01:00"}
{"event": "SKIP", "row": 894, "media_id": 79, "reason": "already reviewed", "ts": "2026-02-20 09:01:00"}
{"event": "SKIP", "row": 882, "media_id": 96, "reason": "already reviewed", "ts": "2026-02-20 09:01:00"}
{"event": "SKIP", "row": 889, "media_id": 43, "reason": "already reviewed", "ts": "2026-02-20 09:01:00"}
{"event": "SKIP", "row": 892, "media_id": 44, "reason": "already reviewed", "ts": "2026-02-20 09:01:00"}
{"event": "SKIP", "row": 891, "media_id": 24, "reason": "already reviewed", "ts": "2026-02-20 09:01:00"}
{"event": "SKIP", "row": 875, "media_id": 84, "reason": "already reviewed", "ts": "2026-02-20 09:01:00"}
{"event": "SKIP", "row": 896, "media_id": 52, "reason": "already reviewed", "ts": "2026-02-20 09:01:00"}
{"event": "SKIP", "row": 888, "media_id": 35, "reason": "already reviewed", "ts": "2026-02-20 09:01:00"}
{"event": "SKIP", "row": 899, "media_id": 50, "reason": "already reviewed", "ts": "2026-02-20 09:01:00"}
{"event": "SKIP", "row": 885, "media_id": 37, "reason": "already reviewed", "ts": "2026-02-20 09:01:00"}
{"event": "SKIP", "row": 895, "media_id": 66, "reason": "already reviewed", "ts": "2026-02-20 09:01:00"}
{"event": "SKIP", "row": 884, "media_id": 78, "reason": "already reviewed", "ts": "2026-02-20 09:01:00"}
{"event": "SKIP", "row": 893, "media_id": 87, "reason": "already reviewed", "ts": "2026-02-20 09:01:00"}
{"event": "SKIP", "row": 898, "media_id": 32, "reason": "already reviewed", "ts": "2026-02-20 09:01:00"}
{"event": "SKIP", "row": 897, "media_id": 18, "reason": "already reviewed", "ts": "2026-02-20 09:01:00"}
{"event": "SKIP", "row": 900, "media_id": 97, "reason": "already reviewed", "ts": "2026-02-20 09:01:00"}
{"event": "SKIP", "row": 901, "media_id": 39, "reason": "already reviewed", "ts": "2026-02-20 09:01:00"}
{"event": "SKIP", "row": 912, "media_id": 54, "reason": "already reviewed", "ts": "2026-02-20 09:01:00"}
{"event": "SKIP", "row": 903, "media_id": 84, "reason": "already reviewed", "ts": "2026-02-20 09:01:00"}
{"event": "SKIP", "row": 919, "media_id": 71, "reason": "already reviewed", "ts": "2026-02-20 09:01:00"}
{"event": "SKIP", "row": 914, "media_id": 28, "reason": "already reviewed", "ts": "2026-02-20 09:01:00"}
{"event": "SKIP", "row": 902, "media_id": 74, "reason": "already reviewed", "ts": "2026-02-20 09:01:00"}
{"event": "SKIP", "row": 915, "media_id": 97, "reason": "already reviewed", "ts": "2026-02-20 09:01:00"}
{"event": "SKIP", "row": 908, "media_id": 16, "reason": "already reviewed", "ts": "2026-02-20 09:01:00"}
{"event": "SKIP", "row": 904, "media_id": 31, "reason": "already reviewed", "ts": "2026-02-20 09:01:00"}
{"event": "SKIP", "row": 910, "media_id": 18, "reason": "already reviewed", "ts": "2026-02-20 09:01:00"}
{"event": "SKIP", "row": 916, "media_id": 68, "reason": "already reviewed", "ts": "2026-02-20 09:01:00"}
{"event": "SKIP", "row": 909, "media_id": 79, "reason": "already reviewed", "ts": "2026-02-20 09:01:00"}
{"event": "SKIP", "row": 917, "media_id": 91, "reason": "already reviewed", "ts": "2026-02-20 09:01:00"}
{"event": "SKIP", "row": 925, "media_id": 8, "reason": "already reviewed", "ts": "2026-02-20 09:01:00"}
{"event": "SKIP", "row": 918, "media_id": 73, "reason": "already reviewed", "ts": "2026-02-20 09:01:00"}
{"event": "SKIP", "row": 923, "media_id": 27, "reason": "already reviewed", "ts": "2026-02-20 09:01:00"}
{"event": "SKIP", "row": 913, "media_id": 97, "reason": "already reviewed", "ts": "2026-02-20 09:01:00"}
{"event": "SKIP", "row": 927, "media_id": 73, "reason": "already reviewed", "ts": "2026-02-20 09:01:00"}
{"event": "SKIP", "row": 928, "media_id": 60, "reason": "already reviewed", "ts": "2026-02-20 09:01:00"}
{"event": "SKIP", "row": 922, "media_id": 57, "reason": "already reviewed", "ts": "2026-02-20 09:01:00"}
{"event": "SKIP", "row": 911, "media_id": 59, "reason": "already reviewed", "ts": "2026-02-20 09:01:00"}
{"event": "SKIP", "row": 936, "media_id": 83, "reason": "already reviewed", "ts": "2026-02-20 09:01:00"}
{"event": "SKIP", "row": 905, "media_id": 16, "reason": "already reviewed", "ts": "2026-02-20 09:01:00"}
{"event": "SKIP", "row": 924, "media_id": 12, "reason": "already reviewed", "ts": "2026-02-20 09:01:00"}
{"event": "SKIP", "row": 920, "media_id": 74, "reason": "already reviewed", "ts": "2026-02-20 09:01:00"}
{"event": "SKIP", "row": 932, "media_id": 45, "reason": "already reviewed", "ts": "2026-02-20 09:01:00"}
{"event": "SKIP", "row": 921, "media_id": 22, "reason": "already reviewed", "ts": "2026-02-20 09:01:00"}
{"event": "SKIP", "row": 929, "media_id": 3, "reason": "already reviewed", "ts": "2026-02-20 09:01:00"}
{"event": "SKIP", "row": 933, "media_id": 8, "reason": "already reviewed", "ts": "2026-02-20 09:01:00"}
{"event": "SKIP", "row": 906, "media_id": 21, "reason": "already reviewed", "ts": "2026-02-20 09:01:00"}
{"event": "SKIP", "row": 931, "media_id": 10, "reason": "already reviewed", "ts": "2026-02-20 09:01:00"}
{"event": "SKIP", "row": 942, "media_id": 68, "reason": "already reviewed", "ts": "2026-02-20 09:01:00"}
{"event": "SKIP", "row": 937, "media_id": 49, "reason": "already reviewed", "ts": "2026-02-20 09:01:00"}
{"event": "SKIP", "row": 926, "media_id": 66, "reason": "already reviewed", "ts": "2026-02-20 09:01:00"}
{"event": "SKIP", "row": 940, "media_id": 84, "reason": "already reviewed", "ts": "2026-02-20 09:01:00"}
{"event": "SKIP", "row": 930, "media_id": 1, "reason": "already reviewed", "ts": "2026-02-20 09:01:00"}
{"event": "SKIP", "row": 935, "media_id": 24, "reason": "already reviewed", "ts": "2026-02-20 09:01:00"}
{"event": "SKIP", "row": 907, "media_id": 65, "reason": "already reviewed", "ts": "2026-02-20 09:01:00"}
{"event": "SKIP", "row": 938, "media_id": 49, "reason": "already reviewed", "ts": "2026-02-20 09:01:00"}
{"event": "SKIP", "row": 943, "media_id": 29, "reason": "already reviewed", "ts": "2026-02-20 09:01:00"}
{"event": "SKIP", "row": 941, "media_id": 23, "reason": "already reviewed", "ts": "2026-02-20 09:01:00"}
{"event": "SKIP", "row": 939, "media_id": 85, "reason": "already reviewed", "ts": "2026-02-20 09:01:00"}
{"event": "SKIP", "row": 949, "media_id": 93, "reason": "already reviewed", "ts": "2026-02-20 09:01:00"}
{"event": "SKIP", "row": 934, "media_id": 5, "reason": "already reviewed", "ts": "2026-02-20 09:01:00"}
{"event": "SKIP", "row": 944, "media_id": 3, "reason": "already reviewed", "ts": "2026-02-20 09:01:00"}
{"event": "SKIP", "row": 947, "media_id": 32, "reason": "already reviewed", "ts": "2026-02-20 09:01:00"}
{"event": "SKIP", "row": 946, "media_id": 69, "reason": "already reviewed", "ts": "2026-02-20 09:01:00"}
{"event": "SKIP", "row": 950, "media_id": 85, "reason": "already reviewed", "ts": "2026-02-20 09:01:00"}
{"event": "SKIP", "row": 948, "media_id": 20, "reason": "already reviewed", "ts": "2026-02-20 09:01:00"}
{"event": "SKIP", "row": 945, "media_id": 87, "reason": "already reviewed", "ts": "2026-02-20 09:01:00"}
{"event": "SKIP", "row": 958, "media_id": 65, "reason": "already reviewed", "ts": "2026-02-20 09:01:00"}
{"event": "SKIP", "row": 954, "media_id": 77, "reason": "already reviewed", "ts": "2026-02-20 09:01:00"}
{"event": "SKIP", "row": 957, "media_id": 28, "reason": "already reviewed", "ts": "2026-02-20 09:01:00"}
{"event": "SKIP", "row": 951, "media_id": 99, "reason": "already reviewed", "ts": "2026-02-20 09:01:00"}
{"event": "SKIP", "row": 966, "media_id": 23, "reason": "already reviewed", "ts": "2026-02-20 09:01:00"}
{"event": "SKIP", "row": 961, "media_id": 87, "reason": "already reviewed", "ts": "2026-02-20 09:01:00"}
{"event": "SKIP", "row": 970, "media_id": 20, "reason": "already reviewed", "ts": "2026-02-20 09:01:00"}
{"event": "SKIP", "row": 956, "media_id": 57, "reason": "already reviewed", "ts": "2026-02-20 09:01:00"}
{"event": "SKIP", "row": 960, "media_id": 74, "reason": "already reviewed", "ts": "2026-02-20 09:01:00"}
{"event": "SKIP", "row": 969, "media_id": 41, "reason": "already reviewed", "ts": "2026-02-20 09:01:00"}
{"event": "SKIP", "row": 952, "media_id": 27, "reason": "already reviewed", "ts": "2026-02-20 09:01:00"}
{"event": "SKIP", "row": 968, "media_id": 83, "reason": "already reviewed", "ts": "2026-02-20 09:01:00"}
{"event": "SKIP", "row": 967, "media_id": 64, "reason": "already reviewed", "ts": "2026-02-20 09:01:00"}
{"event": "SKIP", "row": 965, "media_id": 72, "reason": "already reviewed", "ts": "2026-02-20 09:01:00"}
{"event": "SKIP", "row": 973, "media_id": 91, "reason": "already reviewed", "ts": "2026-02-20 09:01:00"}
{"event": "SKIP", "row": 962, "media_id": 39, "reason": "already reviewed", "ts": "2026-02-20 09:01:00"}
{"event": "SKIP", "row": 963, "media_id": 67, "reason": "already reviewed", "ts": "2026-02-20 09:01:00"}
{"event": "SKIP", "row": 959, "media_id": 94, "reason": "already reviewed", "ts": "2026-02-20 09:01:00"}
{"event": "SKIP", "row": 979, "media_id": 48, "reason": "already reviewed", "ts": "2026-02-20 09:01:00"}
{"event": "SKIP", "row": 971, "media_id": 24, "reason": "already reviewed", "ts": "2026-02-20 09:01:00"}
{"event": "SKIP", "row": 974, "media_id": 8, "reason": "already reviewed", "ts": "2026-02-20 09:01:00"}
{"event": "SKIP", "row": 983, "media_id": 10, "reason": "already reviewed", "ts": "2026-02-20 09:01:00"}
{"event": "SKIP", "row": 964, "media_id": 39, "reason": "already reviewed", "ts": "2026-02-20 09:01:00"}
{"event": "SKIP", "row": 953, "media_id": 77, "reason": "already reviewed", "ts": "2026-02-20 09:01:00"}
{"event": "SKIP", "row": 978, "media_id": 83, "reason": "already reviewed", "ts": "2026-02-20 09:01:00"}
{"event": "SKIP", "row": 982, "media_id": 78, "reason": "already reviewed", "ts": "2026-02-20 09:01:00"}
{"event": "SKIP", "row": 980, "media_id": 93, "reason": "already reviewed", "ts": "2026-02-20 09:01:00"}
{"event": "SKIP", "row": 976, "media_id": 18, "reason": "already reviewed", "ts": "2026-02-20 09:01:00"}
{"event": "SKIP", "row": 972, "media_id": 31, "reason": "already reviewed", "ts": "2026-02-20 09:01:00"}
{"event": "SKIP", "row": 977, "media_id": 33, "reason": "already reviewed", "ts": "2026-02-20 09:01:00"}
{"event": "SKIP", "row": 975, "media_id": 54, "reason": "already reviewed", "ts": "2026-02-20 09:01:00"}
{"event": "SKIP", "row": 992, "media_id": 37, "reason": "already reviewed", "ts": "2026-02-20 09:01:00"}
{"event": "SKIP", "row": 955, "media_id": 95, "reason": "already reviewed", "ts": "2026-02-20 09:01:00"}
{"event": "SKIP", "row": 984, "media_id": 76, "reason": "already reviewed", "ts": "2026-02-20 09:01:00"}
{"event": "SKIP", "row": 989, "media_id": 90, "reason": "already reviewed", "ts": "2026-02-20 09:01:00"}
{"event": "SKIP", "row": 981, "media_id": 35, "reason": "already reviewed", "ts": "2026-02-20 09:01:00"}
{"event": "SKIP", "row": 988, "media_id": 97, "reason": "already reviewed", "ts": "2026-02-20 09:01:00"}
{"event": "SKIP", "row": 995, "media_id": 64, "reason": "already reviewed", "ts": "2026-02-20 09:01:00"}
{"event": "SKIP", "row": 986, "media_id": 39, "reason": "already reviewed", "ts": "2026-02-20 09:01:00"}
{"event": "SKIP", "row": 985, "media_id": 62, "reason": "already reviewed", "ts": "2026-02-20 09:01:00"}
{"event": "SKIP", "row": 997, "media_id": 41, "reason": "already reviewed", "ts": "2026-02-20 09:01:00"}
{"event": "SKIP", "row": 991, "media_id": 71, "reason": "already reviewed", "ts": "2026-02-20 09:01:00"}
{"event": "SKIP", "row": 990, "media_id": 27, "reason": "already reviewed", "ts": "2026-02-20 09:01:00"}
{"event": "SKIP", "row": 987, "media_id": 25, "reason": "already reviewed", "ts": "2026-02-20 09:01:00"}
{"event": "SKIP", "row": 996, "media_id": 93, "reason": "already reviewed", "ts": "2026-02-20 09:01:00"}
{"event": "SKIP", "row": 999, "media_id": 73, "reason": "already reviewed", "ts": "2026-02-20 09:01:00"}
{"event": "SKIP", "row": 993, "media_id": 69, "reason": "already reviewed", "ts": "2026-02-20 09:01:00"}
{"event": "SKIP", "row": 998, "media_id": 41, "reason": "already reviewed", "ts": "2026-02-20 09:01:00"}
{"event": "SKIP", "row": 994, "media_id": 34, "reason": "already reviewed", "ts": "2026-02-20 09:01:00"}
{"event": "SKIP", "row": 1000, "media_id": 19, "reason": "already reviewed", "ts": "2026-02-20 09:01:00"}
{"event": "BULK_DONE", "file": "reviews.csv", "total": 1000, "success": 109, "skipped": 891, "failed": 0, "elapsed_sec": 2.75, "ts": "2026-02-20 09:01:00"}
